Number,Name,TISS,TUWEL,Registration Start,Registration End,Deregistration End
011.001,Verständliche Wissenschaft - Lehren in der Kinderuni,https://tiss.tuwien.ac.at/course/courseDetails.xhtml?courseNr=011001,,2026-02-14T00:00:00,2026-04-12T23:59:00,
015.082,Technology exploitation,https://tiss.tuwien.ac.at/course/courseDetails.xhtml?courseNr=015082,,2026-08-26T08:00:00,2026-11-12T20:00:00,2026-11-13T20:00:00
015.087,"E-Tutoring, Moderation of E-Learning",https://tiss.tuwien.ac.at/course/courseDetails.xhtml?courseNr=015087,,2026-09-01T08:00:00,2026-10-19T23:00:00,2026-10-19T23:00:00
015.664,Entrepreneurship,https://tiss.tuwien.ac.at/course/courseDetails.xhtml?courseNr=015664,,2026-08-31T08:00:00,2026-09-29T12:00:00,
,,https://tiss.tuwien.ac.at/course/courseDetails.xhtml?courseNr=017,,,,
034.003,"Technik und Gender, Grundlagenvorlesung für IngenieurwissenschafterInnen",https://tiss.tuwien.ac.at/course/courseDetails.xhtml?courseNr=034003,https://tuwel.tuwien.ac.at/course/view.php?id=81665,2026-01-29T00:00:00,,
034.004,Was hat Gender mit dem Technikstudium zu tun?,https://tiss.tuwien.ac.at/course/courseDetails.xhtml?courseNr=034004,,2026-08-25T12:00:00,2026-10-12T23:59:00,2026-10-12T23:59:00
034.009,Gender- und Diversitätskompetenz,https://tiss.tuwien.ac.at/course/courseDetails.xhtml?courseNr=034009,https://tuwel.tuwien.ac.at/course/view.php?id=78855,2026-02-16T12:00:00,2026-03-05T18:00:00,
034.011,"Masculinities and Technologies: Relations, Ambivalences, Implications",https://tiss.tuwien.ac.at/course/courseDetails.xhtml?courseNr=034011,,2026-08-31T09:00:00,,
034.012,Technology and Ethics,https://tiss.tuwien.ac.at/course/courseDetails.xhtml?courseNr=034012,https://tuwel.tuwien.ac.at/course/view.php?id=74642,2025-09-01T09:00:00,2025-10-02T23:59:00,
034.015,Introduction to diversity management,https://tiss.tuwien.ac.at/course/courseDetails.xhtml?courseNr=034015,,2026-02-13T12:00:00,2026-03-04T00:00:00,2026-03-04T00:00:00
034.016,Feminist technology studies,https://tiss.tuwien.ac.at/course/courseDetails.xhtml?courseNr=034016,https://tuwel.tuwien.ac.at/course/view.php?id=78852,2026-01-28T09:00:00,2026-03-03T23:42:00,
034.021,Sustainability & Diversity in Research and Development,https://tiss.tuwien.ac.at/course/courseDetails.xhtml?courseNr=034021,https://tuwel.tuwien.ac.at/course/view.php?id=79476,2026-02-11T12:00:00,2026-03-02T23:59:00,2026-03-02T23:59:00
034.025,VO Who cares? Social responsibility in science and technology development,https://tiss.tuwien.ac.at/course/courseDetails.xhtml?courseNr=034025,,2024-09-05T00:00:00,,
034.026,Who cares? Social responsibility in science and technology development,https://tiss.tuwien.ac.at/course/courseDetails.xhtml?courseNr=034026,https://tuwel.tuwien.ac.at/course/view.php?id=78849,2025-09-30T12:00:00,2026-03-07T23:59:00,2026-03-07T23:59:00
034.027,"Masculinities and technologies - approaches, theories and concepts for advanced exploration",https://tiss.tuwien.ac.at/course/courseDetails.xhtml?courseNr=034027,https://tuwel.tuwien.ac.at/course/view.php?id=78846,2026-01-31T12:00:00,2026-03-02T23:59:00,2026-03-02T23:59:00
034.028,femTUconnect – feminist networks,https://tiss.tuwien.ac.at/course/courseDetails.xhtml?courseNr=034028,,2026-09-07T09:00:00,2026-10-04T23:59:00,2026-10-07T23:59:00
034.029,Gendered & Inclusive Innovations,https://tiss.tuwien.ac.at/course/courseDetails.xhtml?courseNr=034029,https://tuwel.tuwien.ac.at/course/view.php?id=82045,2026-09-23T12:00:00,2026-10-05T16:00:00,2026-10-05T16:00:00
040.007,Data Literacy: 3D Visualisation in Virtual Reality,https://tiss.tuwien.ac.at/course/courseDetails.xhtml?courseNr=040007,,2026-08-31T00:00:00,2026-10-01T11:00:00,
056.004,Ethics and Responsibility; Introduction to responsible research practice,https://tiss.tuwien.ac.at/course/courseDetails.xhtml?courseNr=056004,,2026-08-14T08:00:00,2026-09-30T23:59:00,2026-10-31T23:59:00
056.008,"Accompanying seminar for mentors of the ""Peer2Peer DOC – The Mentoring Program of the TU Wien Doctoral School""",https://tiss.tuwien.ac.at/course/courseDetails.xhtml?courseNr=056008,,2026-08-31T09:00:00,2026-10-30T23:00:00,
056.009,Transferable Skills for SOLVER Doctoral Students,https://tiss.tuwien.ac.at/course/courseDetails.xhtml?courseNr=056009,,,,
056.010,Research Skills for SOLVER Doctoral Students,https://tiss.tuwien.ac.at/course/courseDetails.xhtml?courseNr=056010,,,,
057.020,ASC-School I Courses in High Performance Computing,https://tiss.tuwien.ac.at/course/courseDetails.xhtml?courseNr=057020,,,,
057.021,ASC-School II Courses in High Performance Computing,https://tiss.tuwien.ac.at/course/courseDetails.xhtml?courseNr=057021,,,,
057.023,Advanced Crystallography,https://tiss.tuwien.ac.at/course/courseDetails.xhtml?courseNr=057023,,,,
057.028,Syntax-based Japanese I,https://tiss.tuwien.ac.at/course/courseDetails.xhtml?courseNr=057028,,2026-09-21T08:00:00,2026-10-30T16:30:00,2026-10-30T23:00:00
057.030,Syntax-based Japanese I,https://tiss.tuwien.ac.at/course/courseDetails.xhtml?courseNr=057030,,2026-10-10T09:00:00,2026-11-01T23:59:00,2026-11-01T23:59:00
057.033,Parallel Programming for Interdisciplinary Mathematics,https://tiss.tuwien.ac.at/course/courseDetails.xhtml?courseNr=057033,,2026-02-17T00:00:00,2026-04-29T18:00:00,2026-04-29T20:00:00
057.039,Privatissimum for doctoral students,https://tiss.tuwien.ac.at/course/courseDetails.xhtml?courseNr=057039,,,,
058.003,Engines of Innovation in Research Unlocking the innovative potential of research for PhD students,https://tiss.tuwien.ac.at/course/courseDetails.xhtml?courseNr=058003,,2026-09-28T00:00:00,2027-10-05T23:59:00,2027-10-07T23:59:00
058.005,Introduction into Research Data Management,https://tiss.tuwien.ac.at/course/courseDetails.xhtml?courseNr=058005,,2026-08-19T00:01:00,2026-11-09T23:59:00,2026-11-23T23:59:00
060.017,Mentoring - Mathematics (FaMe),https://tiss.tuwien.ac.at/course/courseDetails.xhtml?courseNr=060017,,,,
061.003,Technology for People,https://tiss.tuwien.ac.at/course/courseDetails.xhtml?courseNr=061003,,2026-09-07T12:00:00,2026-10-07T14:00:00,2026-10-07T14:00:00
064.001,talente.programm at TU Wien (Bachelor’s Level),https://tiss.tuwien.ac.at/course/courseDetails.xhtml?courseNr=064001,,2026-07-04T00:00:00,2026-10-31T23:59:00,
064.002,voice.of.diversity - fair job opportunities without prejudice,https://tiss.tuwien.ac.at/course/courseDetails.xhtml?courseNr=064002,,2026-07-03T00:00:00,2026-10-08T23:59:00,
064.003,TU.impact – the female empowerment program of TU Vienna,https://tiss.tuwien.ac.at/course/courseDetails.xhtml?courseNr=064003,,,2026-10-06T12:00:00,
064.004,Awareness and meditation I,https://tiss.tuwien.ac.at/course/courseDetails.xhtml?courseNr=064004,,,,
064.005,talente.programm at TU Wien (Master’s and Doctoral Level),https://tiss.tuwien.ac.at/course/courseDetails.xhtml?courseNr=064005,,,2026-10-31T23:59:00,
064.006,Studieren mit Behinderung - Eine Einführung,https://tiss.tuwien.ac.at/course/courseDetails.xhtml?courseNr=064006,,,,
064.007,Development of technical terms in ÖGS,https://tiss.tuwien.ac.at/course/courseDetails.xhtml?courseNr=064007,,,,
064.008,Accompanying lecture: Supporting deaf and hard of hearing students,https://tiss.tuwien.ac.at/course/courseDetails.xhtml?courseNr=064008,,,,
064.010,Introduction to Austrian Sign Language and Deaf Culture,https://tiss.tuwien.ac.at/course/courseDetails.xhtml?courseNr=064010,,2026-09-01T00:00:00,2026-09-27T23:59:00,2026-09-27T23:59:00
064.012,Accompanying seminar for mentors of the TUW mentoring program,https://tiss.tuwien.ac.at/course/courseDetails.xhtml?courseNr=064012,,2026-09-17T12:00:00,2026-09-18T12:00:00,2026-09-29T14:00:00
064.013,Awareness and meditation II,https://tiss.tuwien.ac.at/course/courseDetails.xhtml?courseNr=064013,https://tuwel.tuwien.ac.at/course/view.php?id=78885,,,
064.014,French for engineers I,https://tiss.tuwien.ac.at/course/courseDetails.xhtml?courseNr=064014,,2026-09-27T08:00:00,2026-10-07T00:00:00,2026-10-26T00:00:00
064.015,Spanish for engineers I,https://tiss.tuwien.ac.at/course/courseDetails.xhtml?courseNr=064015,,2026-09-14T00:00:00,2026-09-30T00:00:00,2026-10-09T00:00:00
064.017,Technisches Deutsch für Internationale Studierende,https://tiss.tuwien.ac.at/course/courseDetails.xhtml?courseNr=064017,,2026-09-14T00:00:00,2026-09-26T00:00:00,2026-10-04T00:00:00
064.018,Technical Chinese III,https://tiss.tuwien.ac.at/course/courseDetails.xhtml?courseNr=064018,,2026-09-02T12:00:00,2026-10-04T00:59:00,2026-10-25T23:59:00
064.019,Technical English Presentation A,https://tiss.tuwien.ac.at/course/courseDetails.xhtml?courseNr=064019,,2026-09-16T09:00:00,2026-09-27T09:00:00,2026-10-18T00:00:00
064.020,Technical English Communication A,https://tiss.tuwien.ac.at/course/courseDetails.xhtml?courseNr=064020,,2026-09-16T09:00:00,2026-09-27T09:00:00,2026-10-18T00:00:00
064.021,Technical English Presentation B,https://tiss.tuwien.ac.at/course/courseDetails.xhtml?courseNr=064021,,2026-09-14T09:00:00,2026-09-25T09:00:00,2026-09-25T00:00:00
064.022,Technical English Communication B,https://tiss.tuwien.ac.at/course/courseDetails.xhtml?courseNr=064022,,2026-09-14T09:00:00,2026-09-25T09:00:00,2026-10-12T00:00:00
064.023,Accompanying seminar for mentors of the TUW mentoring program – short term,https://tiss.tuwien.ac.at/course/courseDetails.xhtml?courseNr=064023,,2026-09-17T12:00:00,2026-09-18T12:00:00,2026-09-28T00:00:00
064.024,Technical Italien I,https://tiss.tuwien.ac.at/course/courseDetails.xhtml?courseNr=064024,,2026-09-14T08:00:00,2026-09-28T12:00:00,2026-09-29T08:00:00
064.025,Swedish for Engineers 1,https://tiss.tuwien.ac.at/course/courseDetails.xhtml?courseNr=064025,,2026-09-04T22:00:00,2026-10-06T13:00:00,2026-10-13T13:00:00
064.026,How to Illustrate Engineering by Means of Audiovisual Media,https://tiss.tuwien.ac.at/course/courseDetails.xhtml?courseNr=064026,,2026-09-07T09:00:00,2026-10-12T18:00:00,2026-10-05T09:00:00
064.027,Communicating Science,https://tiss.tuwien.ac.at/course/courseDetails.xhtml?courseNr=064027,,2026-08-24T00:00:00,2026-10-02T00:00:00,2026-10-02T00:00:00
064.029,Diversity Skills (German),https://tiss.tuwien.ac.at/course/courseDetails.xhtml?courseNr=064029,,2026-10-06T00:00:00,2027-02-28T00:00:00,2027-02-21T00:00:00
064.030,Diversity Skills (English),https://tiss.tuwien.ac.at/course/courseDetails.xhtml?courseNr=064030,,2026-10-06T00:00:00,2027-02-28T00:00:00,
064.031,Entrepreneurship for innovative corporations and high-tech start-ups,https://tiss.tuwien.ac.at/course/courseDetails.xhtml?courseNr=064031,,2026-01-18T12:00:00,2026-04-30T12:00:00,
064.032,Introduction to management and leadership for technicians,https://tiss.tuwien.ac.at/course/courseDetails.xhtml?courseNr=064032,https://tuwel.tuwien.ac.at/course/view.php?id=81779,2026-02-18T10:00:00,2026-03-31T23:59:00,2026-05-15T23:59:00
064.035,French for engineers II,https://tiss.tuwien.ac.at/course/courseDetails.xhtml?courseNr=064035,,2026-01-30T00:00:00,2026-03-02T00:00:00,2026-03-02T00:00:00
064.036,Spanish for engineers II,https://tiss.tuwien.ac.at/course/courseDetails.xhtml?courseNr=064036,https://tuwel.tuwien.ac.at/course/view.php?id=80058,2026-02-09T00:00:00,2026-03-11T12:00:00,2026-03-11T12:00:00
064.038,Technical Chinese IV,https://tiss.tuwien.ac.at/course/courseDetails.xhtml?courseNr=064038,https://tuwel.tuwien.ac.at/course/view.php?id=78084,2025-12-15T17:30:00,2026-02-16T23:59:00,2026-03-23T23:59:00
064.039,Technical Italien II,https://tiss.tuwien.ac.at/course/courseDetails.xhtml?courseNr=064039,https://tuwel.tuwien.ac.at/course/view.php?id=78741,2026-02-02T08:00:00,2026-03-05T22:00:00,2026-03-12T08:00:00
064.040,Swedish for Engineers 2,https://tiss.tuwien.ac.at/course/courseDetails.xhtml?courseNr=064040,,2026-09-04T22:00:00,2026-10-15T13:00:00,2026-10-15T13:00:00
064.041,Foundations of scientific work,https://tiss.tuwien.ac.at/course/courseDetails.xhtml?courseNr=064041,https://tuwel.tuwien.ac.at/course/view.php?id=83074,2026-09-12T00:00:00,2026-12-25T23:55:00,2027-01-18T23:55:00
064.042,German A1/1,https://tiss.tuwien.ac.at/course/courseDetails.xhtml?courseNr=064042,,,,
064.043,"Creative and Sustainable Product, Service and Process Engineering",https://tiss.tuwien.ac.at/course/courseDetails.xhtml?courseNr=064043,https://tuwel.tuwien.ac.at/course/view.php?id=79620,2026-01-31T08:00:00,2026-04-06T23:00:00,
064.045,Collaboration and Co-Creation,https://tiss.tuwien.ac.at/course/courseDetails.xhtml?courseNr=064045,https://tuwel.tuwien.ac.at/course/view.php?id=79212,2026-02-02T00:00:00,2026-03-10T23:55:00,2026-03-20T10:00:00
064.046,Self-Coaching,https://tiss.tuwien.ac.at/course/courseDetails.xhtml?courseNr=064046,https://tuwel.tuwien.ac.at/course/view.php?id=79911,2026-02-13T00:00:00,2026-03-07T23:59:00,2026-03-07T23:59:00
064.048,Searching prior art based on patent applications,https://tiss.tuwien.ac.at/course/courseDetails.xhtml?courseNr=064048,https://tuwel.tuwien.ac.at/course/view.php?id=79725,2026-01-14T12:00:00,2026-02-28T18:00:00,2026-03-01T12:00:00
064.049,Resource management and resilience,https://tiss.tuwien.ac.at/course/courseDetails.xhtml?courseNr=064049,,2026-09-26T00:00:00,2026-10-17T23:59:00,2026-10-17T23:59:00
064.050,Impact of technological development - Introduction to the theory and practice of technology assessment (TA),https://tiss.tuwien.ac.at/course/courseDetails.xhtml?courseNr=064050,,2026-09-01T23:59:00,2026-10-07T23:59:00,2026-10-08T23:59:00
064.051,Deep Dives: Management and leadership for technicians,https://tiss.tuwien.ac.at/course/courseDetails.xhtml?courseNr=064051,,2026-09-26T08:00:00,2026-10-11T23:59:00,2027-01-02T23:59:00
064.052,Creativity Engineering,https://tiss.tuwien.ac.at/course/courseDetails.xhtml?courseNr=064052,https://tuwel.tuwien.ac.at/course/view.php?id=82658,2026-08-31T00:00:00,2026-09-30T09:00:00,
064.054,Self-Coaching,https://tiss.tuwien.ac.at/course/courseDetails.xhtml?courseNr=064054,,2026-09-26T00:00:00,2026-10-17T23:59:00,2026-10-17T23:59:00
064.055,Supporting Cultural Collisions,https://tiss.tuwien.ac.at/course/courseDetails.xhtml?courseNr=064055,,,,
064.056,TU Ambassador: Student Orientation at TU Wien,https://tiss.tuwien.ac.at/course/courseDetails.xhtml?courseNr=064056,,2026-07-27T09:00:00,2026-09-29T23:59:00,2026-10-10T23:59:00
064.057,Support Services for Students with Disabilities and Chronic Illnesses,https://tiss.tuwien.ac.at/course/courseDetails.xhtml?courseNr=064057,,,,
064.058,Support Program: Assistance for Students with Mental Health Conditions,https://tiss.tuwien.ac.at/course/courseDetails.xhtml?courseNr=064058,,,,
100.003,AKVWL Company Internship,https://tiss.tuwien.ac.at/course/courseDetails.xhtml?courseNr=100003,,,,
100.004,AKWTH Company Internship,https://tiss.tuwien.ac.at/course/courseDetails.xhtml?courseNr=100004,,,,
100.005,AKALG Company Internship,https://tiss.tuwien.ac.at/course/courseDetails.xhtml?courseNr=100005,,,,
100.007,AKANA Company Internship,https://tiss.tuwien.ac.at/course/courseDetails.xhtml?courseNr=100007,,,,
100.008,AKDIS Company Internship,https://tiss.tuwien.ac.at/course/courseDetails.xhtml?courseNr=100008,,,,
100.009,AKGEO Company Internship,https://tiss.tuwien.ac.at/course/courseDetails.xhtml?courseNr=100009,,,,
100.010,AKLOG Company Internship,https://tiss.tuwien.ac.at/course/courseDetails.xhtml?courseNr=100010,,,,
100.011,AKMOD Company Internship,https://tiss.tuwien.ac.at/course/courseDetails.xhtml?courseNr=100011,,,,
100.992,AKFVM Company Internship,https://tiss.tuwien.ac.at/course/courseDetails.xhtml?courseNr=100992,,,,
100.993,Company Internship,https://tiss.tuwien.ac.at/course/courseDetails.xhtml?courseNr=100993,,,,
100.994,AKANW Company Internship,https://tiss.tuwien.ac.at/course/courseDetails.xhtml?courseNr=100994,,,,
100.995,AKINF Company Internship,https://tiss.tuwien.ac.at/course/courseDetails.xhtml?courseNr=100995,,,,
100.996,AKNUM Company Internship,https://tiss.tuwien.ac.at/course/courseDetails.xhtml?courseNr=100996,,,,
100.997,AKOEK Company Internship,https://tiss.tuwien.ac.at/course/courseDetails.xhtml?courseNr=100997,,,,
100.998,AKOR Company Internship,https://tiss.tuwien.ac.at/course/courseDetails.xhtml?courseNr=100998,,,,
100.999,AKSTA Company Internship,https://tiss.tuwien.ac.at/course/courseDetails.xhtml?courseNr=100999,,,,
,,https://tiss.tuwien.ac.at/course/courseDetails.xhtml?courseNr=101,,,,
101.028,Biomedical Engineering: An Introduction,https://tiss.tuwien.ac.at/course/courseDetails.xhtml?courseNr=101028,,,,
101.047,Seminar aus Funktionalanalysis,https://tiss.tuwien.ac.at/course/courseDetails.xhtml?courseNr=101047,,,,
101.152,Brain Modeling,https://tiss.tuwien.ac.at/course/courseDetails.xhtml?courseNr=101152,,,,
101.186,neuron modeling,https://tiss.tuwien.ac.at/course/courseDetails.xhtml?courseNr=101186,,,,
101.197,AKANW: Project work in Applied Mathematics,https://tiss.tuwien.ac.at/course/courseDetails.xhtml?courseNr=101197,,,,
101.243,Mathematics II for Geodesy,https://tiss.tuwien.ac.at/course/courseDetails.xhtml?courseNr=101243,,,,
101.275,Introduction to Programming,https://tiss.tuwien.ac.at/course/courseDetails.xhtml?courseNr=101275,,,,
101.280,Functional Analysis 2,https://tiss.tuwien.ac.at/course/courseDetails.xhtml?courseNr=101280,,2026-09-01T00:00:00,2026-10-11T23:59:00,2026-10-11T23:59:00
101.295,Functional Analysis 2,https://tiss.tuwien.ac.at/course/courseDetails.xhtml?courseNr=101295,,,,
101.313,Numerical Analysis,https://tiss.tuwien.ac.at/course/courseDetails.xhtml?courseNr=101313,,,,
101.377,Seminar on Simulation with Seminar Work,https://tiss.tuwien.ac.at/course/courseDetails.xhtml?courseNr=101377,,,,
101.389,Seminar aus Analysis mit Seminararbeit,https://tiss.tuwien.ac.at/course/courseDetails.xhtml?courseNr=101389,,,,
101.434,AKANA: Analysis Seminar for Master Studentens,https://tiss.tuwien.ac.at/course/courseDetails.xhtml?courseNr=101434,,,,
101.446,Analysis 3,https://tiss.tuwien.ac.at/course/courseDetails.xhtml?courseNr=101446,,,,
101.448,Analysis 3,https://tiss.tuwien.ac.at/course/courseDetails.xhtml?courseNr=101448,,,,
101.500,Modelling with partial differential equations,https://tiss.tuwien.ac.at/course/courseDetails.xhtml?courseNr=101500,,,,
101.502,Modelling with partial differential equations,https://tiss.tuwien.ac.at/course/courseDetails.xhtml?courseNr=101502,,2026-09-02T12:00:00,2026-10-09T12:00:00,2026-10-16T12:00:00
101.506,Numerics of partial differential equations: stationary problems,https://tiss.tuwien.ac.at/course/courseDetails.xhtml?courseNr=101506,,,,
101.507,Numerics of partial differential equations: stationary problems,https://tiss.tuwien.ac.at/course/courseDetails.xhtml?courseNr=101507,,2026-10-01T18:00:00,2026-10-11T23:59:00,2026-10-11T23:59:00
101.542,AKANW PDE Afternoon Seminar (VSM),https://tiss.tuwien.ac.at/course/courseDetails.xhtml?courseNr=101542,,,,
101.543,Topology,https://tiss.tuwien.ac.at/course/courseDetails.xhtml?courseNr=101543,,,,
101.544,Topology,https://tiss.tuwien.ac.at/course/courseDetails.xhtml?courseNr=101544,,,,
101.570,Seminar with seminar paper Differential Equations,https://tiss.tuwien.ac.at/course/courseDetails.xhtml?courseNr=101570,,2026-07-24T00:00:00,2026-10-20T23:59:00,2026-10-20T23:59:00
101.639,Mathematics 1 for Electrical Engineers,https://tiss.tuwien.ac.at/course/courseDetails.xhtml?courseNr=101639,,2026-10-14T16:00:00,,
101.647,hearing theory,https://tiss.tuwien.ac.at/course/courseDetails.xhtml?courseNr=101647,,,,
101.674,Analysis 1,https://tiss.tuwien.ac.at/course/courseDetails.xhtml?courseNr=101674,,,,
101.679,Mathematics 1 for Electrical Engineering,https://tiss.tuwien.ac.at/course/courseDetails.xhtml?courseNr=101679,https://tuwel.tuwien.ac.at/course/view.php?id=82514,,,
101.680,Mathematics 1 for Electrical Engineering,https://tiss.tuwien.ac.at/course/courseDetails.xhtml?courseNr=101680,,2026-10-01T12:00:00,2026-10-09T23:59:00,2026-10-16T23:59:00
101.685,Mathematics 3 for Electrical Engineering,https://tiss.tuwien.ac.at/course/courseDetails.xhtml?courseNr=101685,,,,
101.686,Mathematics 3 for Electrical Engineering,https://tiss.tuwien.ac.at/course/courseDetails.xhtml?courseNr=101686,,,,
101.689,Control Models in Physiology,https://tiss.tuwien.ac.at/course/courseDetails.xhtml?courseNr=101689,,2026-09-21T08:00:00,2026-11-28T23:55:00,2026-12-29T23:55:00
101.726,AKFVM-AKNUM Computational Finance,https://tiss.tuwien.ac.at/course/courseDetails.xhtml?courseNr=101726,,2026-10-21T00:00:00,2027-11-05T00:00:00,
101.727,AKFVM-AKNUM Computational Finance,https://tiss.tuwien.ac.at/course/courseDetails.xhtml?courseNr=101727,,2026-09-03T00:00:00,2026-10-02T23:59:00,2026-10-02T23:59:00
101.757,Mathematics I for Geodesy,https://tiss.tuwien.ac.at/course/courseDetails.xhtml?courseNr=101757,,2026-07-02T08:00:00,,
101.759,AKMOD: Modelling and Simulation of dynamical Systems,https://tiss.tuwien.ac.at/course/courseDetails.xhtml?courseNr=101759,,,,
101.767,Privatissimum for diploma and doctoral candidates,https://tiss.tuwien.ac.at/course/courseDetails.xhtml?courseNr=101767,,,,
101.768,Mathematics I for Geodesy,https://tiss.tuwien.ac.at/course/courseDetails.xhtml?courseNr=101768,,,,
101.780,Mathematics II for Geodesy,https://tiss.tuwien.ac.at/course/courseDetails.xhtml?courseNr=101780,https://tuwel.tuwien.ac.at/course/view.php?id=78639,,,
101.803,Partial Differential Equations,https://tiss.tuwien.ac.at/course/courseDetails.xhtml?courseNr=101803,,,,
101.806,Modeling with partial differential integrations,https://tiss.tuwien.ac.at/course/courseDetails.xhtml?courseNr=101806,,,,
101.818,Mathematics 3 for Electrical Engineers,https://tiss.tuwien.ac.at/course/courseDetails.xhtml?courseNr=101818,,,,
101.835,Mathematics I for Surveying and Geoinformation,https://tiss.tuwien.ac.at/course/courseDetails.xhtml?courseNr=101835,,,,
101.874,Seminar with seminar paper,https://tiss.tuwien.ac.at/course/courseDetails.xhtml?courseNr=101874,,,,
101.875,AKMOD AKNUM Numerical methods in acoustics,https://tiss.tuwien.ac.at/course/courseDetails.xhtml?courseNr=101875,,,,
101.883,Technische Mathematik für Schülerinnen und Schüler,https://tiss.tuwien.ac.at/course/courseDetails.xhtml?courseNr=101883,https://tuwel.tuwien.ac.at/course/view.php?id=82810,,,
101.895,Project with bachelor thesis on numerics / numerics of PDEs,https://tiss.tuwien.ac.at/course/courseDetails.xhtml?courseNr=101895,,,,
101.896,Project with bachelor thesis,https://tiss.tuwien.ac.at/course/courseDetails.xhtml?courseNr=101896,,,,
101.897,Project with bachelor thesis,https://tiss.tuwien.ac.at/course/courseDetails.xhtml?courseNr=101897,,,,
101.899,Project with bachelor thesis,https://tiss.tuwien.ac.at/course/courseDetails.xhtml?courseNr=101899,,,,
101.903,Project with bachelor thesis,https://tiss.tuwien.ac.at/course/courseDetails.xhtml?courseNr=101903,,,,
101.906,Seminar with seminar paper in functional analysis,https://tiss.tuwien.ac.at/course/courseDetails.xhtml?courseNr=101906,,,,
101.936,Seminar with seminar paper on PDEs,https://tiss.tuwien.ac.at/course/courseDetails.xhtml?courseNr=101936,,,,
101.938,Bachelor Thesis with Seminar - Selected Topics in Mathematics,https://tiss.tuwien.ac.at/course/courseDetails.xhtml?courseNr=101938,,,,
101.941,"AKNUM, AKOR Numerical optimisation",https://tiss.tuwien.ac.at/course/courseDetails.xhtml?courseNr=101941,,2026-03-04T14:00:00,2026-05-01T14:00:00,2026-05-01T14:00:00
101.942,"AKNUM, AKOR Numerical optimisation",https://tiss.tuwien.ac.at/course/courseDetails.xhtml?courseNr=101942,https://tuwel.tuwien.ac.at/course/view.php?id=80523,,,
101.945,Mathematics II for Surveying and Geoinformation,https://tiss.tuwien.ac.at/course/courseDetails.xhtml?courseNr=101945,https://tuwel.tuwien.ac.at/course/view.php?id=78642,,,
101.973,Numerical Computation,https://tiss.tuwien.ac.at/course/courseDetails.xhtml?courseNr=101973,,,,
102.074,Mathematics 1 for Civil Engineering,https://tiss.tuwien.ac.at/course/courseDetails.xhtml?courseNr=102074,,2026-10-06T08:00:00,2027-10-11T08:00:00,2026-11-09T08:00:00
102.437,Revision course for Mathematics I,https://tiss.tuwien.ac.at/course/courseDetails.xhtml?courseNr=102437,,2026-10-07T10:00:00,2026-11-15T23:00:00,
102.448,Revision course for Mathematics II,https://tiss.tuwien.ac.at/course/courseDetails.xhtml?courseNr=102448,,2026-10-07T18:00:00,,2026-11-15T18:00:00
103.057,Analysis 1 for TPH,https://tiss.tuwien.ac.at/course/courseDetails.xhtml?courseNr=103057,,,,
103.064,Exercises Linear Algebra for TPH,https://tiss.tuwien.ac.at/course/courseDetails.xhtml?courseNr=103064,,,,
103.066,Lecture Linear Algebra for TPH,https://tiss.tuwien.ac.at/course/courseDetails.xhtml?courseNr=103066,,,,
103.088,Analysis I for TPH,https://tiss.tuwien.ac.at/course/courseDetails.xhtml?courseNr=103088,,,,
103.089,Practical Analysis I for Technical Physics,https://tiss.tuwien.ac.at/course/courseDetails.xhtml?courseNr=103089,,,,
104.084,Mathematics for Chemists I,https://tiss.tuwien.ac.at/course/courseDetails.xhtml?courseNr=104084,,2026-09-28T08:00:00,2026-11-14T08:00:00,
104.108,AKALG: Research seminar,https://tiss.tuwien.ac.at/course/courseDetails.xhtml?courseNr=104108,,2026-10-15T00:00:00,,
104.125,Algebra II,https://tiss.tuwien.ac.at/course/courseDetails.xhtml?courseNr=104125,,,,
104.127,"Algebra II, Exercises",https://tiss.tuwien.ac.at/course/courseDetails.xhtml?courseNr=104127,,2026-10-01T11:00:00,2026-10-12T08:00:00,2026-10-12T08:00:00
104.128,"Algebra, Repetitorium",https://tiss.tuwien.ac.at/course/courseDetails.xhtml?courseNr=104128,https://tuwel.tuwien.ac.at/course/view.php?id=80853,,,
104.218,preparatory course for the Ergaenzungspruefung/DG exam,https://tiss.tuwien.ac.at/course/courseDetails.xhtml?courseNr=104218,,,,
104.226,Seminar with seminar paper,https://tiss.tuwien.ac.at/course/courseDetails.xhtml?courseNr=104226,,2026-10-15T00:00:00,,
104.228,Seminar in Discrete Mathematics with Seminar Paper,https://tiss.tuwien.ac.at/course/courseDetails.xhtml?courseNr=104228,,2026-09-28T12:00:00,2026-10-09T23:59:00,2026-10-16T23:59:00
104.229,Project with Bachelor Thesis,https://tiss.tuwien.ac.at/course/courseDetails.xhtml?courseNr=104229,,2026-02-18T12:00:00,2026-03-09T10:00:00,2026-03-09T10:00:00
104.243,Project in Logic with Bachelor Thesis,https://tiss.tuwien.ac.at/course/courseDetails.xhtml?courseNr=104243,,,,
104.259,Discrete and geometric algorithms,https://tiss.tuwien.ac.at/course/courseDetails.xhtml?courseNr=104259,,2026-10-07T11:00:00,2026-10-14T23:55:00,2026-10-22T23:55:00
104.276,AKANA Analysis on manifolds,https://tiss.tuwien.ac.at/course/courseDetails.xhtml?courseNr=104276,,,,
104.278,AKANA Analysis on manifolds,https://tiss.tuwien.ac.at/course/courseDetails.xhtml?courseNr=104278,,,,
104.279,Linear Algebra and Geometry 2,https://tiss.tuwien.ac.at/course/courseDetails.xhtml?courseNr=104279,https://tuwel.tuwien.ac.at/course/view.php?id=75408,2026-02-09T04:33:00,2026-03-15T04:34:00,2026-03-29T11:15:00
104.284,Project with bachelor thesis,https://tiss.tuwien.ac.at/course/courseDetails.xhtml?courseNr=104284,,2026-10-15T00:00:00,,
104.289,Mathematics 1 for Civil Engineering,https://tiss.tuwien.ac.at/course/courseDetails.xhtml?courseNr=104289,,,,
104.294,AKLOG: Research seminar Set Theory,https://tiss.tuwien.ac.at/course/courseDetails.xhtml?courseNr=104294,,,,
104.297,"Mathematics 1 for MB, WIMB and VT",https://tiss.tuwien.ac.at/course/courseDetails.xhtml?courseNr=104297,,2026-09-22T15:00:00,2027-03-25T12:00:00,2027-03-25T12:00:00
104.299,"Mathematics 2 for MB, WIMB and VT",https://tiss.tuwien.ac.at/course/courseDetails.xhtml?courseNr=104299,https://tuwel.tuwien.ac.at/course/view.php?id=79752,2026-02-19T16:30:00,2027-02-19T16:30:00,2027-02-19T16:30:00
104.325,Privatissimum in Convex Geometry,https://tiss.tuwien.ac.at/course/courseDetails.xhtml?courseNr=104325,,2026-10-19T00:00:00,2027-01-25T00:00:00,2027-01-25T00:00:00
104.326,Privatissimum in Convex Geometry,https://tiss.tuwien.ac.at/course/courseDetails.xhtml?courseNr=104326,,,,
104.340,Logic and Foundations of Mathematics,https://tiss.tuwien.ac.at/course/courseDetails.xhtml?courseNr=104340,https://tuwel.tuwien.ac.at/course/view.php?id=82484,,,
104.342,Logic and Foundations of Mathematics UE,https://tiss.tuwien.ac.at/course/courseDetails.xhtml?courseNr=104342,,,,
104.345,Analysis of Algorithms,https://tiss.tuwien.ac.at/course/courseDetails.xhtml?courseNr=104345,,,,
104.347,Analysis of Algorithms,https://tiss.tuwien.ac.at/course/courseDetails.xhtml?courseNr=104347,,2026-10-01T08:00:00,2026-10-15T23:59:00,2026-10-15T23:59:00
104.351,Geometric analysis,https://tiss.tuwien.ac.at/course/courseDetails.xhtml?courseNr=104351,,2026-10-05T08:00:00,2026-11-12T18:00:00,2026-11-12T18:00:00
104.355,Geometric analysis,https://tiss.tuwien.ac.at/course/courseDetails.xhtml?courseNr=104355,,2026-10-12T14:00:00,2026-10-26T17:00:00,2026-10-26T17:00:00
104.356,Differential Geometry,https://tiss.tuwien.ac.at/course/courseDetails.xhtml?courseNr=104356,https://tuwel.tuwien.ac.at/course/view.php?id=80538,2026-01-26T08:00:00,2026-03-09T23:59:00,
104.358,Differential Geometry,https://tiss.tuwien.ac.at/course/courseDetails.xhtml?courseNr=104358,,2026-02-12T08:00:00,2026-03-09T23:59:00,
104.359,Geometry Processing,https://tiss.tuwien.ac.at/course/courseDetails.xhtml?courseNr=104359,,2026-08-01T00:00:00,2026-10-31T23:59:00,2026-12-31T23:59:00
104.360,Geometry Processing,https://tiss.tuwien.ac.at/course/courseDetails.xhtml?courseNr=104360,,2026-07-06T17:00:00,2026-10-27T23:59:00,2026-12-28T18:00:00
104.375,AKANA Harmonic Analysis and Geometry,https://tiss.tuwien.ac.at/course/courseDetails.xhtml?courseNr=104375,,,,
104.391,Mathematics 3 for CE,https://tiss.tuwien.ac.at/course/courseDetails.xhtml?courseNr=104391,,,,
104.407,Mathematics 2 for Civil Engineering,https://tiss.tuwien.ac.at/course/courseDetails.xhtml?courseNr=104407,,2026-03-02T12:00:00,2027-02-03T12:00:00,2027-02-03T12:00:00
104.409,Mathematics 2 for Civil Engineering,https://tiss.tuwien.ac.at/course/courseDetails.xhtml?courseNr=104409,,,,
104.436,Modelling and Visualization 1,https://tiss.tuwien.ac.at/course/courseDetails.xhtml?courseNr=104436,,2026-07-31T13:00:00,2026-11-30T23:59:00,2027-01-31T23:59:00
104.437,Modelling and Visualization 1,https://tiss.tuwien.ac.at/course/courseDetails.xhtml?courseNr=104437,,2026-08-31T08:00:00,2026-10-02T08:00:00,2026-10-09T08:00:00
104.443,FD GZ/DG 2,https://tiss.tuwien.ac.at/course/courseDetails.xhtml?courseNr=104443,https://tuwel.tuwien.ac.at/course/view.php?id=78420,2026-02-03T08:00:00,2026-02-27T08:00:00,2026-03-13T08:00:00
104.471,Non-euclidean geometries,https://tiss.tuwien.ac.at/course/courseDetails.xhtml?courseNr=104471,,2026-09-14T08:00:00,2026-10-15T23:59:00,2026-10-18T23:59:00
104.472,Non-euclidean geometrics,https://tiss.tuwien.ac.at/course/courseDetails.xhtml?courseNr=104472,,2026-09-14T00:00:00,2026-10-15T23:59:00,2026-10-18T23:59:00
104.474,Geometric placement,https://tiss.tuwien.ac.at/course/courseDetails.xhtml?courseNr=104474,https://tuwel.tuwien.ac.at/course/view.php?id=82174,2026-02-01T00:00:00,2026-02-28T23:59:00,2026-02-28T23:59:00
104.491,Applied geometry,https://tiss.tuwien.ac.at/course/courseDetails.xhtml?courseNr=104491,,2026-08-01T00:00:00,2026-10-31T23:59:00,2026-12-31T23:59:00
104.492,Applied geometry,https://tiss.tuwien.ac.at/course/courseDetails.xhtml?courseNr=104492,https://tuwel.tuwien.ac.at/course/view.php?id=82574,2026-07-22T09:00:00,2026-10-04T23:59:00,2026-11-26T23:59:00
104.493,Bachelor seminar,https://tiss.tuwien.ac.at/course/courseDetails.xhtml?courseNr=104493,https://tuwel.tuwien.ac.at/course/view.php?id=81815,2026-02-03T08:00:00,2026-03-02T08:00:00,2026-03-04T08:00:00
104.504,Linear Algebra and Geometry 1,https://tiss.tuwien.ac.at/course/courseDetails.xhtml?courseNr=104504,,2026-09-07T15:00:00,2026-11-01T17:00:00,2026-12-20T17:00:00
104.510,Supervision of Master and PhD students,https://tiss.tuwien.ac.at/course/courseDetails.xhtml?courseNr=104510,,,,
104.513,Introduction to working mathematically,https://tiss.tuwien.ac.at/course/courseDetails.xhtml?courseNr=104513,https://tuwel.tuwien.ac.at/course/view.php?id=83296,,,
104.540,Practice seminar,https://tiss.tuwien.ac.at/course/courseDetails.xhtml?courseNr=104540,,2026-09-02T12:00:00,2026-09-28T23:59:00,2026-09-28T23:59:00
104.570,AKLOG Research seminar,https://tiss.tuwien.ac.at/course/courseDetails.xhtml?courseNr=104570,,,,
104.580,AKANA AKGEO Curve shortening flow,https://tiss.tuwien.ac.at/course/courseDetails.xhtml?courseNr=104580,,2026-10-05T18:00:00,,
104.582,Privatissimum for diploma and doctoral students,https://tiss.tuwien.ac.at/course/courseDetails.xhtml?courseNr=104582,,,,
104.590,Descriptive Geometry,https://tiss.tuwien.ac.at/course/courseDetails.xhtml?courseNr=104590,,,,
104.595,AKANA AKGEO Curvature equations,https://tiss.tuwien.ac.at/course/courseDetails.xhtml?courseNr=104595,,,,
104.602,AKLOG Introduction to model theory,https://tiss.tuwien.ac.at/course/courseDetails.xhtml?courseNr=104602,,2024-03-14T14:00:00,2024-03-31T12:00:00,2024-03-31T12:00:00
104.604,"Mathematics 1 for MB, WIMB and VT",https://tiss.tuwien.ac.at/course/courseDetails.xhtml?courseNr=104604,,,,
104.606,"Mathematics 2 for MB, WIMB and VT",https://tiss.tuwien.ac.at/course/courseDetails.xhtml?courseNr=104606,,2026-09-23T10:00:00,2026-10-06T18:00:00,2026-11-09T16:00:00
104.612,AKGEO Seminar on Geometry - Applied Geometry,https://tiss.tuwien.ac.at/course/courseDetails.xhtml?courseNr=104612,,2025-11-20T23:59:00,2026-03-26T22:59:00,2026-04-25T23:59:00
104.616,Geometry I for Geodesy and Geoinformation,https://tiss.tuwien.ac.at/course/courseDetails.xhtml?courseNr=104616,,2026-09-07T08:00:00,2026-10-14T17:00:00,2026-10-28T17:00:00
104.618,"Mathematics 3 for MB, WIMB and VT",https://tiss.tuwien.ac.at/course/courseDetails.xhtml?courseNr=104618,,,,
104.625,Geometry II for Geodesy and Geoinformation,https://tiss.tuwien.ac.at/course/courseDetails.xhtml?courseNr=104625,https://tuwel.tuwien.ac.at/course/view.php?id=75414,2026-01-26T00:00:00,2026-03-15T23:59:00,2026-03-30T00:59:00
104.630,Privatissimum for diploma and doctoral students,https://tiss.tuwien.ac.at/course/courseDetails.xhtml?courseNr=104630,,,,
104.631,Mathematical Methods for Informatics and Business Informatics,https://tiss.tuwien.ac.at/course/courseDetails.xhtml?courseNr=104631,,,,
104.633,Algebra and Discrete Mathematics for Computer Science,https://tiss.tuwien.ac.at/course/courseDetails.xhtml?courseNr=104633,,,,
104.634,Analysis for Computer Science,https://tiss.tuwien.ac.at/course/courseDetails.xhtml?courseNr=104634,,2026-09-14T00:00:00,2026-10-04T23:59:00,2026-12-30T23:59:00
104.635,AKANA Harmonic analysis and geometry,https://tiss.tuwien.ac.at/course/courseDetails.xhtml?courseNr=104635,,,,
104.638,Seminar with seminar paper differential geometry,https://tiss.tuwien.ac.at/course/courseDetails.xhtml?courseNr=104638,,,,
104.644,Project with bachelor thesis,https://tiss.tuwien.ac.at/course/courseDetails.xhtml?courseNr=104644,,,,
104.678,AKLOG Inner Model Theory Determinacy and Pmax,https://tiss.tuwien.ac.at/course/courseDetails.xhtml?courseNr=104678,,,,
104.692,Linear Algebra and Geometry 2,https://tiss.tuwien.ac.at/course/courseDetails.xhtml?courseNr=104692,https://tuwel.tuwien.ac.at/course/view.php?id=80073,,,
104.694,Linear Algebra and Geometry 1,https://tiss.tuwien.ac.at/course/courseDetails.xhtml?courseNr=104694,,,,
104.696,Algebra,https://tiss.tuwien.ac.at/course/courseDetails.xhtml?courseNr=104696,https://tuwel.tuwien.ac.at/course/view.php?id=80331,,,
104.697,Discrete Mathematics,https://tiss.tuwien.ac.at/course/courseDetails.xhtml?courseNr=104697,,,,
104.699,Introduction to Geometry,https://tiss.tuwien.ac.at/course/courseDetails.xhtml?courseNr=104699,,2026-09-11T00:01:00,2026-11-30T23:59:00,
104.716,AKLOG Seminar in Mathematical Logic,https://tiss.tuwien.ac.at/course/courseDetails.xhtml?courseNr=104716,,,,
104.719,AKLOG Set Theory,https://tiss.tuwien.ac.at/course/courseDetails.xhtml?courseNr=104719,https://tuwel.tuwien.ac.at/course/view.php?id=81500,,,
104.739,Objects and Methods of Descriptive Geometry,https://tiss.tuwien.ac.at/course/courseDetails.xhtml?courseNr=104739,,2026-09-01T08:00:00,2026-09-30T08:00:00,2026-10-12T08:00:00
104.740,Project Digital Geometry,https://tiss.tuwien.ac.at/course/courseDetails.xhtml?courseNr=104740,,2026-09-01T08:00:00,2026-09-30T08:00:00,2026-10-12T08:00:00
104.751,Vector algebra,https://tiss.tuwien.ac.at/course/courseDetails.xhtml?courseNr=104751,,2026-09-14T00:00:00,2026-10-22T23:59:00,2026-10-31T23:59:00
104.756,Analytic Geometry,https://tiss.tuwien.ac.at/course/courseDetails.xhtml?courseNr=104756,,2027-02-15T00:00:00,2027-03-05T23:59:00,2027-03-15T23:59:00
104.757,Didactic Digital Geometry,https://tiss.tuwien.ac.at/course/courseDetails.xhtml?courseNr=104757,,2026-09-01T08:00:00,2026-09-30T08:00:00,2026-10-12T08:00:00
104.759,Non-euclidean geometries,https://tiss.tuwien.ac.at/course/courseDetails.xhtml?courseNr=104759,,2026-09-14T00:00:00,2026-10-15T23:59:00,2026-10-18T23:59:00
104.763,Topics in higher geometry,https://tiss.tuwien.ac.at/course/courseDetails.xhtml?courseNr=104763,,2026-09-07T08:00:00,2026-10-30T20:00:00,
104.767,Geometry of planar motions and mechanisms,https://tiss.tuwien.ac.at/course/courseDetails.xhtml?courseNr=104767,,2026-08-01T00:00:00,2026-09-30T23:59:00,2026-09-30T23:59:00
104.777,Discrete Mathematics for Geodesy and Geoinformation,https://tiss.tuwien.ac.at/course/courseDetails.xhtml?courseNr=104777,,2026-10-01T00:00:00,2026-10-13T00:00:00,
104.937,Mathematics for Chemists I,https://tiss.tuwien.ac.at/course/courseDetails.xhtml?courseNr=104937,,,,
104.947,Mathematics for Chemists II,https://tiss.tuwien.ac.at/course/courseDetails.xhtml?courseNr=104947,https://tuwel.tuwien.ac.at/course/view.php?id=80511,2026-03-01T00:00:00,2026-07-10T00:00:00,
104.958,Mathematics for Chemists II,https://tiss.tuwien.ac.at/course/courseDetails.xhtml?courseNr=104958,https://tuwel.tuwien.ac.at/course/view.php?id=80517,,,
104.998,Algebra,https://tiss.tuwien.ac.at/course/courseDetails.xhtml?courseNr=104998,,,,
104.999,Discrete and geometric algorithms,https://tiss.tuwien.ac.at/course/courseDetails.xhtml?courseNr=104999,,,,
105.029,AKFVM AKWTH Selected topics in financial and actuarial mathematics,https://tiss.tuwien.ac.at/course/courseDetails.xhtml?courseNr=105029,,2026-06-30T00:00:00,2026-12-30T23:59:00,2026-10-30T23:59:00
105.041,Risk and Ruin Theory,https://tiss.tuwien.ac.at/course/courseDetails.xhtml?courseNr=105041,,,,
105.043,Non-life insurance mathematics,https://tiss.tuwien.ac.at/course/courseDetails.xhtml?courseNr=105043,,,,
105.047,Non-life insurance mathematics,https://tiss.tuwien.ac.at/course/courseDetails.xhtml?courseNr=105047,https://tuwel.tuwien.ac.at/course/view.php?id=80418,2026-01-01T00:00:00,2026-03-30T23:59:00,2026-03-30T23:59:00
105.048,Life insurance mathematics,https://tiss.tuwien.ac.at/course/courseDetails.xhtml?courseNr=105048,,2026-06-29T00:00:00,2026-10-29T00:59:00,2026-10-29T00:59:00
105.051,AKFVM Seminar on Financial and Actuarial Mathematics,https://tiss.tuwien.ac.at/course/courseDetails.xhtml?courseNr=105051,,2026-06-29T00:00:00,2026-10-06T23:59:00,2026-10-29T23:59:00
105.053,AKVFM stochastic control theory,https://tiss.tuwien.ac.at/course/courseDetails.xhtml?courseNr=105053,,2026-07-01T00:00:00,2026-10-11T23:59:00,2026-10-15T23:59:00
105.057,Mathematical Finance 2: Continuous-Time Models,https://tiss.tuwien.ac.at/course/courseDetails.xhtml?courseNr=105057,https://tuwel.tuwien.ac.at/course/view.php?id=79677,2025-12-31T00:00:00,2026-03-30T23:59:00,2026-03-30T23:59:00
105.089,Stochastic analysis in financial and actuarial mathematics 1,https://tiss.tuwien.ac.at/course/courseDetails.xhtml?courseNr=105089,,,,
105.092,Stochastic analysis in financial and actuarial mathematics 2,https://tiss.tuwien.ac.at/course/courseDetails.xhtml?courseNr=105092,,2025-12-31T00:00:00,2026-03-09T23:59:00,2026-03-30T23:59:00
105.113,Project with bachelor thesis (Financial and Actuarial Mathematics),https://tiss.tuwien.ac.at/course/courseDetails.xhtml?courseNr=105113,,2026-06-01T00:00:00,2026-11-30T23:59:00,2026-10-15T23:59:00
105.121,Introduction to stochastic processes and time series,https://tiss.tuwien.ac.at/course/courseDetails.xhtml?courseNr=105121,https://tuwel.tuwien.ac.at/course/view.php?id=80226,,,
105.126,Microeconometrics,https://tiss.tuwien.ac.at/course/courseDetails.xhtml?courseNr=105126,https://tuwel.tuwien.ac.at/course/view.php?id=79800,,,
105.131,Mathematical Finance 2: Continuous-Time Models,https://tiss.tuwien.ac.at/course/courseDetails.xhtml?courseNr=105131,https://tuwel.tuwien.ac.at/course/view.php?id=80670,2025-12-31T00:00:00,2026-03-11T23:59:00,2026-03-30T23:59:00
105.133,Seminar in Econometrics with Seminar Paper,https://tiss.tuwien.ac.at/course/courseDetails.xhtml?courseNr=105133,,2026-03-16T11:00:00,2026-03-16T12:00:00,2026-03-16T12:00:00
105.135,Seminar with seminar paper (Financial and Actuarial Mathematics),https://tiss.tuwien.ac.at/course/courseDetails.xhtml?courseNr=105135,,2026-07-01T00:00:00,2026-10-15T23:59:00,2026-10-15T23:59:00
105.143,Stationary Processes and Time Series Analysis,https://tiss.tuwien.ac.at/course/courseDetails.xhtml?courseNr=105143,https://tuwel.tuwien.ac.at/course/view.php?id=76473,,,
105.147,Nonlinear Programming,https://tiss.tuwien.ac.at/course/courseDetails.xhtml?courseNr=105147,,2026-09-14T08:00:00,2026-09-28T18:00:00,
105.152,Social security law,https://tiss.tuwien.ac.at/course/courseDetails.xhtml?courseNr=105152,https://tuwel.tuwien.ac.at/course/view.php?id=80409,2025-12-31T00:00:00,2026-03-30T23:59:00,2026-03-30T23:59:00
105.154,Privatissimum for diploma and doctoral students,https://tiss.tuwien.ac.at/course/courseDetails.xhtml?courseNr=105154,,,,
105.165,Project with bachelor thesis (Applications in Financial Mathematics),https://tiss.tuwien.ac.at/course/courseDetails.xhtml?courseNr=105165,,2026-06-01T00:00:00,2026-10-01T23:59:00,2026-10-01T23:59:00
105.170,AKVWL Computational Economics,https://tiss.tuwien.ac.at/course/courseDetails.xhtml?courseNr=105170,https://tuwel.tuwien.ac.at/course/view.php?id=78519,2026-02-19T12:00:00,,
105.173,Bayesian Statistics,https://tiss.tuwien.ac.at/course/courseDetails.xhtml?courseNr=105173,,2026-09-04T00:00:00,2026-10-16T00:00:00,2026-11-03T00:00:00
105.175,Data analysis,https://tiss.tuwien.ac.at/course/courseDetails.xhtml?courseNr=105175,https://tuwel.tuwien.ac.at/course/view.php?id=78933,2026-01-29T12:00:00,2026-03-16T18:00:00,2026-03-16T18:00:00
105.176,Seminar with seminar paper (Economics),https://tiss.tuwien.ac.at/course/courseDetails.xhtml?courseNr=105176,,,,
105.178,AKFVM Insurance business management 2,https://tiss.tuwien.ac.at/course/courseDetails.xhtml?courseNr=105178,,2026-06-29T00:00:00,2026-11-28T23:59:00,2026-11-28T23:59:00
105.183,Topics in Analysis,https://tiss.tuwien.ac.at/course/courseDetails.xhtml?courseNr=105183,,2026-03-13T08:00:00,2026-03-27T18:00:00,2026-05-22T18:00:00
105.184,Topics in Analysis,https://tiss.tuwien.ac.at/course/courseDetails.xhtml?courseNr=105184,https://tuwel.tuwien.ac.at/course/view.php?id=80901,,,
105.186,AKVWL Political Economy of Europe,https://tiss.tuwien.ac.at/course/courseDetails.xhtml?courseNr=105186,,,,
105.188,Privatissimum for diploma and doctoral students,https://tiss.tuwien.ac.at/course/courseDetails.xhtml?courseNr=105188,,,,
105.195,"AKFVM Insurance, Biases, Discrimination and Fairness",https://tiss.tuwien.ac.at/course/courseDetails.xhtml?courseNr=105195,,2026-07-01T12:00:00,2026-10-31T23:59:00,2026-10-15T23:59:00
105.197,Insurance contract law,https://tiss.tuwien.ac.at/course/courseDetails.xhtml?courseNr=105197,,2026-07-31T00:00:00,2026-11-30T23:59:00,2026-11-30T23:59:00
105.198,Insurance supervision law,https://tiss.tuwien.ac.at/course/courseDetails.xhtml?courseNr=105198,,2026-07-04T00:00:00,2026-11-06T23:59:00,2026-11-06T23:59:00
105.199,Insurance business management 1,https://tiss.tuwien.ac.at/course/courseDetails.xhtml?courseNr=105199,,2026-06-29T00:00:00,2026-10-29T23:59:00,2026-10-29T23:59:00
105.200,Accounting for Banking and Insurance,https://tiss.tuwien.ac.at/course/courseDetails.xhtml?courseNr=105200,https://tuwel.tuwien.ac.at/course/view.php?id=78987,2025-12-31T00:00:00,2026-03-30T23:59:00,2026-03-30T23:59:00
105.201,AKANA AKOR Theory of Optimal Control,https://tiss.tuwien.ac.at/course/courseDetails.xhtml?courseNr=105201,,,,
105.205,AKANA AKOR Theory of Optimal Control,https://tiss.tuwien.ac.at/course/courseDetails.xhtml?courseNr=105205,,2026-10-14T08:00:00,,
105.206,Privatissimum for diploma and doctoral students,https://tiss.tuwien.ac.at/course/courseDetails.xhtml?courseNr=105206,,,,
105.210,Current Topics in Economics,https://tiss.tuwien.ac.at/course/courseDetails.xhtml?courseNr=105210,https://tuwel.tuwien.ac.at/course/view.php?id=79116,2026-02-10T12:00:00,2026-03-31T12:00:00,2026-04-30T12:00:00
105.211,Seminar with seminar paper in Stochastics,https://tiss.tuwien.ac.at/course/courseDetails.xhtml?courseNr=105211,,,,
105.214,International Macroeconomics,https://tiss.tuwien.ac.at/course/courseDetails.xhtml?courseNr=105214,https://tuwel.tuwien.ac.at/course/view.php?id=78723,2026-02-18T14:10:00,,
105.216,Mathematical Finance 1: Discrete-Time Models,https://tiss.tuwien.ac.at/course/courseDetails.xhtml?courseNr=105216,https://tuwel.tuwien.ac.at/course/view.php?id=79983,,,
105.217,Advanced Macroeconomics for Business Informatics,https://tiss.tuwien.ac.at/course/courseDetails.xhtml?courseNr=105217,,,,
105.591,Life Insurance Mathematics,https://tiss.tuwien.ac.at/course/courseDetails.xhtml?courseNr=105591,,,,
105.594,Mathematical Finance 1: Discrete-Time Models,https://tiss.tuwien.ac.at/course/courseDetails.xhtml?courseNr=105594,https://tuwel.tuwien.ac.at/course/view.php?id=80301,2025-12-31T00:00:00,2026-03-30T23:59:00,2026-03-30T23:59:00
105.596,Econometrics 1: Linear Models,https://tiss.tuwien.ac.at/course/courseDetails.xhtml?courseNr=105596,,,,
105.598,Project with Bachelor Thesis,https://tiss.tuwien.ac.at/course/courseDetails.xhtml?courseNr=105598,,,,
105.599,Microeconometrics,https://tiss.tuwien.ac.at/course/courseDetails.xhtml?courseNr=105599,https://tuwel.tuwien.ac.at/course/view.php?id=79839,2026-02-02T20:00:00,2026-03-15T23:59:00,2026-03-15T23:59:00
105.600,Econometrics 2,https://tiss.tuwien.ac.at/course/courseDetails.xhtml?courseNr=105600,,,,
105.601,Life and health insurance mathematics,https://tiss.tuwien.ac.at/course/courseDetails.xhtml?courseNr=105601,,2026-06-29T00:00:00,2026-10-29T23:59:00,2026-10-29T23:59:00
105.602,Life and health insurance mathematics,https://tiss.tuwien.ac.at/course/courseDetails.xhtml?courseNr=105602,,2026-07-01T00:00:00,2026-10-11T23:59:00,2026-10-31T00:59:00
105.603,Risk management in finance and insurance,https://tiss.tuwien.ac.at/course/courseDetails.xhtml?courseNr=105603,https://tuwel.tuwien.ac.at/course/view.php?id=80235,2025-12-31T00:00:00,2026-03-15T23:59:00,2026-03-30T23:59:00
105.605,Microeconomics for WM,https://tiss.tuwien.ac.at/course/courseDetails.xhtml?courseNr=105605,,2026-09-25T08:00:00,,
105.606,Macroeconomics for WM,https://tiss.tuwien.ac.at/course/courseDetails.xhtml?courseNr=105606,https://tuwel.tuwien.ac.at/course/view.php?id=79626,2026-02-18T14:10:00,,
105.607,Microeconomics for WM,https://tiss.tuwien.ac.at/course/courseDetails.xhtml?courseNr=105607,,2026-10-02T08:00:00,2026-10-05T23:59:00,
105.608,Macroeconomics for WM,https://tiss.tuwien.ac.at/course/courseDetails.xhtml?courseNr=105608,https://tuwel.tuwien.ac.at/course/view.php?id=79629,2026-02-18T08:00:00,2026-03-06T08:00:00,2026-03-06T08:00:00
105.617,Project with bachelor work (Operations Research and Control Systems),https://tiss.tuwien.ac.at/course/courseDetails.xhtml?courseNr=105617,,2026-07-03T00:00:00,2027-02-02T00:59:00,
105.618,Optimization practice,https://tiss.tuwien.ac.at/course/courseDetails.xhtml?courseNr=105618,,2026-09-23T15:00:00,2026-10-26T22:59:00,2026-10-26T22:59:00
105.620,Principles of Microeconomics,https://tiss.tuwien.ac.at/course/courseDetails.xhtml?courseNr=105620,https://tuwel.tuwien.ac.at/course/view.php?id=82714,2026-09-07T00:01:00,2026-10-26T23:59:00,2026-10-26T23:59:00
105.621,Principles of Microeconomics,https://tiss.tuwien.ac.at/course/courseDetails.xhtml?courseNr=105621,https://tuwel.tuwien.ac.at/course/view.php?id=82711,2026-10-06T12:00:00,2026-10-13T23:59:00,2026-10-15T23:59:00
105.622,Computational Social Simulation,https://tiss.tuwien.ac.at/course/courseDetails.xhtml?courseNr=105622,https://tuwel.tuwien.ac.at/course/view.php?id=81296,2026-02-24T00:01:00,2026-03-09T23:59:00,2026-03-23T23:59:00
105.623,International Trade Theory and Policy,https://tiss.tuwien.ac.at/course/courseDetails.xhtml?courseNr=105623,https://tuwel.tuwien.ac.at/course/view.php?id=79635,2026-02-03T00:01:00,2026-07-02T23:59:00,2026-07-02T23:59:00
105.627,Project with Bachelor Thesis (Economics),https://tiss.tuwien.ac.at/course/courseDetails.xhtml?courseNr=105627,,2026-09-02T00:01:00,2026-10-11T23:59:00,2026-10-11T23:59:00
105.628,Econometrics for Business Informatics,https://tiss.tuwien.ac.at/course/courseDetails.xhtml?courseNr=105628,https://tuwel.tuwien.ac.at/course/view.php?id=79821,,,
105.636,"Financial Markets, Financial Intermediation and Capital Investment",https://tiss.tuwien.ac.at/course/courseDetails.xhtml?courseNr=105636,https://tuwel.tuwien.ac.at/course/view.php?id=79617,2025-12-31T00:00:00,2026-03-29T23:59:00,2026-03-30T23:59:00
105.638,Risk and Ruin Theory,https://tiss.tuwien.ac.at/course/courseDetails.xhtml?courseNr=105638,,2026-07-30T00:00:00,2026-12-29T23:59:00,2027-01-29T23:59:00
105.639,Interest rate models and derivatives,https://tiss.tuwien.ac.at/course/courseDetails.xhtml?courseNr=105639,https://tuwel.tuwien.ac.at/course/view.php?id=82912,2026-07-01T00:00:00,2026-10-11T23:59:00,2026-10-15T23:59:00
105.642,Credit risk models and derivatives,https://tiss.tuwien.ac.at/course/courseDetails.xhtml?courseNr=105642,,2026-01-13T00:00:00,2026-03-16T23:59:00,2026-04-06T23:59:00
105.643,Actuarial Modeling,https://tiss.tuwien.ac.at/course/courseDetails.xhtml?courseNr=105643,,2026-09-03T00:00:00,2027-07-02T23:59:00,2027-01-02T23:59:00
105.645,Stationary Processes and Time Series Analysis,https://tiss.tuwien.ac.at/course/courseDetails.xhtml?courseNr=105645,https://tuwel.tuwien.ac.at/course/view.php?id=67841,,,
105.646,Dynamic Macroeconomics,https://tiss.tuwien.ac.at/course/courseDetails.xhtml?courseNr=105646,,2026-10-02T13:00:00,2026-10-13T23:59:00,
105.647,Dynamic Macroeconomics,https://tiss.tuwien.ac.at/course/courseDetails.xhtml?courseNr=105647,,2026-09-23T11:00:00,2026-10-22T08:30:00,2026-10-29T12:00:00
105.649,Game Theoretic Modelling,https://tiss.tuwien.ac.at/course/courseDetails.xhtml?courseNr=105649,,2026-09-03T12:00:00,2026-11-30T11:00:00,2026-11-30T12:00:00
105.651,AKOEK Project in Econometrics with R,https://tiss.tuwien.ac.at/course/courseDetails.xhtml?courseNr=105651,,,,
105.652,Nonlinear Programming,https://tiss.tuwien.ac.at/course/courseDetails.xhtml?courseNr=105652,,2026-09-14T08:00:00,2026-09-28T18:00:00,
105.653,Stochastic analysis in financial and actuarial mathematics 1,https://tiss.tuwien.ac.at/course/courseDetails.xhtml?courseNr=105653,,2026-06-29T00:00:00,2027-03-29T23:59:00,2027-03-29T23:59:00
105.654,Applied Operations Research,https://tiss.tuwien.ac.at/course/courseDetails.xhtml?courseNr=105654,,2026-02-18T00:00:00,2026-02-25T12:00:00,
105.655,Applied Operations Research,https://tiss.tuwien.ac.at/course/courseDetails.xhtml?courseNr=105655,,2026-02-18T00:00:00,2026-02-25T12:00:00,
105.658,AKOR Project in Operations Research,https://tiss.tuwien.ac.at/course/courseDetails.xhtml?courseNr=105658,,2026-10-05T00:00:00,2027-12-25T23:59:00,2026-12-25T23:59:00
105.661,AKFVM Implementation of stochastic methods in financial and actuarial mathematics,https://tiss.tuwien.ac.at/course/courseDetails.xhtml?courseNr=105661,,2026-07-01T00:00:00,2026-10-11T23:59:00,2026-10-15T23:59:00
105.670,Consultations for PhD students,https://tiss.tuwien.ac.at/course/courseDetails.xhtml?courseNr=105670,,,,
105.673,"AKOEK/AKFVM Selected topics in econometrics, finance and insurance",https://tiss.tuwien.ac.at/course/courseDetails.xhtml?courseNr=105673,,2026-07-01T00:00:00,2026-10-13T23:59:00,2026-10-15T23:59:00
105.674,AKFVM Seminar in Mathematical Finance and Probability,https://tiss.tuwien.ac.at/course/courseDetails.xhtml?courseNr=105674,,,,
105.686,Privatissimum for diploma and doctoral students,https://tiss.tuwien.ac.at/course/courseDetails.xhtml?courseNr=105686,,,,
105.690,Advanced Macroeconomics,https://tiss.tuwien.ac.at/course/courseDetails.xhtml?courseNr=105690,,2026-09-14T12:00:00,2026-10-02T00:00:00,
105.691,Advanced Macroeconomics,https://tiss.tuwien.ac.at/course/courseDetails.xhtml?courseNr=105691,https://tuwel.tuwien.ac.at/course/view.php?id=79119,2026-01-21T12:00:00,2026-02-13T23:59:00,
105.692,Introduction to Statistics,https://tiss.tuwien.ac.at/course/courseDetails.xhtml?courseNr=105692,https://tuwel.tuwien.ac.at/course/view.php?id=80274,2026-02-17T09:00:00,2026-03-11T12:00:00,2026-03-21T12:00:00
105.693,Introduction to Statistics,https://tiss.tuwien.ac.at/course/courseDetails.xhtml?courseNr=105693,https://tuwel.tuwien.ac.at/course/view.php?id=79785,2026-02-09T08:00:00,2026-03-08T12:00:00,2026-04-03T23:59:00
105.695,Introduction to stochastic processes and time series,https://tiss.tuwien.ac.at/course/courseDetails.xhtml?courseNr=105695,https://tuwel.tuwien.ac.at/course/view.php?id=80232,2026-01-03T00:00:00,2026-04-02T23:59:00,2026-04-02T23:59:00
105.704,Principles of Macroeconomics,https://tiss.tuwien.ac.at/course/courseDetails.xhtml?courseNr=105704,,2026-09-25T08:00:00,,
105.707,Advanced Methods for Regression and Classification,https://tiss.tuwien.ac.at/course/courseDetails.xhtml?courseNr=105707,https://tuwel.tuwien.ac.at/course/view.php?id=83044,2026-09-03T09:00:00,2026-10-18T12:00:00,2026-10-18T12:00:00
105.708,Data Acquisition and Survey Methods,https://tiss.tuwien.ac.at/course/courseDetails.xhtml?courseNr=105708,https://tuwel.tuwien.ac.at/course/view.php?id=80442,2026-01-06T08:00:00,2026-03-15T16:00:00,2026-03-15T16:00:00
105.718,Privatissimum for diploma and doctoral students,https://tiss.tuwien.ac.at/course/courseDetails.xhtml?courseNr=105718,,,,
105.721,AKWTH Seminar in Probability Theory,https://tiss.tuwien.ac.at/course/courseDetails.xhtml?courseNr=105721,,2025-02-17T08:00:00,,
105.725,General Regression Models,https://tiss.tuwien.ac.at/course/courseDetails.xhtml?courseNr=105725,https://tuwel.tuwien.ac.at/course/view.php?id=80172,2026-02-24T17:00:00,2026-03-21T23:59:00,2026-03-30T23:59:00
105.729,Privatissimum for diploma and doctoral students,https://tiss.tuwien.ac.at/course/courseDetails.xhtml?courseNr=105729,,,,
105.731,AKSTA Statistical Computing,https://tiss.tuwien.ac.at/course/courseDetails.xhtml?courseNr=105731,https://tuwel.tuwien.ac.at/course/view.php?id=78444,2026-02-16T12:00:00,2026-03-08T12:00:00,2026-03-23T08:00:00
105.744,Seminar for Students Working on their Diploma or Doctoral Theses,https://tiss.tuwien.ac.at/course/courseDetails.xhtml?courseNr=105744,,,,
105.745,Theory of stochastic processes,https://tiss.tuwien.ac.at/course/courseDetails.xhtml?courseNr=105745,https://tuwel.tuwien.ac.at/course/view.php?id=81101,2026-01-28T08:00:00,2026-03-27T19:00:00,2026-07-27T20:00:00
105.746,Theory of stochastic processes,https://tiss.tuwien.ac.at/course/courseDetails.xhtml?courseNr=105746,https://tuwel.tuwien.ac.at/course/view.php?id=80685,2026-01-28T08:00:00,2026-06-26T19:00:00,2026-07-27T20:00:00
105.747,AKOR Seminar of Variational Analysis Dynamics and Operations Research,https://tiss.tuwien.ac.at/course/courseDetails.xhtml?courseNr=105747,,,,
105.749,Project with Bachelor Thesis,https://tiss.tuwien.ac.at/course/courseDetails.xhtml?courseNr=105749,,,,
105.750,Privatissimum for Master and PhD students,https://tiss.tuwien.ac.at/course/courseDetails.xhtml?courseNr=105750,,,,
105.754,Privatissimum for diploma and doctoral students,https://tiss.tuwien.ac.at/course/courseDetails.xhtml?courseNr=105754,,,,
105.756,Statistical Methods in Insurance,https://tiss.tuwien.ac.at/course/courseDetails.xhtml?courseNr=105756,,2026-06-29T00:00:00,2026-10-13T23:59:00,2026-10-15T23:59:00
105.759,Advanced life insurance mathematics,https://tiss.tuwien.ac.at/course/courseDetails.xhtml?courseNr=105759,https://tuwel.tuwien.ac.at/course/view.php?id=80400,2025-12-31T00:00:00,2026-03-30T23:59:00,2026-03-30T22:59:00
105.760,International Financial Reporting,https://tiss.tuwien.ac.at/course/courseDetails.xhtml?courseNr=105760,https://tuwel.tuwien.ac.at/course/view.php?id=78984,2025-12-31T00:00:00,2026-05-30T23:59:00,2026-05-30T23:59:00
105.761,Seminar with seminar paper (Computational Statistics),https://tiss.tuwien.ac.at/course/courseDetails.xhtml?courseNr=105761,,,,
105.762,Introduction to Financial Networks,https://tiss.tuwien.ac.at/course/courseDetails.xhtml?courseNr=105762,,2026-01-28T00:00:00,2026-03-27T22:50:00,2026-03-27T22:50:00
105.763,Introduction to Nonlinear Optimization,https://tiss.tuwien.ac.at/course/courseDetails.xhtml?courseNr=105763,,2026-03-04T12:00:00,2026-03-22T12:00:00,2026-06-03T23:00:00
105.764,Introduction to Nonlinear Optimization,https://tiss.tuwien.ac.at/course/courseDetails.xhtml?courseNr=105764,https://tuwel.tuwien.ac.at/course/view.php?id=80820,2026-03-04T16:00:00,2026-03-22T23:00:00,2026-05-03T23:00:00
106.064,Numerical Analysis,https://tiss.tuwien.ac.at/course/courseDetails.xhtml?courseNr=106064,,,,
,,https://tiss.tuwien.ac.at/course/courseDetails.xhtml?courseNr=107,,,,
107.079,Mathematical Statistics,https://tiss.tuwien.ac.at/course/courseDetails.xhtml?courseNr=107079,,,,
107.134,project course in technical mathematics,https://tiss.tuwien.ac.at/course/courseDetails.xhtml?courseNr=107134,,,,
107.210,Mathematical Statistics,https://tiss.tuwien.ac.at/course/courseDetails.xhtml?courseNr=107210,,2026-08-31T08:00:00,2027-02-25T18:00:00,
107.254,Statistics and Probability Theory,https://tiss.tuwien.ac.at/course/courseDetails.xhtml?courseNr=107254,,2026-09-01T00:00:00,2026-10-06T23:59:00,2026-10-31T23:59:00
107.258,Computational Statistics,https://tiss.tuwien.ac.at/course/courseDetails.xhtml?courseNr=107258,,2026-07-20T00:00:00,2026-10-05T23:59:00,2026-10-05T23:59:00
107.273,Statistics and Probability Theory,https://tiss.tuwien.ac.at/course/courseDetails.xhtml?courseNr=107273,,2026-01-30T00:00:00,2026-03-30T12:00:00,2026-03-30T12:00:00
107.329,Methods in Applied Statistics,https://tiss.tuwien.ac.at/course/courseDetails.xhtml?courseNr=107329,,2026-09-08T09:00:00,2026-10-11T14:00:00,2026-10-23T08:00:00
107.330,Statistical Simulation and Computerintensive Methods,https://tiss.tuwien.ac.at/course/courseDetails.xhtml?courseNr=107330,,2026-08-31T06:00:00,2026-10-29T23:00:00,2026-10-22T23:00:00
107.368,Seminar (with Bachelor Thesis),https://tiss.tuwien.ac.at/course/courseDetails.xhtml?courseNr=107368,,2026-09-17T12:00:00,2026-10-09T00:00:00,
107.369,Statistics and Probability Theory,https://tiss.tuwien.ac.at/course/courseDetails.xhtml?courseNr=107369,,2026-08-31T07:00:00,2026-10-05T23:59:00,2026-10-30T23:59:00
107.370,Statistics and Probability Theory,https://tiss.tuwien.ac.at/course/courseDetails.xhtml?courseNr=107370,,,,
107.388,Multivariate Statistics,https://tiss.tuwien.ac.at/course/courseDetails.xhtml?courseNr=107388,https://tuwel.tuwien.ac.at/course/view.php?id=75639,2026-09-03T12:00:00,2026-10-18T12:00:00,2026-10-18T12:00:00
107.391,Multivariate Statistics,https://tiss.tuwien.ac.at/course/courseDetails.xhtml?courseNr=107391,https://tuwel.tuwien.ac.at/course/view.php?id=83029,2026-09-14T12:00:00,2026-10-11T12:00:00,2026-10-11T12:00:00
107.413,Project with bachelor thesis,https://tiss.tuwien.ac.at/course/courseDetails.xhtml?courseNr=107413,,,,
107.805,Seminar in Computer Statistics,https://tiss.tuwien.ac.at/course/courseDetails.xhtml?courseNr=107805,,,,
108.030,Lambda Calculus,https://tiss.tuwien.ac.at/course/courseDetails.xhtml?courseNr=108030,,,,
109.002,Seminar in Econometrics,https://tiss.tuwien.ac.at/course/courseDetails.xhtml?courseNr=109002,,2026-10-12T00:00:00,2026-10-16T23:59:00,2026-10-23T23:59:00
109.012,Econometrics 1: Linear Models,https://tiss.tuwien.ac.at/course/courseDetails.xhtml?courseNr=109012,,2026-09-03T00:00:00,2026-10-04T23:59:00,2026-10-04T23:59:00
110.043,AKOR Mathematical Models of Drug Use and Drug Control,https://tiss.tuwien.ac.at/course/courseDetails.xhtml?courseNr=110043,,2026-09-14T08:00:00,2026-09-29T18:00:00,
110.198,AKOR Graph-theoretical Methods in Operations Research,https://tiss.tuwien.ac.at/course/courseDetails.xhtml?courseNr=110198,,2026-08-31T12:00:00,2026-10-26T10:00:00,2026-10-26T16:00:00
111.092,AKGEO Projects in Mathematics,https://tiss.tuwien.ac.at/course/courseDetails.xhtml?courseNr=111092,,2026-07-06T13:00:00,2026-10-26T23:59:00,2026-11-25T23:59:00
112.026,preparatory course for the Ergaenzungspruefung/DG exam,https://tiss.tuwien.ac.at/course/courseDetails.xhtml?courseNr=112026,,2026-07-26T08:00:00,,
118.943,Algebraic Number Theory,https://tiss.tuwien.ac.at/course/courseDetails.xhtml?courseNr=118943,,2024-04-17T12:00:00,2024-08-02T12:00:00,2024-08-02T12:00:00
120.001,Integrative Project,https://tiss.tuwien.ac.at/course/courseDetails.xhtml?courseNr=120001,,2026-02-03T00:00:00,2026-03-20T00:00:00,2026-03-29T00:00:00
120.003,"Seminar in Geodesy, Engineering Geodesy and Geophysics",https://tiss.tuwien.ac.at/course/courseDetails.xhtml?courseNr=120003,,2026-09-04T12:00:00,2026-11-03T23:59:00,2026-11-30T23:59:00
120.004,Parameter Estimation,https://tiss.tuwien.ac.at/course/courseDetails.xhtml?courseNr=120004,,2026-06-30T00:00:00,2026-10-14T12:00:00,2026-10-14T12:00:00
120.005,Parameter Estimation,https://tiss.tuwien.ac.at/course/courseDetails.xhtml?courseNr=120005,,2026-06-30T00:00:00,2026-10-14T12:00:00,2026-10-14T12:00:00
120.013,Cadastre (advanced),https://tiss.tuwien.ac.at/course/courseDetails.xhtml?courseNr=120013,,2026-09-01T00:00:00,2026-10-09T13:00:00,2026-10-09T13:00:00
120.014,Cadastre (advanced),https://tiss.tuwien.ac.at/course/courseDetails.xhtml?courseNr=120014,,2026-09-04T00:00:00,2026-10-24T13:00:00,2026-10-24T13:00:00
120.015,Seminar in Geoinformation and Cartography,https://tiss.tuwien.ac.at/course/courseDetails.xhtml?courseNr=120015,,,,
120.017,Atmospheric Effects in Space Geodesy,https://tiss.tuwien.ac.at/course/courseDetails.xhtml?courseNr=120017,,2026-09-02T00:00:00,,
120.018,Atmospheric Effects in Space Geodesy,https://tiss.tuwien.ac.at/course/courseDetails.xhtml?courseNr=120018,,2026-08-17T00:00:00,2026-10-21T23:59:00,
120.019,Earth Rotation and Global Dynamic Processes,https://tiss.tuwien.ac.at/course/courseDetails.xhtml?courseNr=120019,,2026-07-20T09:00:00,2026-10-20T08:40:00,
120.020,Seminar in Geosciences (Higher Geodesy),https://tiss.tuwien.ac.at/course/courseDetails.xhtml?courseNr=120020,,,,
120.021,Satellite Navigation Systems and Services,https://tiss.tuwien.ac.at/course/courseDetails.xhtml?courseNr=120021,,2026-02-18T00:00:00,2026-03-03T23:59:00,
120.025,Seminar in Geosciences (Geoinformation),https://tiss.tuwien.ac.at/course/courseDetails.xhtml?courseNr=120025,,,,
120.029,Microwave Remote Sensing,https://tiss.tuwien.ac.at/course/courseDetails.xhtml?courseNr=120029,,2026-10-06T09:00:00,2026-11-07T23:00:00,
120.030,Microwave Remote Sensing,https://tiss.tuwien.ac.at/course/courseDetails.xhtml?courseNr=120030,,2026-10-07T00:00:00,2026-10-22T16:00:00,2026-10-22T16:00:00
120.032,Point Cloud Processing,https://tiss.tuwien.ac.at/course/courseDetails.xhtml?courseNr=120032,,2026-09-17T11:11:00,2026-10-11T23:59:00,
120.033,Seminar in Photogrammetry and Remote Sensing,https://tiss.tuwien.ac.at/course/courseDetails.xhtml?courseNr=120033,,2026-09-01T00:00:00,2026-10-11T23:59:00,2026-11-06T23:59:00
120.037,Seminar in Geosciences (Photogrammetry and Remote Sensing),https://tiss.tuwien.ac.at/course/courseDetails.xhtml?courseNr=120037,https://tuwel.tuwien.ac.at/course/view.php?id=83230,2026-08-31T00:00:00,2026-10-11T23:59:00,
120.043,Bachelor Thesis in Geodesy and Geoinformation (Geophysics),https://tiss.tuwien.ac.at/course/courseDetails.xhtml?courseNr=120043,,2026-10-13T07:00:00,2027-02-28T22:00:00,
120.045,Mathematical Methods of Geosciences,https://tiss.tuwien.ac.at/course/courseDetails.xhtml?courseNr=120045,,2026-09-01T00:00:00,2026-11-08T23:59:00,2026-11-30T23:59:00
120.048,Astronomy,https://tiss.tuwien.ac.at/course/courseDetails.xhtml?courseNr=120048,,2026-10-07T12:00:00,2026-11-21T15:00:00,2026-11-21T09:00:00
120.049,Seminar in Geosciences (Geophysics),https://tiss.tuwien.ac.at/course/courseDetails.xhtml?courseNr=120049,,,,
120.053,Management for civil engineers,https://tiss.tuwien.ac.at/course/courseDetails.xhtml?courseNr=120053,,2026-09-03T12:00:00,2026-10-14T23:00:00,2026-10-20T08:00:00
120.055,Geology and Geomorphology,https://tiss.tuwien.ac.at/course/courseDetails.xhtml?courseNr=120055,,2026-10-03T12:00:00,2026-11-02T12:00:00,
120.060,Geophysical data processing,https://tiss.tuwien.ac.at/course/courseDetails.xhtml?courseNr=120060,,2026-08-30T00:00:00,2026-10-10T17:00:00,2026-10-10T23:59:00
120.063,Fundamentals of Geophysics,https://tiss.tuwien.ac.at/course/courseDetails.xhtml?courseNr=120063,,2026-09-14T00:00:00,2027-02-06T23:59:00,2026-10-20T23:59:00
120.064,Fundamentals of Geophysics,https://tiss.tuwien.ac.at/course/courseDetails.xhtml?courseNr=120064,,2026-09-14T06:00:00,2026-10-08T10:00:00,2026-10-08T11:00:00
120.069,Introduction to Higher Geodesy,https://tiss.tuwien.ac.at/course/courseDetails.xhtml?courseNr=120069,https://tuwel.tuwien.ac.at/course/view.php?id=78504,2026-02-02T00:00:00,2026-03-20T00:59:00,2026-04-01T23:59:00
120.071,Satellite Geodesy,https://tiss.tuwien.ac.at/course/courseDetails.xhtml?courseNr=120071,,2026-09-01T00:00:00,2026-11-15T12:00:00,2026-11-30T16:00:00
120.072,Geoinformation,https://tiss.tuwien.ac.at/course/courseDetails.xhtml?courseNr=120072,https://tuwel.tuwien.ac.at/course/view.php?id=75747,2026-09-05T00:00:00,2026-10-19T12:00:00,2026-10-19T12:00:00
120.073,Implementing a GIS Application,https://tiss.tuwien.ac.at/course/courseDetails.xhtml?courseNr=120073,,2026-07-01T00:00:00,2026-10-15T23:59:00,2026-10-22T23:59:00
120.074,Implementing a GIS Application,https://tiss.tuwien.ac.at/course/courseDetails.xhtml?courseNr=120074,,2026-07-01T00:00:00,2026-10-15T00:00:00,2026-10-22T23:59:00
120.085,Mobile GIS,https://tiss.tuwien.ac.at/course/courseDetails.xhtml?courseNr=120085,,2026-07-01T00:00:00,2026-11-11T23:59:00,2026-11-18T23:59:00
120.086,Research Seminar for Doktoral Students,https://tiss.tuwien.ac.at/course/courseDetails.xhtml?courseNr=120086,,,,
120.087,Mobile GIS,https://tiss.tuwien.ac.at/course/courseDetails.xhtml?courseNr=120087,,2026-07-01T00:00:00,2026-10-14T12:00:00,2026-10-21T23:59:00
120.088,Projects in Development Cooperation,https://tiss.tuwien.ac.at/course/courseDetails.xhtml?courseNr=120088,,2026-07-30T12:00:00,2026-10-12T12:00:00,2026-10-12T12:00:00
120.092,Seminar in Geoinformation and Cartography,https://tiss.tuwien.ac.at/course/courseDetails.xhtml?courseNr=120092,,,,
120.094,Advanced GIS and GeoAI,https://tiss.tuwien.ac.at/course/courseDetails.xhtml?courseNr=120094,https://tuwel.tuwien.ac.at/course/view.php?id=75951,2026-08-27T00:00:00,2026-10-30T23:59:00,2026-10-30T23:59:00
120.100,Introduction to Meteorology and Climatology,https://tiss.tuwien.ac.at/course/courseDetails.xhtml?courseNr=120100,https://tuwel.tuwien.ac.at/course/view.php?id=79422,2026-02-06T00:00:00,2026-03-11T23:59:00,
120.104,Biogeophysics and Environmental Geophysics,https://tiss.tuwien.ac.at/course/courseDetails.xhtml?courseNr=120104,https://tuwel.tuwien.ac.at/course/view.php?id=78699,2026-02-11T16:00:00,2026-03-07T12:00:00,2026-05-08T13:00:00
120.105,Exploration with Electric and Electromagnetic Methods,https://tiss.tuwien.ac.at/course/courseDetails.xhtml?courseNr=120105,,2026-08-25T12:00:00,2026-10-19T17:00:00,2026-10-20T12:00:00
120.106,Geodetic and Cartographic Fundaments for Spatial Planing,https://tiss.tuwien.ac.at/course/courseDetails.xhtml?courseNr=120106,,2026-08-31T00:00:00,2026-10-20T22:59:00,
120.109,Topographic and Hydrographic Models,https://tiss.tuwien.ac.at/course/courseDetails.xhtml?courseNr=120109,,2026-09-21T08:00:00,2026-10-18T23:59:00,2026-11-15T23:59:00
120.110,Data Retrieval in Earth Observation,https://tiss.tuwien.ac.at/course/courseDetails.xhtml?courseNr=120110,https://tuwel.tuwien.ac.at/course/view.php?id=75150,2026-01-27T00:00:00,,
120.114,Programming of special geomatic tasks,https://tiss.tuwien.ac.at/course/courseDetails.xhtml?courseNr=120114,,2026-09-13T00:00:00,2026-11-13T23:59:00,2026-11-13T23:59:00
120.116,"Introduction to Programming I for Geodesy, Geoinformation and Environmental Engineering",https://tiss.tuwien.ac.at/course/courseDetails.xhtml?courseNr=120116,,2026-09-03T00:00:00,2026-11-15T22:59:00,2026-11-15T22:59:00
120.118,GeoVisualization,https://tiss.tuwien.ac.at/course/courseDetails.xhtml?courseNr=120118,,2026-10-01T09:00:00,2026-10-20T23:59:00,2026-10-20T22:59:00
120.121,Elements of Cartography,https://tiss.tuwien.ac.at/course/courseDetails.xhtml?courseNr=120121,,2026-09-21T00:00:00,2026-10-20T22:59:00,
120.122,Fundamentals of Geodynamics,https://tiss.tuwien.ac.at/course/courseDetails.xhtml?courseNr=120122,https://tuwel.tuwien.ac.at/course/view.php?id=82921,2026-09-23T12:00:00,2026-10-20T18:00:00,2026-11-10T11:00:00
120.123,Geo-Media Techniques,https://tiss.tuwien.ac.at/course/courseDetails.xhtml?courseNr=120123,https://tuwel.tuwien.ac.at/course/view.php?id=78714,2026-02-13T00:00:00,2026-03-22T23:59:00,
120.124,Multimedia Cartography and GeoCommunication,https://tiss.tuwien.ac.at/course/courseDetails.xhtml?courseNr=120124,https://tuwel.tuwien.ac.at/course/view.php?id=78426,2026-02-13T00:00:00,2026-03-16T23:59:00,
120.125,Seismic Methods in Near Surface Geophysics,https://tiss.tuwien.ac.at/course/courseDetails.xhtml?courseNr=120125,https://tuwel.tuwien.ac.at/course/view.php?id=79632,2026-02-17T09:00:00,2026-03-24T15:00:00,2026-03-21T09:00:00
120.127,Geodata Excursion,https://tiss.tuwien.ac.at/course/courseDetails.xhtml?courseNr=120127,,2026-09-22T10:00:00,2026-10-14T14:00:00,2026-10-15T12:00:00
120.129,Introduction to Earth Observation,https://tiss.tuwien.ac.at/course/courseDetails.xhtml?courseNr=120129,,2026-10-06T10:00:00,2027-01-07T00:00:00,
120.130,Alignment course Python programming,https://tiss.tuwien.ac.at/course/courseDetails.xhtml?courseNr=120130,,2026-09-22T00:00:00,2026-12-03T23:59:00,2026-12-03T23:59:00
120.131,Urban Geophysics,https://tiss.tuwien.ac.at/course/courseDetails.xhtml?courseNr=120131,,2026-11-03T13:00:00,2026-11-25T13:00:00,2026-11-26T13:00:00
120.136,Model-Data Integration in Earth System Science,https://tiss.tuwien.ac.at/course/courseDetails.xhtml?courseNr=120136,,2026-08-03T00:00:00,2026-10-08T23:59:00,
120.137,Navigation,https://tiss.tuwien.ac.at/course/courseDetails.xhtml?courseNr=120137,,2026-08-31T00:00:00,2026-10-28T00:00:00,
120.138,Real property law,https://tiss.tuwien.ac.at/course/courseDetails.xhtml?courseNr=120138,,,,
120.140,Introductory Seminar (Master programme Geodesy and Geoinformation),https://tiss.tuwien.ac.at/course/courseDetails.xhtml?courseNr=120140,,2026-09-09T00:00:00,2026-09-30T12:00:00,
120.141,Management for civil engineers,https://tiss.tuwien.ac.at/course/courseDetails.xhtml?courseNr=120141,,2026-09-03T12:00:00,2026-10-13T12:00:00,2026-10-21T08:00:00
120.144,Introduction to Higher Geodesy,https://tiss.tuwien.ac.at/course/courseDetails.xhtml?courseNr=120144,,2027-01-25T10:00:00,,
120.145,Photogrammetry,https://tiss.tuwien.ac.at/course/courseDetails.xhtml?courseNr=120145,,2026-09-24T00:00:00,2026-11-27T00:00:00,
120.146,Photogrammetry,https://tiss.tuwien.ac.at/course/courseDetails.xhtml?courseNr=120146,,2026-09-03T00:00:00,2026-10-05T12:00:00,
120.148,Satellite Gravimetry: Methods and Applications,https://tiss.tuwien.ac.at/course/courseDetails.xhtml?courseNr=120148,,2027-02-08T00:00:00,,
120.149,Satellite Gravimetry: Methods and Applications,https://tiss.tuwien.ac.at/course/courseDetails.xhtml?courseNr=120149,,2027-02-01T10:00:00,2027-03-01T23:00:00,2027-03-02T20:00:00
122.007,Research Seminar in Photogrammetry and Remote Sensing for PhD students,https://tiss.tuwien.ac.at/course/courseDetails.xhtml?courseNr=122007,,,,
122.024,Scientific Projects,https://tiss.tuwien.ac.at/course/courseDetails.xhtml?courseNr=122024,,,,
122.028,Research Seminar für Diploma and Doctoral Students,https://tiss.tuwien.ac.at/course/courseDetails.xhtml?courseNr=122028,,,,
122.031,Global Change Monitoring,https://tiss.tuwien.ac.at/course/courseDetails.xhtml?courseNr=122031,,2026-10-03T09:00:00,2026-10-29T21:59:00,
122.036,Fundamentals of Photogrammetry,https://tiss.tuwien.ac.at/course/courseDetails.xhtml?courseNr=122036,,2026-09-24T00:00:00,2027-02-01T00:00:00,
122.037,Fundamentals of Remote Sensing,https://tiss.tuwien.ac.at/course/courseDetails.xhtml?courseNr=122037,,2026-09-03T09:00:00,2028-01-01T00:00:00,
122.038,Exclusive Tutorial for Diploma and PhD Students,https://tiss.tuwien.ac.at/course/courseDetails.xhtml?courseNr=122038,,,,
122.422,Digital Image Processing in Geodesy and Geoinformation,https://tiss.tuwien.ac.at/course/courseDetails.xhtml?courseNr=122422,https://tuwel.tuwien.ac.at/course/view.php?id=79419,2026-01-31T00:00:00,2026-03-17T00:00:00,2026-03-16T23:59:00
122.423,Digital Image Processing in Geodesy and Geoinformation,https://tiss.tuwien.ac.at/course/courseDetails.xhtml?courseNr=122423,https://tuwel.tuwien.ac.at/course/view.php?id=79428,2026-02-02T21:21:00,2026-03-16T21:21:00,2026-05-05T00:00:00
122.426,Applied Remote Sensing,https://tiss.tuwien.ac.at/course/courseDetails.xhtml?courseNr=122426,https://tuwel.tuwien.ac.at/course/view.php?id=83635,2026-10-03T00:00:00,2026-10-15T14:00:00,2026-10-21T14:00:00
122.427,Topographic Models,https://tiss.tuwien.ac.at/course/courseDetails.xhtml?courseNr=122427,,,,
122.431,Calculation Exercises in Photogrammetry and Remote Sensing,https://tiss.tuwien.ac.at/course/courseDetails.xhtml?courseNr=122431,,2026-09-03T00:00:00,2026-11-02T23:59:00,
122.432,"Bachelor Thesis in Geodesy and Geoinformation (Photogrammetry, Remote Sensing)",https://tiss.tuwien.ac.at/course/courseDetails.xhtml?courseNr=122432,,,,
122.435,Privatissimum for Bachelor and Master and PhD Students,https://tiss.tuwien.ac.at/course/courseDetails.xhtml?courseNr=122435,,,,
123.031,Data Quality,https://tiss.tuwien.ac.at/course/courseDetails.xhtml?courseNr=123031,,2026-06-30T00:00:00,2026-10-14T12:00:00,2026-10-14T12:00:00
124.026,Very Long Baseline Interferometry,https://tiss.tuwien.ac.at/course/courseDetails.xhtml?courseNr=124026,,2026-09-01T01:00:00,2026-12-31T01:00:00,
124.031,Mathematical Methods of Geosciences,https://tiss.tuwien.ac.at/course/courseDetails.xhtml?courseNr=124031,,2026-09-01T13:00:00,2026-11-08T12:00:00,
125.010,Privatissimum for diploma and doctorate students,https://tiss.tuwien.ac.at/course/courseDetails.xhtml?courseNr=125010,,2026-10-13T07:00:00,2026-10-31T22:00:00,
126.088,Privatissimum for PhD students,https://tiss.tuwien.ac.at/course/courseDetails.xhtml?courseNr=126088,,,,
126.099,Location-based Services,https://tiss.tuwien.ac.at/course/courseDetails.xhtml?courseNr=126099,https://tuwel.tuwien.ac.at/course/view.php?id=80328,2026-02-02T12:00:00,2026-03-08T23:00:00,2026-03-17T23:00:00
126.225,Seminar for Diploma Thesis Issues,https://tiss.tuwien.ac.at/course/courseDetails.xhtml?courseNr=126225,,,,
127.010,Implementation of a GIS,https://tiss.tuwien.ac.at/course/courseDetails.xhtml?courseNr=127010,,2026-06-30T00:01:00,2026-10-15T15:00:00,2026-10-31T23:59:00
127.024,Welcoming Seminar Geodesy and Geoinformation,https://tiss.tuwien.ac.at/course/courseDetails.xhtml?courseNr=127024,,2026-07-12T00:00:00,2026-10-07T00:00:00,2026-10-02T09:00:00
127.028,Bachelor Thesis in Geodesy and Geoinformation (Cartography),https://tiss.tuwien.ac.at/course/courseDetails.xhtml?courseNr=127028,,,,
127.031,Cadastre,https://tiss.tuwien.ac.at/course/courseDetails.xhtml?courseNr=127031,,2026-07-28T12:00:00,2026-10-12T12:00:00,2026-10-27T12:00:00
127.032,Adjustment Computations,https://tiss.tuwien.ac.at/course/courseDetails.xhtml?courseNr=127032,,2026-06-30T00:00:00,2026-10-14T12:00:00,2026-10-14T12:00:00
127.033,Adjustment Computations,https://tiss.tuwien.ac.at/course/courseDetails.xhtml?courseNr=127033,,2026-06-30T00:00:00,2026-10-14T12:00:00,2026-10-14T12:00:00
127.036,Bachelor Thesis in Geodesy and Geoinformation (Geoinformation),https://tiss.tuwien.ac.at/course/courseDetails.xhtml?courseNr=127036,,,,
127.045,Webmapping,https://tiss.tuwien.ac.at/course/courseDetails.xhtml?courseNr=127045,https://tuwel.tuwien.ac.at/course/view.php?id=78423,2026-02-13T00:00:00,2026-03-16T23:59:00,
127.046,Implementation of a GIS,https://tiss.tuwien.ac.at/course/courseDetails.xhtml?courseNr=127046,,2026-06-30T00:01:00,2026-10-16T23:59:00,2026-11-01T23:59:00
128.010,Earth Rotation and Global Dynamic Processes,https://tiss.tuwien.ac.at/course/courseDetails.xhtml?courseNr=128010,,2026-07-20T09:00:00,,
128.012,Excursion Space Geodesy,https://tiss.tuwien.ac.at/course/courseDetails.xhtml?courseNr=128012,,2026-03-20T00:00:00,2026-04-15T23:00:00,
128.017,Modern Space Geodetic Techniques,https://tiss.tuwien.ac.at/course/courseDetails.xhtml?courseNr=128017,,2026-09-02T00:00:00,,
128.026,Tuitionary for Phd and diploma students,https://tiss.tuwien.ac.at/course/courseDetails.xhtml?courseNr=128026,,,,
128.028,Astronomy - an Overview,https://tiss.tuwien.ac.at/course/courseDetails.xhtml?courseNr=128028,,2026-08-05T00:00:00,2026-11-13T22:00:00,2026-11-13T10:00:00
128.029,Astronomy - an Overview,https://tiss.tuwien.ac.at/course/courseDetails.xhtml?courseNr=128029,,2026-01-19T00:00:00,2026-04-06T20:00:00,2026-04-05T20:00:00
128.030,Tuitionary for Phd and diploma students,https://tiss.tuwien.ac.at/course/courseDetails.xhtml?courseNr=128030,,,,
128.058,Positioning and Navigation using GNSS,https://tiss.tuwien.ac.at/course/courseDetails.xhtml?courseNr=128058,,2026-09-06T00:00:00,2026-10-24T23:59:00,2026-10-24T23:59:00
128.063,Satellite Geodesy,https://tiss.tuwien.ac.at/course/courseDetails.xhtml?courseNr=128063,,2026-09-01T01:00:00,2026-10-25T23:00:00,
128.078,Applied Geophysics,https://tiss.tuwien.ac.at/course/courseDetails.xhtml?courseNr=128078,https://tuwel.tuwien.ac.at/course/view.php?id=78696,2026-02-16T09:00:00,2026-03-28T13:00:00,2026-04-03T15:00:00
128.079,Geophysical data acquisition,https://tiss.tuwien.ac.at/course/courseDetails.xhtml?courseNr=128079,https://tuwel.tuwien.ac.at/course/view.php?id=74787,2026-01-30T08:00:00,2026-04-30T23:30:00,2026-05-05T18:00:00
128.080,Applied Geophysics,https://tiss.tuwien.ac.at/course/courseDetails.xhtml?courseNr=128080,https://tuwel.tuwien.ac.at/course/view.php?id=78693,2026-02-12T18:00:00,2026-03-13T13:00:00,2026-03-26T14:00:00
128.086,Geo-Coordinate Systems,https://tiss.tuwien.ac.at/course/courseDetails.xhtml?courseNr=128086,https://tuwel.tuwien.ac.at/course/view.php?id=78969,2026-02-23T08:00:00,2026-03-16T23:59:00,
128.088,Bachelor Thesis in Geodesy and Geoinformation (Higher Geodesy),https://tiss.tuwien.ac.at/course/courseDetails.xhtml?courseNr=128088,,,,
130.005,Introduction into the Bachelor Study of Physics,https://tiss.tuwien.ac.at/course/courseDetails.xhtml?courseNr=130005,,,,
130.007,Technical Mechanics for TPH,https://tiss.tuwien.ac.at/course/courseDetails.xhtml?courseNr=130007,,2026-09-03T16:00:00,2026-11-26T23:59:00,
130.009,Analytic Mechanics for TPH,https://tiss.tuwien.ac.at/course/courseDetails.xhtml?courseNr=130009,,2026-09-12T12:00:00,2026-12-03T23:59:00,2026-12-10T23:59:00
130.012,Fundamentals of Physics Ia,https://tiss.tuwien.ac.at/course/courseDetails.xhtml?courseNr=130012,,,,
130.013,Fundamentals of Physics Ia Exercises,https://tiss.tuwien.ac.at/course/courseDetails.xhtml?courseNr=130013,,,,
130.014,Fundamentals of Physics Ib,https://tiss.tuwien.ac.at/course/courseDetails.xhtml?courseNr=130014,,,,
130.015,Fundamentals of Physics Ib Exercises,https://tiss.tuwien.ac.at/course/courseDetails.xhtml?courseNr=130015,,,,
131.023,x-ray diffraction,https://tiss.tuwien.ac.at/course/courseDetails.xhtml?courseNr=131023,,,,
131.024,laboratory course in sample preparation and single crystals growth,https://tiss.tuwien.ac.at/course/courseDetails.xhtml?courseNr=131024,,,,
131.025,laboratory course,https://tiss.tuwien.ac.at/course/courseDetails.xhtml?courseNr=131025,,,,
131.028,laboratory course,https://tiss.tuwien.ac.at/course/courseDetails.xhtml?courseNr=131028,,,,
131.030,Project work about measuring methods,https://tiss.tuwien.ac.at/course/courseDetails.xhtml?courseNr=131030,,,,
131.038,Discussion with diplomands,https://tiss.tuwien.ac.at/course/courseDetails.xhtml?courseNr=131038,,,,
131.041,Privatissimum for Doctor-students,https://tiss.tuwien.ac.at/course/courseDetails.xhtml?courseNr=131041,,,,
131.042,Discussion with diplomands,https://tiss.tuwien.ac.at/course/courseDetails.xhtml?courseNr=131042,,,,
131.047,Strongly Correlated Electron Systems,https://tiss.tuwien.ac.at/course/courseDetails.xhtml?courseNr=131047,,2026-03-02T08:00:00,2026-07-01T23:58:00,2026-07-01T23:59:00
131.058,Technical Optics,https://tiss.tuwien.ac.at/course/courseDetails.xhtml?courseNr=131058,,2026-09-07T00:00:00,,
131.060,laboratory course quantum phenomena,https://tiss.tuwien.ac.at/course/courseDetails.xhtml?courseNr=131060,,,,
131.061,Project Work: Experimental Solid State Physics,https://tiss.tuwien.ac.at/course/courseDetails.xhtml?courseNr=131061,,,,
131.062,laboratory course in thermo electrica,https://tiss.tuwien.ac.at/course/courseDetails.xhtml?courseNr=131062,,,,
132.010,Project work in Condensed Matter Theory,https://tiss.tuwien.ac.at/course/courseDetails.xhtml?courseNr=132010,,,,
132.013,Project work in Statistical Mechanics,https://tiss.tuwien.ac.at/course/courseDetails.xhtml?courseNr=132013,,,,
132.015,Physical models of chaotic systems,https://tiss.tuwien.ac.at/course/courseDetails.xhtml?courseNr=132015,,,,
132.018,Privatissimum for Ph.D.Students,https://tiss.tuwien.ac.at/course/courseDetails.xhtml?courseNr=132018,,,,
132.034,Theoretical Solid State Physics I,https://tiss.tuwien.ac.at/course/courseDetails.xhtml?courseNr=132034,,2026-10-01T10:00:00,2026-11-02T23:55:00,2027-02-02T23:55:00
132.035,Advanced Atomic Theory,https://tiss.tuwien.ac.at/course/courseDetails.xhtml?courseNr=132035,,,,
132.036,Seminar for theoretical physics,https://tiss.tuwien.ac.at/course/courseDetails.xhtml?courseNr=132036,,,,
132.037,Projects on classical and quantum chaos,https://tiss.tuwien.ac.at/course/courseDetails.xhtml?courseNr=132037,,,,
132.039,PrA on dynamical processes at surfaces,https://tiss.tuwien.ac.at/course/courseDetails.xhtml?courseNr=132039,,,,
132.041,Privatissimum for PhD students,https://tiss.tuwien.ac.at/course/courseDetails.xhtml?courseNr=132041,,,,
132.067,Project work in Interaction of atoms with strong and short Laser fields,https://tiss.tuwien.ac.at/course/courseDetails.xhtml?courseNr=132067,,2026-10-01T22:00:00,2026-10-02T22:00:00,2026-10-15T22:00:00
132.068,PrA on Physics of Mesoscopic Systems,https://tiss.tuwien.ac.at/course/courseDetails.xhtml?courseNr=132068,,,,
132.069,Foundation and application of the correspondence principle between classical and quantum mechanics,https://tiss.tuwien.ac.at/course/courseDetails.xhtml?courseNr=132069,,,,
132.070,Applied Quantum Mechanics,https://tiss.tuwien.ac.at/course/courseDetails.xhtml?courseNr=132070,,2026-09-14T00:00:00,2027-01-17T23:59:00,
132.071,Seminar on Fundamental Interactions 1,https://tiss.tuwien.ac.at/course/courseDetails.xhtml?courseNr=132071,https://tuwel.tuwien.ac.at/course/view.php?id=83344,2026-09-14T08:00:00,2027-02-05T12:00:00,2027-02-05T12:00:00
132.073,Coherent Control of Quantum Systems,https://tiss.tuwien.ac.at/course/courseDetails.xhtml?courseNr=132073,,2026-10-14T00:00:00,2026-11-04T00:00:00,2026-11-04T00:00:00
132.074,Seminar on Fundamental Interactions 2,https://tiss.tuwien.ac.at/course/courseDetails.xhtml?courseNr=132074,,2026-03-05T02:00:00,,
132.968,Phase Transitions and Critical Phenomena,https://tiss.tuwien.ac.at/course/courseDetails.xhtml?courseNr=132968,,,,
133.005,Research seminar for doctoral thesis,https://tiss.tuwien.ac.at/course/courseDetails.xhtml?courseNr=133005,,,,
133.010,Electron energy loss spectrometry - project work,https://tiss.tuwien.ac.at/course/courseDetails.xhtml?courseNr=133010,,,,
133.018,Analytical electron microscopy - project work,https://tiss.tuwien.ac.at/course/courseDetails.xhtml?courseNr=133018,,,,
133.019,E/ Physics of Magnetic Materials,https://tiss.tuwien.ac.at/course/courseDetails.xhtml?courseNr=133019,,2026-10-01T08:00:00,2027-02-05T22:00:00,2027-02-05T23:00:00
133.021,Project work on applied low temperature physics,https://tiss.tuwien.ac.at/course/courseDetails.xhtml?courseNr=133021,,,,
133.026,Dislocations in Solids,https://tiss.tuwien.ac.at/course/courseDetails.xhtml?courseNr=133026,,,,
133.027,"Electron microscopy of semiconducting materials, project task",https://tiss.tuwien.ac.at/course/courseDetails.xhtml?courseNr=133027,,,,
133.030,Research seminar for doctoral thesis,https://tiss.tuwien.ac.at/course/courseDetails.xhtml?courseNr=133030,,,,
133.031,High Resolution Electron Microscopy (HREM),https://tiss.tuwien.ac.at/course/courseDetails.xhtml?courseNr=133031,,,,
133.043,Physics of silicon semiconductor materials,https://tiss.tuwien.ac.at/course/courseDetails.xhtml?courseNr=133043,,,,
133.047,Research seminar for doctoral thesis,https://tiss.tuwien.ac.at/course/courseDetails.xhtml?courseNr=133047,,,,
133.054,Physical properties of high-temperature superconductors,https://tiss.tuwien.ac.at/course/courseDetails.xhtml?courseNr=133054,,,,
133.055,Project work on Spectroscopy of Solids,https://tiss.tuwien.ac.at/course/courseDetails.xhtml?courseNr=133055,,,,
133.127,Research seminar for doctoral thesis,https://tiss.tuwien.ac.at/course/courseDetails.xhtml?courseNr=133127,,,,
133.248,Research seminar for doctoral thesis,https://tiss.tuwien.ac.at/course/courseDetails.xhtml?courseNr=133248,,,,
133.293,Electron Microscopy: Principles & Fundamentals,https://tiss.tuwien.ac.at/course/courseDetails.xhtml?courseNr=133293,https://tuwel.tuwien.ac.at/course/view.php?id=81236,,,
133.325,Privatissumum Diss.,https://tiss.tuwien.ac.at/course/courseDetails.xhtml?courseNr=133325,,,,
133.606,Research seminar for doctoral thesis,https://tiss.tuwien.ac.at/course/courseDetails.xhtml?courseNr=133606,,,,
134.036,Privatissimum for Doctor's Thesis,https://tiss.tuwien.ac.at/course/courseDetails.xhtml?courseNr=134036,,,,
134.048,Physical Analytics,https://tiss.tuwien.ac.at/course/courseDetails.xhtml?courseNr=134048,https://tuwel.tuwien.ac.at/course/view.php?id=32758,2026-09-25T09:00:00,2027-01-26T23:59:00,
134.065,Privatissimum for Doctor's Thesis,https://tiss.tuwien.ac.at/course/courseDetails.xhtml?courseNr=134065,,,,
134.066,Privatissimum for Doctor's Thesis,https://tiss.tuwien.ac.at/course/courseDetails.xhtml?courseNr=134066,,,,
134.069,New Development in Surface Science,https://tiss.tuwien.ac.at/course/courseDetails.xhtml?courseNr=134069,,,,
134.070,Privatissimum for Doctor's Thesis,https://tiss.tuwien.ac.at/course/courseDetails.xhtml?courseNr=134070,,,,
134.071,Privatissimum for Doctor's Thesis,https://tiss.tuwien.ac.at/course/courseDetails.xhtml?courseNr=134071,,,,
134.072,Privatissimum for Doctor's Thesis,https://tiss.tuwien.ac.at/course/courseDetails.xhtml?courseNr=134072,,,,
134.073,Privatissimum for Doctor's Thesis,https://tiss.tuwien.ac.at/course/courseDetails.xhtml?courseNr=134073,,,,
134.075,Privatissimum for Doctor's Thesis,https://tiss.tuwien.ac.at/course/courseDetails.xhtml?courseNr=134075,,,,
134.076,Privatissimum for Doctor's Thesis,https://tiss.tuwien.ac.at/course/courseDetails.xhtml?courseNr=134076,,,,
134.077,Privatissimum for Doctor's Thesis,https://tiss.tuwien.ac.at/course/courseDetails.xhtml?courseNr=134077,,,,
134.081,Seminary on Physics in General,https://tiss.tuwien.ac.at/course/courseDetails.xhtml?courseNr=134081,,,,
134.088,Privatissimum for Doctor's Thesis,https://tiss.tuwien.ac.at/course/courseDetails.xhtml?courseNr=134088,,,,
134.089,Electronic Structure of Solids and Surfaces,https://tiss.tuwien.ac.at/course/courseDetails.xhtml?courseNr=134089,,2026-02-23T10:00:00,2026-03-08T23:59:00,
134.099,Seminary on Computational Materials Science,https://tiss.tuwien.ac.at/course/courseDetails.xhtml?courseNr=134099,,,,
134.100,Privatissimum for Doctor's Thesis,https://tiss.tuwien.ac.at/course/courseDetails.xhtml?courseNr=134100,,,,
134.108,Sound Propagation and Noise Protection,https://tiss.tuwien.ac.at/course/courseDetails.xhtml?courseNr=134108,,,,
134.114,Project Work on Interactions with Surfaces,https://tiss.tuwien.ac.at/course/courseDetails.xhtml?courseNr=134114,,,,
134.116,Project Work on Nanostructures at Surfaces,https://tiss.tuwien.ac.at/course/courseDetails.xhtml?courseNr=134116,,,,
134.118,Project Work on Plasma Technology,https://tiss.tuwien.ac.at/course/courseDetails.xhtml?courseNr=134118,,,,
134.120,Fundamentals of Physics III,https://tiss.tuwien.ac.at/course/courseDetails.xhtml?courseNr=134120,,2026-09-14T09:00:00,2026-10-09T12:00:00,2026-10-09T12:00:00
134.124,Laboratory Work II,https://tiss.tuwien.ac.at/course/courseDetails.xhtml?courseNr=134124,,2026-08-31T10:30:00,2026-09-20T22:00:00,2026-09-20T23:00:00
134.125,Basic Principles of Physics III,https://tiss.tuwien.ac.at/course/courseDetails.xhtml?courseNr=134125,,,,
134.131,Project Work on Thin Film Analytics,https://tiss.tuwien.ac.at/course/courseDetails.xhtml?courseNr=134131,,,,
134.132,Project Work on Laser Spectroscopy,https://tiss.tuwien.ac.at/course/courseDetails.xhtml?courseNr=134132,,,,
134.133,Project Work on Experimental Atomic Physics,https://tiss.tuwien.ac.at/course/courseDetails.xhtml?courseNr=134133,,,,
134.135,Projekt Work on Surface Physics,https://tiss.tuwien.ac.at/course/courseDetails.xhtml?courseNr=134135,,,,
134.137,Project Work on Physical Measurement Technique,https://tiss.tuwien.ac.at/course/courseDetails.xhtml?courseNr=134137,,,,
134.138,Project Work on Sensors and Measurement Methods,https://tiss.tuwien.ac.at/course/courseDetails.xhtml?courseNr=134138,,,,
134.141,Project Work on Ion Physics,https://tiss.tuwien.ac.at/course/courseDetails.xhtml?courseNr=134141,,,,
134.142,Projekt Work on Laser Applications in Medicine,https://tiss.tuwien.ac.at/course/courseDetails.xhtml?courseNr=134142,,,,
134.143,Project Work on Surface Technology,https://tiss.tuwien.ac.at/course/courseDetails.xhtml?courseNr=134143,,,,
134.144,Project Work on Applied Surface Physics,https://tiss.tuwien.ac.at/course/courseDetails.xhtml?courseNr=134144,,,,
134.148,Project Work on Magnetic Interactions,https://tiss.tuwien.ac.at/course/courseDetails.xhtml?courseNr=134148,,,,
134.152,Introduction to Nanotechnology,https://tiss.tuwien.ac.at/course/courseDetails.xhtml?courseNr=134152,,2026-10-05T00:00:00,2026-11-22T23:59:00,2027-01-07T23:59:00
134.154,"Laser in Physics, Chemistry, Biology and Medicine",https://tiss.tuwien.ac.at/course/courseDetails.xhtml?courseNr=134154,,2026-07-15T00:00:00,2026-10-14T00:00:00,2026-10-07T00:00:00
134.155,Project Work on Electronic Structure of Solids and Surfaces,https://tiss.tuwien.ac.at/course/courseDetails.xhtml?courseNr=134155,,,,
134.161,Electronic Measurement Technique,https://tiss.tuwien.ac.at/course/courseDetails.xhtml?courseNr=134161,,2026-07-01T08:00:00,2027-02-28T23:59:00,2027-02-28T23:59:00
134.163,Basic Electronics,https://tiss.tuwien.ac.at/course/courseDetails.xhtml?courseNr=134163,https://tuwel.tuwien.ac.at/course/view.php?id=81587,2026-02-20T00:00:00,2026-03-19T23:59:00,2026-06-02T23:59:00
134.165,Surface Physics,https://tiss.tuwien.ac.at/course/courseDetails.xhtml?courseNr=134165,,2026-09-01T10:00:00,2027-01-31T10:00:00,
134.169,Plasma Technology and -Chemistry,https://tiss.tuwien.ac.at/course/courseDetails.xhtml?courseNr=134169,,2026-02-24T12:00:00,2026-03-10T14:00:00,2026-03-10T14:00:00
134.172,Particle Solid Interactions,https://tiss.tuwien.ac.at/course/courseDetails.xhtml?courseNr=134172,,2026-09-17T09:00:00,,
134.177,Introduction into Acoustics,https://tiss.tuwien.ac.at/course/courseDetails.xhtml?courseNr=134177,,2026-01-28T00:00:00,2026-03-10T23:00:00,2026-05-27T23:00:00
134.179,Physics Problem Solving with Symbolic Languages,https://tiss.tuwien.ac.at/course/courseDetails.xhtml?courseNr=134179,,2026-01-23T00:00:00,2026-03-14T00:00:00,2026-03-11T00:00:00
134.180,Physics Problem Solving with Symbolic Languages,https://tiss.tuwien.ac.at/course/courseDetails.xhtml?courseNr=134180,https://tuwel.tuwien.ac.at/course/view.php?id=81224,2026-01-20T00:00:00,2026-03-18T00:00:00,2026-03-15T07:00:00
134.192,Surface Physics and -Analytics,https://tiss.tuwien.ac.at/course/courseDetails.xhtml?courseNr=134192,,2026-09-28T10:00:00,2027-01-30T11:00:00,
134.193,Physical Measurement Technique II,https://tiss.tuwien.ac.at/course/courseDetails.xhtml?courseNr=134193,https://tuwel.tuwien.ac.at/course/view.php?id=78609,2026-02-01T11:00:00,,
134.194,Introduction into Plasmaphysics and -technology,https://tiss.tuwien.ac.at/course/courseDetails.xhtml?courseNr=134194,,2026-09-29T08:00:00,2026-10-26T23:00:00,2026-11-03T23:00:00
134.196,Privatissimum for Doctor's Thesis,https://tiss.tuwien.ac.at/course/courseDetails.xhtml?courseNr=134196,,,,
134.198,Project Work on Surface Science,https://tiss.tuwien.ac.at/course/courseDetails.xhtml?courseNr=134198,,,,
134.199,Privatissimum for Doctor's Thesis,https://tiss.tuwien.ac.at/course/courseDetails.xhtml?courseNr=134199,,,,
134.201,Molecular Biology of the Cell,https://tiss.tuwien.ac.at/course/courseDetails.xhtml?courseNr=134201,,2026-09-03T00:00:00,2027-08-30T00:00:00,2027-08-30T00:00:00
134.202,Biomembranes,https://tiss.tuwien.ac.at/course/courseDetails.xhtml?courseNr=134202,,2026-03-04T00:00:00,2026-08-29T00:00:00,2026-08-29T00:00:00
134.203,Single Molecule Microscopy,https://tiss.tuwien.ac.at/course/courseDetails.xhtml?courseNr=134203,,2026-09-04T10:00:00,2027-01-03T23:59:00,
134.204,Functional Imaging Technology and Devices - Physical Principles,https://tiss.tuwien.ac.at/course/courseDetails.xhtml?courseNr=134204,,2026-09-10T00:00:00,2027-01-29T00:00:00,
134.205,Ultra High Vacuum Technology,https://tiss.tuwien.ac.at/course/courseDetails.xhtml?courseNr=134205,,2026-07-01T00:00:00,2026-11-13T00:00:00,
134.206,Electrochemical Surface Science,https://tiss.tuwien.ac.at/course/courseDetails.xhtml?courseNr=134206,https://tuwel.tuwien.ac.at/course/view.php?id=78318,2026-02-03T00:00:00,2026-04-23T00:00:00,
134.209,Molecular Biophysics,https://tiss.tuwien.ac.at/course/courseDetails.xhtml?courseNr=134209,,2026-09-03T00:00:00,2027-07-30T00:00:00,
134.210,Molecular Biophysics,https://tiss.tuwien.ac.at/course/courseDetails.xhtml?courseNr=134210,,2026-08-22T12:00:00,2027-10-17T12:00:00,2027-10-17T12:00:00
134.213,Privatissimum for Doctor's Thesis,https://tiss.tuwien.ac.at/course/courseDetails.xhtml?courseNr=134213,,,,
134.215,Multiscale Computational Tribology,https://tiss.tuwien.ac.at/course/courseDetails.xhtml?courseNr=134215,,,,
134.220,Superresolution microscopy with single molecules,https://tiss.tuwien.ac.at/course/courseDetails.xhtml?courseNr=134220,,,,
134.224,Privatissimum for Doctor's Thesis,https://tiss.tuwien.ac.at/course/courseDetails.xhtml?courseNr=134224,,2026-10-04T00:00:00,2027-02-27T23:59:00,2027-02-27T23:59:00
134.226,Privatissimum for Doctoral Thesis,https://tiss.tuwien.ac.at/course/courseDetails.xhtml?courseNr=134226,,,,
134.228,Projektarbeit Surface Structure and Reactivity,https://tiss.tuwien.ac.at/course/courseDetails.xhtml?courseNr=134228,,,,
134.229,Projektarbeit Applied Interface Physics,https://tiss.tuwien.ac.at/course/courseDetails.xhtml?courseNr=134229,,,,
134.230,Colloid and Interface Physics,https://tiss.tuwien.ac.at/course/courseDetails.xhtml?courseNr=134230,,2026-10-03T12:00:00,2026-12-02T12:00:00,
134.231,Mammalian Cell Culture,https://tiss.tuwien.ac.at/course/courseDetails.xhtml?courseNr=134231,,2026-07-31T12:00:00,,
134.232,Mammalian Cell Culture,https://tiss.tuwien.ac.at/course/courseDetails.xhtml?courseNr=134232,,2026-11-24T11:00:00,2027-01-25T08:01:00,
134.234,Lecture Series Advanced Materials Modeling,https://tiss.tuwien.ac.at/course/courseDetails.xhtml?courseNr=134234,,,,
134.235,Soft matter analysis techniques and applications,https://tiss.tuwien.ac.at/course/courseDetails.xhtml?courseNr=134235,,2026-09-04T06:00:00,2026-12-03T23:00:00,2027-01-15T23:00:00
134.236,Chemical physics for datascience,https://tiss.tuwien.ac.at/course/courseDetails.xhtml?courseNr=134236,,,,
134.237,Physics of living matter,https://tiss.tuwien.ac.at/course/courseDetails.xhtml?courseNr=134237,,,,
134.239,Physics of Living Matter,https://tiss.tuwien.ac.at/course/courseDetails.xhtml?courseNr=134239,https://tuwel.tuwien.ac.at/course/view.php?id=80352,2026-03-06T12:00:00,,
134.240,VWA-Mentoring I,https://tiss.tuwien.ac.at/course/courseDetails.xhtml?courseNr=134240,,,,
134.242,VWA-Mentoring II,https://tiss.tuwien.ac.at/course/courseDetails.xhtml?courseNr=134242,,,,
134.243,Project Physics of Living Matter,https://tiss.tuwien.ac.at/course/courseDetails.xhtml?courseNr=134243,,,,
134.245,Privatissimum f. Dissertanten,https://tiss.tuwien.ac.at/course/courseDetails.xhtml?courseNr=134245,,,,
134.246,Project thesis Mirco- and Nanosctructured Biointerfaces,https://tiss.tuwien.ac.at/course/courseDetails.xhtml?courseNr=134246,,,,
134.247,Materials for Energy Conversion and Storage: With Basic Science to Industrial Deployment,https://tiss.tuwien.ac.at/course/courseDetails.xhtml?courseNr=134247,,,,
134.248,Privatissimum for Doctor's Thesis,https://tiss.tuwien.ac.at/course/courseDetails.xhtml?courseNr=134248,,,,
134.251,Chemistry for TPH,https://tiss.tuwien.ac.at/course/courseDetails.xhtml?courseNr=134251,https://tuwel.tuwien.ac.at/course/view.php?id=78315,,,
134.252,Environmental Chemistry,https://tiss.tuwien.ac.at/course/courseDetails.xhtml?courseNr=134252,https://tuwel.tuwien.ac.at/course/view.php?id=83071,2026-09-12T00:00:00,2026-12-30T00:00:00,2026-12-31T23:00:00
134.254,Nanomagnetism and Spintronics,https://tiss.tuwien.ac.at/course/courseDetails.xhtml?courseNr=134254,https://tuwel.tuwien.ac.at/course/view.php?id=80316,,,
134.257,Theoretical concepts of fusion research,https://tiss.tuwien.ac.at/course/courseDetails.xhtml?courseNr=134257,https://tuwel.tuwien.ac.at/course/view.php?id=76146,,,
134.258,Seminar: Theoretical concepts of Fusion Research,https://tiss.tuwien.ac.at/course/courseDetails.xhtml?courseNr=134258,https://tuwel.tuwien.ac.at/course/view.php?id=80565,2026-03-02T08:00:00,2026-04-30T00:00:00,2026-04-30T00:00:00
134.259,Project Work on Nanomagnetism and Spintronics,https://tiss.tuwien.ac.at/course/courseDetails.xhtml?courseNr=134259,,,,
134.260,Laboratory and computational techniques in Nanomagnetism and Spintronics,https://tiss.tuwien.ac.at/course/courseDetails.xhtml?courseNr=134260,https://tuwel.tuwien.ac.at/course/view.php?id=80319,,,
134.262,Privatissimum for Doctor's Thesis,https://tiss.tuwien.ac.at/course/courseDetails.xhtml?courseNr=134262,,,,
134.265,Biomedical Optics: Pre-clinical and clinical application,https://tiss.tuwien.ac.at/course/courseDetails.xhtml?courseNr=134265,,2026-03-09T16:52:00,2026-06-01T08:00:00,
134.267,Project: Medical Physics & Imaging,https://tiss.tuwien.ac.at/course/courseDetails.xhtml?courseNr=134267,,,,
134.268,Summer School,https://tiss.tuwien.ac.at/course/courseDetails.xhtml?courseNr=134268,,,,
134.326,Experimental Methods in Surface Physics,https://tiss.tuwien.ac.at/course/courseDetails.xhtml?courseNr=134326,,2026-03-02T00:00:00,2026-07-01T23:59:00,2026-07-01T23:59:00
134.514,Atomic Collisions,https://tiss.tuwien.ac.at/course/courseDetails.xhtml?courseNr=134514,,,,
134.645,Numerical Methods in Surface Physics,https://tiss.tuwien.ac.at/course/courseDetails.xhtml?courseNr=134645,,,,
134.750,Thermal Nuclear Fusion,https://tiss.tuwien.ac.at/course/courseDetails.xhtml?courseNr=134750,,,,
134.996,Microscopy on Biomolecules,https://tiss.tuwien.ac.at/course/courseDetails.xhtml?courseNr=134996,,2026-09-03T00:00:00,2027-08-01T00:00:00,
134.997,Microscopy on Biomolecules,https://tiss.tuwien.ac.at/course/courseDetails.xhtml?courseNr=134997,,2026-01-09T08:00:00,2026-03-31T20:00:00,2026-03-31T20:00:00
134.998,Project Work on Biophysics,https://tiss.tuwien.ac.at/course/courseDetails.xhtml?courseNr=134998,,,,
135.024,Project work in Field Theory,https://tiss.tuwien.ac.at/course/courseDetails.xhtml?courseNr=135024,,,,
135.026,Project work in Fundamental Interactions,https://tiss.tuwien.ac.at/course/courseDetails.xhtml?courseNr=135026,,,,
135.027,Project work in Particle Physics,https://tiss.tuwien.ac.at/course/courseDetails.xhtml?courseNr=135027,,,,
135.029,Geometrical Methods in theoretical Physics,https://tiss.tuwien.ac.at/course/courseDetails.xhtml?courseNr=135029,,,,
135.035,Privatissimum for Ph.D. students,https://tiss.tuwien.ac.at/course/courseDetails.xhtml?courseNr=135035,,,,
135.046,Journal Club Mathematical Physics 1,https://tiss.tuwien.ac.at/course/courseDetails.xhtml?courseNr=135046,,,,
135.048,Journal Club Mathematical Physics 2,https://tiss.tuwien.ac.at/course/courseDetails.xhtml?courseNr=135048,,,,
135.817,Introduction to QFT I,https://tiss.tuwien.ac.at/course/courseDetails.xhtml?courseNr=135817,,,,
136.003,Decoherence and Quantum Informations,https://tiss.tuwien.ac.at/course/courseDetails.xhtml?courseNr=136003,,,,
136.004,"Geometry, Topology and Physics II",https://tiss.tuwien.ac.at/course/courseDetails.xhtml?courseNr=136004,,2026-02-20T00:00:00,,
136.007,"Geometry, Topology and Physics I",https://tiss.tuwien.ac.at/course/courseDetails.xhtml?courseNr=136007,,2026-10-01T00:00:00,,
136.008,Geometry and Gravitation II,https://tiss.tuwien.ac.at/course/courseDetails.xhtml?courseNr=136008,,,,
136.018,Electrodynamics II,https://tiss.tuwien.ac.at/course/courseDetails.xhtml?courseNr=136018,,2026-10-07T08:00:00,2027-01-05T23:59:00,
136.019,Quantum Mechanics I,https://tiss.tuwien.ac.at/course/courseDetails.xhtml?courseNr=136019,,2026-09-16T00:00:00,2026-10-03T23:59:00,2026-11-01T23:59:00
136.022,Logical methods in theoretical physics,https://tiss.tuwien.ac.at/course/courseDetails.xhtml?courseNr=136022,,,,
136.023,Project work in Thermal Field Theory,https://tiss.tuwien.ac.at/course/courseDetails.xhtml?courseNr=136023,,,,
136.026,Introduction to General Relativity,https://tiss.tuwien.ac.at/course/courseDetails.xhtml?courseNr=136026,,,,
136.027,Quantum Mechanics II,https://tiss.tuwien.ac.at/course/courseDetails.xhtml?courseNr=136027,,2026-09-20T12:00:00,2026-09-30T23:59:00,2026-11-22T23:59:00
136.043,Privatissimum for PhD-students,https://tiss.tuwien.ac.at/course/courseDetails.xhtml?courseNr=136043,,,,
136.052,Privitassimum for PhD stuidents,https://tiss.tuwien.ac.at/course/courseDetails.xhtml?courseNr=136052,,,,
136.053,Privitassimum for PhD stuidents,https://tiss.tuwien.ac.at/course/courseDetails.xhtml?courseNr=136053,,,,
136.058,Seminar in Theoretical Physics II,https://tiss.tuwien.ac.at/course/courseDetails.xhtml?courseNr=136058,,,,
136.060,Journal Club Theoretical Quantum Dynamics,https://tiss.tuwien.ac.at/course/courseDetails.xhtml?courseNr=136060,,2026-09-11T00:00:00,2026-11-05T23:59:00,2027-01-29T23:59:00
136.065,Lecture Series Doctoral College TU-D,https://tiss.tuwien.ac.at/course/courseDetails.xhtml?courseNr=136065,,,,
136.068,DK-lecture BIOINTERFACE,https://tiss.tuwien.ac.at/course/courseDetails.xhtml?courseNr=136068,,,,
136.079,Project work on wavefunction based methods in solid state physics,https://tiss.tuwien.ac.at/course/courseDetails.xhtml?courseNr=136079,,,,
136.084,Black Hole Physics project,https://tiss.tuwien.ac.at/course/courseDetails.xhtml?courseNr=136084,,,,
136.094,Physics of 2D Materials,https://tiss.tuwien.ac.at/course/courseDetails.xhtml?courseNr=136094,https://tuwel.tuwien.ac.at/course/view.php?id=80739,2026-03-03T00:00:00,2026-03-17T23:59:00,2026-03-24T22:59:00
136.096,Privatissimum für Doktoranden,https://tiss.tuwien.ac.at/course/courseDetails.xhtml?courseNr=136096,,,,
136.099,Mathematical Methods of Theoretical Physics,https://tiss.tuwien.ac.at/course/courseDetails.xhtml?courseNr=136099,,,,
136.100,Seminar TU-D,https://tiss.tuwien.ac.at/course/courseDetails.xhtml?courseNr=136100,,,,
136.101,Privatissimum for PhD students,https://tiss.tuwien.ac.at/course/courseDetails.xhtml?courseNr=136101,,,,
136.110,Privatissimum for PhD students,https://tiss.tuwien.ac.at/course/courseDetails.xhtml?courseNr=136110,,,,
136.114,Privatissimum für Doktoranden,https://tiss.tuwien.ac.at/course/courseDetails.xhtml?courseNr=136114,,,,
136.118,Gravity and holography in lower dimensions I,https://tiss.tuwien.ac.at/course/courseDetails.xhtml?courseNr=136118,,,,
138.000,laboratory excersise,https://tiss.tuwien.ac.at/course/courseDetails.xhtml?courseNr=138000,,2026-08-07T11:00:00,2026-10-13T23:58:00,2026-10-13T23:59:00
138.001,SEMINAR of solid state physics,https://tiss.tuwien.ac.at/course/courseDetails.xhtml?courseNr=138001,,,,
138.004,discussion with students,https://tiss.tuwien.ac.at/course/courseDetails.xhtml?courseNr=138004,,,,
138.017,solid state physics I,https://tiss.tuwien.ac.at/course/courseDetails.xhtml?courseNr=138017,,2026-03-02T16:00:00,2026-10-01T16:00:00,2026-10-01T17:00:00
138.020,Privatissimum for Doctor's Thesis,https://tiss.tuwien.ac.at/course/courseDetails.xhtml?courseNr=138020,,,,
138.022,Privatissimum for Doctor's Thesis,https://tiss.tuwien.ac.at/course/courseDetails.xhtml?courseNr=138022,,,,
138.024,Solid state physics ll,https://tiss.tuwien.ac.at/course/courseDetails.xhtml?courseNr=138024,,,,
138.026,Physics exercises for Surveying and Geoinformation,https://tiss.tuwien.ac.at/course/courseDetails.xhtml?courseNr=138026,,2026-01-09T09:00:00,2026-03-04T10:00:00,2026-03-04T10:00:00
138.030,Technology of thin films,https://tiss.tuwien.ac.at/course/courseDetails.xhtml?courseNr=138030,,2026-09-18T10:00:00,,
138.032,Physics of thin films,https://tiss.tuwien.ac.at/course/courseDetails.xhtml?courseNr=138032,,2026-02-17T16:00:00,2026-06-30T00:00:00,
138.033,Magnetism,https://tiss.tuwien.ac.at/course/courseDetails.xhtml?courseNr=138033,,,,
138.034,Low Temperture Physics,https://tiss.tuwien.ac.at/course/courseDetails.xhtml?courseNr=138034,,2026-10-07T08:00:00,2026-10-20T10:00:00,2026-10-20T10:00:00
138.035,Physics of thin films,https://tiss.tuwien.ac.at/course/courseDetails.xhtml?courseNr=138035,,2026-10-07T12:00:00,2027-02-06T16:00:00,
138.039,Introduction into the fields of science and research of the Faculty of Physics.,https://tiss.tuwien.ac.at/course/courseDetails.xhtml?courseNr=138039,,,,
138.041,Physics I (for Technical Chemistry),https://tiss.tuwien.ac.at/course/courseDetails.xhtml?courseNr=138041,,,,
138.043,Introduction to low temperture physics and technology,https://tiss.tuwien.ac.at/course/courseDetails.xhtml?courseNr=138043,,2026-03-03T15:00:00,2026-03-10T10:00:00,2026-03-10T10:00:00
138.048,Nuclear Magnetic Methods (Mössbauer Spectroscopy),https://tiss.tuwien.ac.at/course/courseDetails.xhtml?courseNr=138048,,2026-03-02T10:00:00,2026-03-06T10:00:00,2026-03-06T10:00:00
138.049,Electron microscopy,https://tiss.tuwien.ac.at/course/courseDetails.xhtml?courseNr=138049,,2026-07-16T00:00:00,2026-09-30T12:00:00,2026-09-30T12:00:00
138.051,Practical course: Solid state physics,https://tiss.tuwien.ac.at/course/courseDetails.xhtml?courseNr=138051,,2026-09-10T14:00:00,2026-10-18T23:58:00,2026-10-18T23:59:00
138.053,Material Science,https://tiss.tuwien.ac.at/course/courseDetails.xhtml?courseNr=138053,,2026-10-01T11:00:00,2027-01-29T18:00:00,2027-01-29T23:00:00
138.056,Functional Materials,https://tiss.tuwien.ac.at/course/courseDetails.xhtml?courseNr=138056,,,,
138.057,Spectroscopy of Solids,https://tiss.tuwien.ac.at/course/courseDetails.xhtml?courseNr=138057,,2026-10-07T00:00:00,2027-03-07T23:55:00,2027-03-06T23:55:00
138.058,Computational Materials Science,https://tiss.tuwien.ac.at/course/courseDetails.xhtml?courseNr=138058,,2026-09-21T19:00:00,2026-10-12T19:00:00,
138.060,Privatissimum for Doctor's Thesis,https://tiss.tuwien.ac.at/course/courseDetails.xhtml?courseNr=138060,,,,
138.062,Quantum field theory for many body systems,https://tiss.tuwien.ac.at/course/courseDetails.xhtml?courseNr=138062,,,,
138.063,laboratory course solid state theory,https://tiss.tuwien.ac.at/course/courseDetails.xhtml?courseNr=138063,,,,
138.064,laboratory course Computational Materials Science,https://tiss.tuwien.ac.at/course/courseDetails.xhtml?courseNr=138064,,,,
138.071,Thin Film Technology - project work,https://tiss.tuwien.ac.at/course/courseDetails.xhtml?courseNr=138071,,,,
138.077,Discussion with diplomands,https://tiss.tuwien.ac.at/course/courseDetails.xhtml?courseNr=138077,,,,
138.083,"Physics 1 for Geodesy, Geoinformation and Environmental Engineering",https://tiss.tuwien.ac.at/course/courseDetails.xhtml?courseNr=138083,https://tuwel.tuwien.ac.at/course/view.php?id=79989,,,
138.084,"Physics 2 for Geodesy, Geoinformation and Environmental Engineering",https://tiss.tuwien.ac.at/course/courseDetails.xhtml?courseNr=138084,,,,
138.085,Project Work: Electrodynamics of new optical materials,https://tiss.tuwien.ac.at/course/courseDetails.xhtml?courseNr=138085,,,,
138.088,Quantum Field Theorie for many body systems,https://tiss.tuwien.ac.at/course/courseDetails.xhtml?courseNr=138088,,,,
138.089,Scientific Computing,https://tiss.tuwien.ac.at/course/courseDetails.xhtml?courseNr=138089,https://tuwel.tuwien.ac.at/course/view.php?id=78738,2026-02-02T14:00:00,2026-03-11T23:59:00,2026-03-11T23:59:00
138.091,Methods and Materials of the moderen optical spectroscopy,https://tiss.tuwien.ac.at/course/courseDetails.xhtml?courseNr=138091,,,,
138.093,Privatissimum Diss.,https://tiss.tuwien.ac.at/course/courseDetails.xhtml?courseNr=138093,,,,
138.094,Numerical methods and simulation,https://tiss.tuwien.ac.at/course/courseDetails.xhtml?courseNr=138094,https://tuwel.tuwien.ac.at/course/view.php?id=78738,2026-02-02T14:00:00,2026-04-16T23:59:00,2026-03-27T23:59:00
138.095,Privatissmum for Doctor¿s thesis,https://tiss.tuwien.ac.at/course/courseDetails.xhtml?courseNr=138095,,,,
138.099,Electronic data processing for experiments,https://tiss.tuwien.ac.at/course/courseDetails.xhtml?courseNr=138099,,2026-09-01T08:00:00,2026-10-12T12:00:00,2026-10-12T20:00:00
138.100,Electronic data processing for experiments,https://tiss.tuwien.ac.at/course/courseDetails.xhtml?courseNr=138100,,2026-09-01T08:00:00,2026-10-20T12:00:00,2026-10-20T20:00:00
138.102,Advanced Theory of Superconductivity and Magnetism,https://tiss.tuwien.ac.at/course/courseDetails.xhtml?courseNr=138102,,,,
138.103,Techniques of analytical elctron microscopy,https://tiss.tuwien.ac.at/course/courseDetails.xhtml?courseNr=138103,,2026-09-17T12:00:00,2026-10-27T12:20:00,2026-10-27T12:20:00
138.120,Research Seminar for Doctoral Thesis,https://tiss.tuwien.ac.at/course/courseDetails.xhtml?courseNr=138120,,,,
138.122,Physics exercise I,https://tiss.tuwien.ac.at/course/courseDetails.xhtml?courseNr=138122,,,,
138.126,Privatissimum für Doktoranden,https://tiss.tuwien.ac.at/course/courseDetails.xhtml?courseNr=138126,,,,
138.128,Machine Learning in Physics,https://tiss.tuwien.ac.at/course/courseDetails.xhtml?courseNr=138128,https://tuwel.tuwien.ac.at/course/view.php?id=80691,2026-03-01T10:30:00,2026-03-08T12:00:00,2026-03-13T23:00:00
138.129,Machine Learning and Data Compression in Physics,https://tiss.tuwien.ac.at/course/courseDetails.xhtml?courseNr=138129,,,,
138.130,Privatissimum for Doctoral Students,https://tiss.tuwien.ac.at/course/courseDetails.xhtml?courseNr=138130,,,,
138.131,"Physics Back-of-the-Envelope Analysis, Estimation and Rough Calculation",https://tiss.tuwien.ac.at/course/courseDetails.xhtml?courseNr=138131,,2026-10-08T11:00:00,2026-10-30T23:59:00,
138.132,Advanced Machine Learning in Physics,https://tiss.tuwien.ac.at/course/courseDetails.xhtml?courseNr=138132,,2026-10-01T09:45:00,2026-10-12T23:59:00,2026-10-13T23:59:00
,,https://tiss.tuwien.ac.at/course/courseDetails.xhtml?courseNr=141,,,,
141.010,Technical radiation protection I,https://tiss.tuwien.ac.at/course/courseDetails.xhtml?courseNr=141010,,2026-09-22T00:00:00,2026-10-21T23:59:00,
141.018,Practical course radiation protection and dosimetry,https://tiss.tuwien.ac.at/course/courseDetails.xhtml?courseNr=141018,,,,
141.026,Project Neutron Optics,https://tiss.tuwien.ac.at/course/courseDetails.xhtml?courseNr=141026,,2026-10-02T09:00:00,2027-10-01T16:00:00,
141.075,Calculational exercises in radiation protection I,https://tiss.tuwien.ac.at/course/courseDetails.xhtml?courseNr=141075,,2026-12-05T00:00:00,2027-02-19T23:59:00,
141.079,Project works on applied radiation physics,https://tiss.tuwien.ac.at/course/courseDetails.xhtml?courseNr=141079,,,,
141.080,Project related work on reactor technology,https://tiss.tuwien.ac.at/course/courseDetails.xhtml?courseNr=141080,,2026-10-02T09:00:00,2027-10-01T16:00:00,
141.102,Pre diploma project work,https://tiss.tuwien.ac.at/course/courseDetails.xhtml?courseNr=141102,,,,
141.110,Project Work in Electron- and X-Ray Physics,https://tiss.tuwien.ac.at/course/courseDetails.xhtml?courseNr=141110,,2026-10-01T00:00:00,2026-10-01T00:01:00,
141.118,Privatissimum for doctoral thesis,https://tiss.tuwien.ac.at/course/courseDetails.xhtml?courseNr=141118,,,,
141.153,Project work on X-ray analysis,https://tiss.tuwien.ac.at/course/courseDetails.xhtml?courseNr=141153,,,,
141.166,laboratory exercise in nuclear environmental analysis,https://tiss.tuwien.ac.at/course/courseDetails.xhtml?courseNr=141166,,,,
141.167,project in radiochemistry,https://tiss.tuwien.ac.at/course/courseDetails.xhtml?courseNr=141167,,,,
141.194,Research seminar for master- and doctoral studies on radioecology and environmental radiometry,https://tiss.tuwien.ac.at/course/courseDetails.xhtml?courseNr=141194,,,,
141.212,Atoms - Light - Matter waves,https://tiss.tuwien.ac.at/course/courseDetails.xhtml?courseNr=141212,,,,
141.214,Ultra Cold Atoms and Spectroscopy,https://tiss.tuwien.ac.at/course/courseDetails.xhtml?courseNr=141214,,,,
141.225,Medical Physics of diagnostic imaging,https://tiss.tuwien.ac.at/course/courseDetails.xhtml?courseNr=141225,,2026-10-04T00:00:00,2027-02-07T23:59:00,2027-02-07T23:59:00
141.228,Privatissimum for Dissertanten,https://tiss.tuwien.ac.at/course/courseDetails.xhtml?courseNr=141228,,,,
141.231,Macroscopic Quantum Systems,https://tiss.tuwien.ac.at/course/courseDetails.xhtml?courseNr=141231,,,,
141.234,Fundamental Physics with Coherent X-Rays and Neutrons,https://tiss.tuwien.ac.at/course/courseDetails.xhtml?courseNr=141234,,,,
141.236,Fundamental Physics with Polarized Neutrons,https://tiss.tuwien.ac.at/course/courseDetails.xhtml?courseNr=141236,,,,
141.243,"Selected Experiments of Atomic, Nuclear and Particle Physics",https://tiss.tuwien.ac.at/course/courseDetails.xhtml?courseNr=141243,,2026-02-05T11:00:00,2026-05-18T19:20:00,2026-04-26T22:00:00
141.281,radioecology,https://tiss.tuwien.ac.at/course/courseDetails.xhtml?courseNr=141281,,2026-09-03T12:00:00,2027-04-14T12:00:00,
141.282,Quantum Information Theory I,https://tiss.tuwien.ac.at/course/courseDetails.xhtml?courseNr=141282,,,,
141.283,Privatissimum for PhD students,https://tiss.tuwien.ac.at/course/courseDetails.xhtml?courseNr=141283,,,,
141.295,Radiochemistry,https://tiss.tuwien.ac.at/course/courseDetails.xhtml?courseNr=141295,,2026-03-02T09:00:00,2026-04-11T20:00:00,2026-03-17T20:00:00
141.297,Privatissimum for PhD students,https://tiss.tuwien.ac.at/course/courseDetails.xhtml?courseNr=141297,,,,
141.305,Ultracold Molecules,https://tiss.tuwien.ac.at/course/courseDetails.xhtml?courseNr=141305,,,,
141.307,Privatissimum for PhD students,https://tiss.tuwien.ac.at/course/courseDetails.xhtml?courseNr=141307,,,,
141.308,Nuclear Engineering,https://tiss.tuwien.ac.at/course/courseDetails.xhtml?courseNr=141308,https://tuwel.tuwien.ac.at/course/view.php?id=32233,,,
141.309,Journal Club Quant-Ph,https://tiss.tuwien.ac.at/course/courseDetails.xhtml?courseNr=141309,,2026-10-07T12:00:00,2027-02-06T12:00:00,
141.310,Advanced Topics in Quantum Information,https://tiss.tuwien.ac.at/course/courseDetails.xhtml?courseNr=141310,,,,
141.313,Quantum information & quantum thermodynamics,https://tiss.tuwien.ac.at/course/courseDetails.xhtml?courseNr=141313,,,,
141.320,Quantum Communication and Security,https://tiss.tuwien.ac.at/course/courseDetails.xhtml?courseNr=141320,https://tuwel.tuwien.ac.at/course/view.php?id=81425,2026-02-01T08:00:00,2026-03-27T23:00:00,
141.326,Quantum Optics II,https://tiss.tuwien.ac.at/course/courseDetails.xhtml?courseNr=141326,,,,
141.327,Quantum Optomechanics,https://tiss.tuwien.ac.at/course/courseDetails.xhtml?courseNr=141327,https://tuwel.tuwien.ac.at/course/view.php?id=80787,2026-02-15T00:00:00,2026-06-16T00:00:00,
141.329,Quantum Sensors on Spacecraft,https://tiss.tuwien.ac.at/course/courseDetails.xhtml?courseNr=141329,,,,
141.337,Quantum Optomechanics with Atoms and Nanoparticles,https://tiss.tuwien.ac.at/course/courseDetails.xhtml?courseNr=141337,,,,
141.341,Privatissimum for PhD students,https://tiss.tuwien.ac.at/course/courseDetails.xhtml?courseNr=141341,,,,
141.346,Experimental Techniques in Quantum-Optic Labs,https://tiss.tuwien.ac.at/course/courseDetails.xhtml?courseNr=141346,,2026-08-26T11:00:00,2026-11-30T12:00:00,2026-11-30T12:00:00
141.348,Privatissimum for PhD students Optomechanics,https://tiss.tuwien.ac.at/course/courseDetails.xhtml?courseNr=141348,,,,
141.405,Radiation Physics,https://tiss.tuwien.ac.at/course/courseDetails.xhtml?courseNr=141405,https://tuwel.tuwien.ac.at/course/view.php?id=81164,2026-01-29T00:00:00,2026-07-01T23:59:00,
141.543,Seminar on Neutron- and Solid State Physics,https://tiss.tuwien.ac.at/course/courseDetails.xhtml?courseNr=141543,,,,
141.905,Application of radiation physics in engeneering and medicine,https://tiss.tuwien.ac.at/course/courseDetails.xhtml?courseNr=141905,,2026-10-06T00:00:00,2027-02-05T23:59:00,
142.018,Privatissimum for doctorial students,https://tiss.tuwien.ac.at/course/courseDetails.xhtml?courseNr=142018,,,,
142.023,Privtissimum for doctorial students,https://tiss.tuwien.ac.at/course/courseDetails.xhtml?courseNr=142023,,,,
142.026,Projects in experimental hadron physics,https://tiss.tuwien.ac.at/course/courseDetails.xhtml?courseNr=142026,,,,
142.039,Experimental particle physics,https://tiss.tuwien.ac.at/course/courseDetails.xhtml?courseNr=142039,,,,
142.045,"Project performed under supervision. The projects deal with current problems in nuclear physics, mainly numerical methods are used.",https://tiss.tuwien.ac.at/course/courseDetails.xhtml?courseNr=142045,,,,
142.064,"Solitons, differential geometrie and topology",https://tiss.tuwien.ac.at/course/courseDetails.xhtml?courseNr=142064,,,,
142.069,Seminar on Atomic and Subatomic Physics,https://tiss.tuwien.ac.at/course/courseDetails.xhtml?courseNr=142069,,,,
142.070,Scattering and Reaction Theory,https://tiss.tuwien.ac.at/course/courseDetails.xhtml?courseNr=142070,,,,
142.072,Physics of Exotic Atoms,https://tiss.tuwien.ac.at/course/courseDetails.xhtml?courseNr=142072,,,,
142.088,Project Work Subatomic Physics,https://tiss.tuwien.ac.at/course/courseDetails.xhtml?courseNr=142088,,,,
142.090,Statistics,https://tiss.tuwien.ac.at/course/courseDetails.xhtml?courseNr=142090,,2026-02-09T09:00:00,2026-03-30T12:00:00,2026-03-30T12:00:00
142.092,"Atomic, Nuclear and Particle Physics II",https://tiss.tuwien.ac.at/course/courseDetails.xhtml?courseNr=142092,https://tuwel.tuwien.ac.at/course/view.php?id=81191,2026-02-04T09:30:00,2026-03-27T14:30:00,2026-06-25T12:00:00
142.093,"Atomic , nuclear and particle physics II",https://tiss.tuwien.ac.at/course/courseDetails.xhtml?courseNr=142093,https://tuwel.tuwien.ac.at/course/view.php?id=81302,,,
142.197,Quantum Chromodynamics I,https://tiss.tuwien.ac.at/course/courseDetails.xhtml?courseNr=142197,,,,
142.318,Neutrons and Nuclear Physics,https://tiss.tuwien.ac.at/course/courseDetails.xhtml?courseNr=142318,,2026-09-03T12:00:00,2027-01-29T12:00:00,2027-02-02T12:00:00
142.340,Statistical methods in data analysis,https://tiss.tuwien.ac.at/course/courseDetails.xhtml?courseNr=142340,,2026-08-31T00:00:00,2026-09-28T23:59:00,2026-09-29T13:00:00
142.351,Statistical Methods of Data Analysis,https://tiss.tuwien.ac.at/course/courseDetails.xhtml?courseNr=142351,,2026-08-31T16:00:00,2026-09-28T23:59:00,2026-09-30T13:00:00
142.725,Path integrals in quantum mechanics and quantum field theory,https://tiss.tuwien.ac.at/course/courseDetails.xhtml?courseNr=142725,,,,
142.923,Quantum Chromo Dynamics II,https://tiss.tuwien.ac.at/course/courseDetails.xhtml?courseNr=142923,,,,
143.009,Research seminar for doctoral thesis,https://tiss.tuwien.ac.at/course/courseDetails.xhtml?courseNr=143009,,,,
143.012,Research seminar for doctoral thesis,https://tiss.tuwien.ac.at/course/courseDetails.xhtml?courseNr=143012,,,,
143.026,Research seminar for doctoral thesis,https://tiss.tuwien.ac.at/course/courseDetails.xhtml?courseNr=143026,,2020-10-02T11:00:00,2021-06-21T23:59:00,
152.003,Physical chemistry for VT,https://tiss.tuwien.ac.at/course/courseDetails.xhtml?courseNr=152003,,,,
153.024,advanced glas-blowing,https://tiss.tuwien.ac.at/course/courseDetails.xhtml?courseNr=153024,,2026-09-07T09:00:00,2026-10-30T09:00:00,2026-10-31T09:00:00
153.164,glass-blowing,https://tiss.tuwien.ac.at/course/courseDetails.xhtml?courseNr=153164,,2026-08-04T09:00:00,2026-10-10T23:59:00,2026-10-10T23:59:00
159.068,Fiber Technology and Fiber Processing,https://tiss.tuwien.ac.at/course/courseDetails.xhtml?courseNr=159068,,2026-02-05T09:00:00,2026-03-11T12:00:00,2026-03-11T12:00:00
159.073,Industrial seminar,https://tiss.tuwien.ac.at/course/courseDetails.xhtml?courseNr=159073,,2026-09-01T00:00:00,2026-11-06T00:00:00,2026-11-06T00:00:00
159.220,Fluidization Technology,https://tiss.tuwien.ac.at/course/courseDetails.xhtml?courseNr=159220,,2026-01-13T12:00:00,2026-03-06T19:00:00,
159.395,Chemical Engineering - Advanced lecture,https://tiss.tuwien.ac.at/course/courseDetails.xhtml?courseNr=159395,,,,
159.500,Mechanical Process Engineering 2,https://tiss.tuwien.ac.at/course/courseDetails.xhtml?courseNr=159500,,2026-01-30T08:00:00,2026-03-16T08:00:00,2026-03-16T08:00:00
159.830,Fuel & Energy Technology,https://tiss.tuwien.ac.at/course/courseDetails.xhtml?courseNr=159830,https://tuwel.tuwien.ac.at/course/view.php?id=80406,2026-02-06T12:00:00,2026-06-17T19:00:00,
159.995,Thermal Process Engineering 2,https://tiss.tuwien.ac.at/course/courseDetails.xhtml?courseNr=159995,,2026-02-13T12:00:00,2026-06-24T12:00:00,2026-06-24T23:59:00
161.006,Laboratory: Chem.Techn.Inorg.Materials,https://tiss.tuwien.ac.at/course/courseDetails.xhtml?courseNr=161006,,2026-07-20T09:00:00,2026-08-26T23:59:00,2026-09-06T23:59:00
163.006,General Chemistry Introductory Laboratory,https://tiss.tuwien.ac.at/course/courseDetails.xhtml?courseNr=163006,,2026-09-17T00:00:00,2026-10-13T23:58:00,2026-10-13T23:59:00
163.009,advanced laboratory course in general and inorganic chemistry,https://tiss.tuwien.ac.at/course/courseDetails.xhtml?courseNr=163009,,,,
163.021,Optional Organic Chemistry Lab,https://tiss.tuwien.ac.at/course/courseDetails.xhtml?courseNr=163021,,,,
163.038,Accompanying seminar on the diploma thesis,https://tiss.tuwien.ac.at/course/courseDetails.xhtml?courseNr=163038,,,,
163.056,Chemical Technology of Organic Materials,https://tiss.tuwien.ac.at/course/courseDetails.xhtml?courseNr=163056,https://tuwel.tuwien.ac.at/course/view.php?id=79974,2025-12-15T00:00:00,2026-01-11T23:59:00,
163.066,Organic Coatings and Composites,https://tiss.tuwien.ac.at/course/courseDetails.xhtml?courseNr=163066,,2026-01-29T00:00:00,2026-06-03T00:00:00,
163.067,Special Synthetic Polymer Chemistry,https://tiss.tuwien.ac.at/course/courseDetails.xhtml?courseNr=163067,,2026-10-06T12:00:00,2027-02-14T00:00:00,
163.075,Applied Macromolecular Chemistry,https://tiss.tuwien.ac.at/course/courseDetails.xhtml?courseNr=163075,,2026-10-01T00:00:00,2027-01-31T00:00:00,
163.107,Inorganic Chemistry for Chemical Engeneering,https://tiss.tuwien.ac.at/course/courseDetails.xhtml?courseNr=163107,,2026-10-01T00:00:00,2026-11-18T13:59:00,2027-01-19T23:55:00
163.108,Industrial Synthesis,https://tiss.tuwien.ac.at/course/courseDetails.xhtml?courseNr=163108,https://tuwel.tuwien.ac.at/course/view.php?id=82090,2026-03-04T11:00:00,2026-08-31T11:30:00,
163.109,Polymer Materials,https://tiss.tuwien.ac.at/course/courseDetails.xhtml?courseNr=163109,,2025-11-29T00:00:00,2026-06-30T00:00:00,
163.110,Polymer characterization,https://tiss.tuwien.ac.at/course/courseDetails.xhtml?courseNr=163110,,2026-10-03T00:00:00,2027-03-03T00:00:00,
163.112,Fundamentals of Chemistry,https://tiss.tuwien.ac.at/course/courseDetails.xhtml?courseNr=163112,,2026-08-07T00:00:00,2027-02-12T00:00:00,
163.116,Advanced Laboratory Course in Synthetic Chemistry,https://tiss.tuwien.ac.at/course/courseDetails.xhtml?courseNr=163116,,2026-07-30T00:01:00,2026-10-26T23:59:00,2026-11-06T23:59:00
163.119,Organic Chemistry I,https://tiss.tuwien.ac.at/course/courseDetails.xhtml?courseNr=163119,https://tuwel.tuwien.ac.at/course/view.php?id=80259,,,
163.123,Organic Chemistry for Chemical Engineers,https://tiss.tuwien.ac.at/course/courseDetails.xhtml?courseNr=163123,https://tuwel.tuwien.ac.at/course/view.php?id=73283,,,
163.130,Organic Chemistry 2,https://tiss.tuwien.ac.at/course/courseDetails.xhtml?courseNr=163130,,2026-10-07T00:00:00,2027-10-14T00:00:00,
163.133,Chemical technology of organic materials for process engineering,https://tiss.tuwien.ac.at/course/courseDetails.xhtml?courseNr=163133,https://tuwel.tuwien.ac.at/course/view.php?id=77769,2025-05-19T14:00:00,2026-07-29T17:00:00,
163.137,Introduction to Biological Chemistry,https://tiss.tuwien.ac.at/course/courseDetails.xhtml?courseNr=163137,,2026-10-06T12:00:00,2027-10-07T13:30:00,
163.138,Chemical Technology and organic Materials,https://tiss.tuwien.ac.at/course/courseDetails.xhtml?courseNr=163138,,,,
163.140,Bachelor Thesis,https://tiss.tuwien.ac.at/course/courseDetails.xhtml?courseNr=163140,,2027-03-04T00:00:00,,
163.144,Inorganic Molecular Chemistry,https://tiss.tuwien.ac.at/course/courseDetails.xhtml?courseNr=163144,,2026-01-05T08:00:00,2026-03-10T16:00:00,
163.145,Synthesis Laboratory Course,https://tiss.tuwien.ac.at/course/courseDetails.xhtml?courseNr=163145,https://tuwel.tuwien.ac.at/course/view.php?id=80148,2025-11-26T13:00:00,2026-03-03T14:00:00,2026-03-03T14:01:00
163.149,Green Chemistry,https://tiss.tuwien.ac.at/course/courseDetails.xhtml?courseNr=163149,,2026-10-05T01:00:00,2026-12-02T14:00:00,2026-12-02T15:00:00
163.150,Journal Club - Recent Trends in (Bio)Organic Chemistry Part 2,https://tiss.tuwien.ac.at/course/courseDetails.xhtml?courseNr=163150,,2026-03-06T00:00:00,2026-04-06T23:59:00,
163.152,Journal Club - Recent Trends in (Bio)Organic Chemistry,https://tiss.tuwien.ac.at/course/courseDetails.xhtml?courseNr=163152,,,,
163.154,Organic Chemistry and Polymer Chemistry,https://tiss.tuwien.ac.at/course/courseDetails.xhtml?courseNr=163154,,,,
163.155,Synthesis of organic materials,https://tiss.tuwien.ac.at/course/courseDetails.xhtml?courseNr=163155,,2026-09-01T00:00:00,2027-02-01T00:00:00,
163.156,Chemical technology of renewable resources,https://tiss.tuwien.ac.at/course/courseDetails.xhtml?courseNr=163156,,2026-10-01T14:00:00,2027-02-25T14:00:00,
163.157,Nomenclature in Organic Chemistry,https://tiss.tuwien.ac.at/course/courseDetails.xhtml?courseNr=163157,,2026-10-07T00:00:00,2027-01-07T00:00:00,
163.163,Privatissimum for PhD students,https://tiss.tuwien.ac.at/course/courseDetails.xhtml?courseNr=163163,,,,
163.166,Polymer Technology,https://tiss.tuwien.ac.at/course/courseDetails.xhtml?courseNr=163166,,,,
163.169,Journal Club - Recent Trends in Macromolecular Chemistry,https://tiss.tuwien.ac.at/course/courseDetails.xhtml?courseNr=163169,,2026-02-17T12:00:00,2026-03-25T16:00:00,
163.171,Chemistry and Society,https://tiss.tuwien.ac.at/course/courseDetails.xhtml?courseNr=163171,https://tuwel.tuwien.ac.at/course/view.php?id=80049,2026-02-24T15:00:00,2026-03-11T11:59:00,2026-03-11T11:59:00
163.172,...,https://tiss.tuwien.ac.at/course/courseDetails.xhtml?courseNr=163172,,2026-09-01T00:00:00,2026-11-27T23:59:00,
163.173,Orientation course for beginners in chemistry I,https://tiss.tuwien.ac.at/course/courseDetails.xhtml?courseNr=163173,,2026-09-01T00:00:00,2026-09-29T12:00:00,
163.175,Journal Club - Recent Trends in Macromolecular Chemistry II,https://tiss.tuwien.ac.at/course/courseDetails.xhtml?courseNr=163175,,2026-07-20T00:00:00,2026-10-07T23:59:00,
163.177,Fundamentals of Chemistry,https://tiss.tuwien.ac.at/course/courseDetails.xhtml?courseNr=163177,,2026-09-07T14:00:00,2026-10-08T23:59:00,
163.178,Lab-on-a-Chip Technologies,https://tiss.tuwien.ac.at/course/courseDetails.xhtml?courseNr=163178,,2026-08-31T18:00:00,2027-01-31T23:59:00,2027-01-31T23:59:00
163.179,Organ-on-a-chip Technologies,https://tiss.tuwien.ac.at/course/courseDetails.xhtml?courseNr=163179,,2025-11-28T00:00:00,2026-04-09T00:00:00,
163.180,Rapid prototyping of microfluidic devices,https://tiss.tuwien.ac.at/course/courseDetails.xhtml?courseNr=163180,https://tuwel.tuwien.ac.at/course/view.php?id=57272,2026-02-20T10:00:00,2026-05-01T12:00:00,2026-05-06T12:00:00
163.181,Laboratory technology for process engineers,https://tiss.tuwien.ac.at/course/courseDetails.xhtml?courseNr=163181,,2026-10-01T09:00:00,2027-01-27T23:00:00,
163.182,Hands-on-Laboratory,https://tiss.tuwien.ac.at/course/courseDetails.xhtml?courseNr=163182,,,,
163.183,Fundamentals of Chemistry,https://tiss.tuwien.ac.at/course/courseDetails.xhtml?courseNr=163183,https://tuwel.tuwien.ac.at/course/view.php?id=79923,2025-12-19T12:00:00,2026-03-01T23:58:00,2026-02-15T23:59:00
163.185,Exercise in fire fighting,https://tiss.tuwien.ac.at/course/courseDetails.xhtml?courseNr=163185,,2026-09-07T00:00:00,2026-10-09T12:00:00,
163.187,PhD Privatissimum,https://tiss.tuwien.ac.at/course/courseDetails.xhtml?courseNr=163187,,2026-02-23T00:00:00,2026-04-03T00:00:00,2026-04-02T00:00:00
163.189,Fundamentals of Chemistry for Environmental Engineering,https://tiss.tuwien.ac.at/course/courseDetails.xhtml?courseNr=163189,,2026-09-04T00:00:00,2027-10-04T23:00:00,2027-10-05T23:00:00
163.190,Chemical Calculations,https://tiss.tuwien.ac.at/course/courseDetails.xhtml?courseNr=163190,,2026-10-02T00:01:00,2027-06-30T23:59:00,2027-07-01T23:59:00
163.193,Seminar - Organische Chemie I,https://tiss.tuwien.ac.at/course/courseDetails.xhtml?courseNr=163193,https://tuwel.tuwien.ac.at/course/view.php?id=81398,2026-03-06T09:00:00,2026-04-11T23:59:00,
163.195,Thermal Energy Storage,https://tiss.tuwien.ac.at/course/courseDetails.xhtml?courseNr=163195,,2026-10-01T08:00:00,2027-01-06T12:00:00,2027-01-06T15:00:00
163.196,Private seminar fpr PhD students,https://tiss.tuwien.ac.at/course/courseDetails.xhtml?courseNr=163196,,,,
163.198,Chemistry and Biology of Polymeric Biomaterials,https://tiss.tuwien.ac.at/course/courseDetails.xhtml?courseNr=163198,https://tuwel.tuwien.ac.at/course/view.php?id=81497,,,
163.199,Macromolecular Chemistry for BME Makromolekulare Chemie für BME,https://tiss.tuwien.ac.at/course/courseDetails.xhtml?courseNr=163199,,2026-09-04T00:00:00,2027-06-04T00:00:00,
163.203,European Chemicals Law,https://tiss.tuwien.ac.at/course/courseDetails.xhtml?courseNr=163203,https://tuwel.tuwien.ac.at/course/view.php?id=79200,2026-02-25T00:00:00,,
163.206,"Green Chemistry I (TUW, BOKU, UniW)",https://tiss.tuwien.ac.at/course/courseDetails.xhtml?courseNr=163206,https://tuwel.tuwien.ac.at/course/view.php?id=82283,2026-10-01T00:00:00,2026-10-31T23:58:00,2026-11-08T23:59:00
163.209,Nuclear Forensics,https://tiss.tuwien.ac.at/course/courseDetails.xhtml?courseNr=163209,,2026-02-11T08:00:00,2026-06-30T17:30:00,2026-06-30T17:30:00
163.210,Molecular Chemistry & Chemical Biology,https://tiss.tuwien.ac.at/course/courseDetails.xhtml?courseNr=163210,,,,
163.211,Infotag Master TCH,https://tiss.tuwien.ac.at/course/courseDetails.xhtml?courseNr=163211,,,,
163.212,Privatissimum for PhD Students,https://tiss.tuwien.ac.at/course/courseDetails.xhtml?courseNr=163212,,,,
163.213,Synthesis of Complex Natural Products,https://tiss.tuwien.ac.at/course/courseDetails.xhtml?courseNr=163213,https://tuwel.tuwien.ac.at/course/view.php?id=81584,2026-03-24T00:00:00,,
163.214,Synthesis of Biomolecules,https://tiss.tuwien.ac.at/course/courseDetails.xhtml?courseNr=163214,,2026-08-31T09:00:00,2026-11-28T17:00:00,
163.215,Organic Chemistry 4,https://tiss.tuwien.ac.at/course/courseDetails.xhtml?courseNr=163215,,,,
163.216,Physical Organic Chemistry,https://tiss.tuwien.ac.at/course/courseDetails.xhtml?courseNr=163216,https://tuwel.tuwien.ac.at/course/view.php?id=74009,,,
163.217,Organic Chemistry 3,https://tiss.tuwien.ac.at/course/courseDetails.xhtml?courseNr=163217,https://tuwel.tuwien.ac.at/course/view.php?id=80574,2026-03-03T00:00:00,,
163.218,Chemical Biology,https://tiss.tuwien.ac.at/course/courseDetails.xhtml?courseNr=163218,,2026-12-01T12:00:00,,
163.219,Catalysis in Organic Synthesis,https://tiss.tuwien.ac.at/course/courseDetails.xhtml?courseNr=163219,,,,
163.220,Medicinal Chemistry I,https://tiss.tuwien.ac.at/course/courseDetails.xhtml?courseNr=163220,,2026-10-07T00:01:00,2027-02-12T23:59:00,
163.222,Medicinal Chemistry II,https://tiss.tuwien.ac.at/course/courseDetails.xhtml?courseNr=163222,https://tuwel.tuwien.ac.at/course/view.php?id=74069,,,
163.223,Chemical Biology II,https://tiss.tuwien.ac.at/course/courseDetails.xhtml?courseNr=163223,https://tuwel.tuwien.ac.at/course/view.php?id=81881,,,
163.226,Structure elucidation,https://tiss.tuwien.ac.at/course/courseDetails.xhtml?courseNr=163226,,2026-10-07T00:00:00,2027-02-12T23:59:00,
163.227,Privatissimum for PhD students,https://tiss.tuwien.ac.at/course/courseDetails.xhtml?courseNr=163227,,,,
163.228,Radiochemistry Seminar,https://tiss.tuwien.ac.at/course/courseDetails.xhtml?courseNr=163228,,,,
164.023,Bio-electrochemistry,https://tiss.tuwien.ac.at/course/courseDetails.xhtml?courseNr=164023,,2026-10-06T00:00:00,,
164.038,Umweltchemie und Analytik,https://tiss.tuwien.ac.at/course/courseDetails.xhtml?courseNr=164038,,2026-03-02T08:00:00,2026-03-22T12:00:00,2026-03-22T12:00:00
164.052,Umweltchemie und Analytik,https://tiss.tuwien.ac.at/course/courseDetails.xhtml?courseNr=164052,https://tuwel.tuwien.ac.at/course/view.php?id=80550,2026-03-02T09:00:00,2026-07-01T09:00:00,
164.053,Analytical Chemistry I,https://tiss.tuwien.ac.at/course/courseDetails.xhtml?courseNr=164053,,2026-10-06T00:00:00,2027-03-30T00:00:00,
164.096,laboratory chemical technology,https://tiss.tuwien.ac.at/course/courseDetails.xhtml?courseNr=164096,,,,
164.157,Optional laboratory course (solid state ionics),https://tiss.tuwien.ac.at/course/courseDetails.xhtml?courseNr=164157,,,,
164.161,Materials Science,https://tiss.tuwien.ac.at/course/courseDetails.xhtml?courseNr=164161,,,,
164.162,Matallurgy and Materials Processing,https://tiss.tuwien.ac.at/course/courseDetails.xhtml?courseNr=164162,,2026-11-24T00:00:00,2027-02-01T00:00:00,2027-02-01T00:00:00
164.163,Powder Metallurgy and Sintered Materials,https://tiss.tuwien.ac.at/course/courseDetails.xhtml?courseNr=164163,,2026-10-05T09:00:00,2028-01-30T23:59:00,
164.164,High Performance Ceramics,https://tiss.tuwien.ac.at/course/courseDetails.xhtml?courseNr=164164,,2026-07-28T00:00:00,2027-09-29T00:00:00,
164.169,Quality Assurance and GLP/GMP,https://tiss.tuwien.ac.at/course/courseDetails.xhtml?courseNr=164169,,2026-09-01T00:00:00,2027-01-30T23:59:00,2027-01-30T23:59:00
164.170,Powder Metallurgy and Sintered Materials II,https://tiss.tuwien.ac.at/course/courseDetails.xhtml?courseNr=164170,,2025-10-04T09:00:00,2026-06-17T00:00:00,
164.171,Chemical Nanoscopy,https://tiss.tuwien.ac.at/course/courseDetails.xhtml?courseNr=164171,,2026-10-03T00:00:00,2027-02-05T00:00:00,
164.172,Physical and Analytical Chemistry,https://tiss.tuwien.ac.at/course/courseDetails.xhtml?courseNr=164172,,2026-07-20T00:00:00,2027-09-25T00:00:00,
164.174,Physical Chemistry,https://tiss.tuwien.ac.at/course/courseDetails.xhtml?courseNr=164174,,2026-07-28T00:00:00,2027-09-29T00:00:00,
164.178,Analytical Chemistry II,https://tiss.tuwien.ac.at/course/courseDetails.xhtml?courseNr=164178,https://tuwel.tuwien.ac.at/course/view.php?id=80307,2026-02-03T00:00:00,2026-07-02T23:59:00,2026-07-02T23:59:00
164.179,Chemical Technology II,https://tiss.tuwien.ac.at/course/courseDetails.xhtml?courseNr=164179,,2026-01-09T00:00:00,2026-12-31T23:00:00,
164.180,Chemical Technology - Metallurgy,https://tiss.tuwien.ac.at/course/courseDetails.xhtml?courseNr=164180,,2026-10-05T09:00:00,2028-01-30T23:59:00,
164.182,Surface and Interface Analysis,https://tiss.tuwien.ac.at/course/courseDetails.xhtml?courseNr=164182,,2026-10-03T00:00:00,2027-02-12T00:00:00,
164.183,Analytical Principles and Measurement Techniques,https://tiss.tuwien.ac.at/course/courseDetails.xhtml?courseNr=164183,,,,
164.185,Solid State Chemistry,https://tiss.tuwien.ac.at/course/courseDetails.xhtml?courseNr=164185,https://tuwel.tuwien.ac.at/course/view.php?id=80613,2026-03-03T00:00:00,2027-03-03T00:00:00,
164.196,Physical Chemistry of Materials,https://tiss.tuwien.ac.at/course/courseDetails.xhtml?courseNr=164196,,2026-08-18T00:00:00,,
164.203,Emission and Ambient Air Analytics,https://tiss.tuwien.ac.at/course/courseDetails.xhtml?courseNr=164203,,2026-10-01T11:00:00,2027-03-01T12:00:00,
164.211,Chemical Technology of Inorganic Materials for Chemical Engineers,https://tiss.tuwien.ac.at/course/courseDetails.xhtml?courseNr=164211,https://tuwel.tuwien.ac.at/course/view.php?id=78357,,,
164.212,Fuel Cells,https://tiss.tuwien.ac.at/course/courseDetails.xhtml?courseNr=164212,,2026-01-25T00:00:00,2027-02-27T00:00:00,
164.216,Technische Elektrochemie VO,https://tiss.tuwien.ac.at/course/courseDetails.xhtml?courseNr=164216,,2026-08-31T00:00:00,2027-09-29T00:00:00,
164.221,Chemical Technology of Inorganic Materials,https://tiss.tuwien.ac.at/course/courseDetails.xhtml?courseNr=164221,https://tuwel.tuwien.ac.at/course/view.php?id=78354,,,
164.225,Ecology and Sustainable Development,https://tiss.tuwien.ac.at/course/courseDetails.xhtml?courseNr=164225,,2026-02-16T08:00:00,2026-03-23T08:00:00,2026-03-24T09:00:00
164.230,Bachelor thesis,https://tiss.tuwien.ac.at/course/courseDetails.xhtml?courseNr=164230,,,,
164.234,Instrumental Analytical Biochemistry,https://tiss.tuwien.ac.at/course/courseDetails.xhtml?courseNr=164234,https://tuwel.tuwien.ac.at/course/view.php?id=80109,2026-02-20T00:00:00,2026-07-02T00:00:00,2026-07-02T00:00:00
164.240,Solid State Chemistry (laboratory exercise),https://tiss.tuwien.ac.at/course/courseDetails.xhtml?courseNr=164240,,,,
164.249,Basic lab course in quantitative analytical chemistry,https://tiss.tuwien.ac.at/course/courseDetails.xhtml?courseNr=164249,,2026-12-29T11:59:00,2026-12-30T23:59:00,
164.251,Seminar for bachelor thesis,https://tiss.tuwien.ac.at/course/courseDetails.xhtml?courseNr=164251,https://tuwel.tuwien.ac.at/course/view.php?id=82562,2026-09-01T12:00:00,2027-02-01T00:00:00,
164.253,Analytical Chemistry III,https://tiss.tuwien.ac.at/course/courseDetails.xhtml?courseNr=164253,,2026-09-15T00:00:00,2027-01-02T00:00:00,
164.254,Instrumental and Bioanalytical Laboratory,https://tiss.tuwien.ac.at/course/courseDetails.xhtml?courseNr=164254,https://tuwel.tuwien.ac.at/course/view.php?id=78864,2025-06-25T12:00:00,2025-06-25T13:00:00,2026-02-13T12:00:00
164.256,Electrochemical investigation methods,https://tiss.tuwien.ac.at/course/courseDetails.xhtml?courseNr=164256,,2026-10-06T00:00:00,,
164.268,Biosensors and bioprocess analytics,https://tiss.tuwien.ac.at/course/courseDetails.xhtml?courseNr=164268,,2027-10-05T00:00:00,,
164.273,electronic - cafe 1,https://tiss.tuwien.ac.at/course/courseDetails.xhtml?courseNr=164273,,2026-08-30T00:00:00,,
164.274,electronic - cafe 2,https://tiss.tuwien.ac.at/course/courseDetails.xhtml?courseNr=164274,https://tuwel.tuwien.ac.at/course/view.php?id=74378,2026-02-24T00:00:00,,
164.287,"European Union - Institutions, Policies and Future Challenges",https://tiss.tuwien.ac.at/course/courseDetails.xhtml?courseNr=164287,,2026-09-13T08:00:00,2026-10-19T08:00:00,2026-10-19T08:00:00
164.288,Electrochemical Energy Conversion and Energy Storage,https://tiss.tuwien.ac.at/course/courseDetails.xhtml?courseNr=164288,,2026-01-25T00:00:00,2027-02-27T00:00:00,
164.289,Advanced ceramics and electrochemistry,https://tiss.tuwien.ac.at/course/courseDetails.xhtml?courseNr=164289,,2026-01-09T12:00:00,2026-02-16T23:59:00,2026-02-16T23:59:00
164.293,Analysis of solid materials,https://tiss.tuwien.ac.at/course/courseDetails.xhtml?courseNr=164293,,2026-10-03T00:00:00,2027-02-08T00:00:00,
164.295,Composites and Hybrid Materials,https://tiss.tuwien.ac.at/course/courseDetails.xhtml?courseNr=164295,,2026-01-08T00:00:00,2026-04-03T00:00:00,2026-04-03T00:00:00
164.298,Recycling,https://tiss.tuwien.ac.at/course/courseDetails.xhtml?courseNr=164298,,2026-01-08T00:00:00,2026-06-30T00:00:00,2026-06-30T00:00:00
164.299,Statistics and Chemometrics,https://tiss.tuwien.ac.at/course/courseDetails.xhtml?courseNr=164299,https://tuwel.tuwien.ac.at/course/view.php?id=80817,2026-01-26T00:00:00,2026-03-03T00:00:00,2026-03-12T00:00:00
164.300,Chemical Analysis of Materials,https://tiss.tuwien.ac.at/course/courseDetails.xhtml?courseNr=164300,https://tuwel.tuwien.ac.at/course/view.php?id=80847,2026-01-03T11:00:00,2026-07-10T12:00:00,
164.303,Sample preparation and basic concepts in bioanalysis,https://tiss.tuwien.ac.at/course/courseDetails.xhtml?courseNr=164303,,2026-09-03T00:00:00,2026-10-04T00:00:00,
164.305,Metals and material processing,https://tiss.tuwien.ac.at/course/courseDetails.xhtml?courseNr=164305,,2026-01-01T09:00:00,2026-01-31T23:59:00,2026-01-31T23:59:00
164.306,Organic Mass Spectrometry,https://tiss.tuwien.ac.at/course/courseDetails.xhtml?courseNr=164306,,2026-09-01T12:00:00,2026-12-24T12:00:00,
164.307,Crystallography and structure analysis using diffraction methods,https://tiss.tuwien.ac.at/course/courseDetails.xhtml?courseNr=164307,https://tuwel.tuwien.ac.at/course/view.php?id=79833,2026-01-31T00:00:00,2026-09-29T00:00:00,
164.308,Molecular Analysis,https://tiss.tuwien.ac.at/course/courseDetails.xhtml?courseNr=164308,,2026-10-07T00:00:00,2026-11-29T23:59:00,2026-11-29T23:59:00
164.309,Analytical Separation Techniques and Hyphenated Techniques,https://tiss.tuwien.ac.at/course/courseDetails.xhtml?courseNr=164309,https://tuwel.tuwien.ac.at/course/view.php?id=80313,2026-01-31T00:00:00,2026-06-29T23:59:00,2026-06-29T23:59:00
164.310,Strategies and Concepts of Environmental Analysis,https://tiss.tuwien.ac.at/course/courseDetails.xhtml?courseNr=164310,https://tuwel.tuwien.ac.at/course/view.php?id=80913,2026-02-23T00:00:00,2026-07-02T23:59:00,2026-07-02T23:59:00
164.311,Environmental and Process Analysis,https://tiss.tuwien.ac.at/course/courseDetails.xhtml?courseNr=164311,,2026-09-21T12:00:00,2026-10-14T12:00:00,2026-10-14T12:00:00
164.312,Vibrational Spectroscopy,https://tiss.tuwien.ac.at/course/courseDetails.xhtml?courseNr=164312,,2026-10-06T08:00:00,2027-02-09T23:00:00,
164.313,single crystal structure analysis,https://tiss.tuwien.ac.at/course/courseDetails.xhtml?courseNr=164313,,,,
164.314,Instrumental Bioanalytics,https://tiss.tuwien.ac.at/course/courseDetails.xhtml?courseNr=164314,https://tuwel.tuwien.ac.at/course/view.php?id=22780,2026-01-29T00:00:00,2026-06-01T00:00:00,
164.315,Biological Mass Spectrometry,https://tiss.tuwien.ac.at/course/courseDetails.xhtml?courseNr=164315,https://tuwel.tuwien.ac.at/course/view.php?id=24739,2026-01-29T00:00:00,2026-03-30T00:00:00,2026-05-29T00:00:00
164.316,Process Analytical Chemistry,https://tiss.tuwien.ac.at/course/courseDetails.xhtml?courseNr=164316,https://tuwel.tuwien.ac.at/course/view.php?id=80430,2026-02-03T10:00:00,2026-06-27T00:00:00,
164.317,"Measurement Techniques, Instrumentation and Physical Sensors",https://tiss.tuwien.ac.at/course/courseDetails.xhtml?courseNr=164317,https://tuwel.tuwien.ac.at/course/view.php?id=81401,2026-01-26T00:00:00,2026-05-31T00:00:00,2026-05-31T23:55:00
164.319,X-ray crystallography,https://tiss.tuwien.ac.at/course/courseDetails.xhtml?courseNr=164319,,,,
164.322,Analytical Methods and Separation Techniques,https://tiss.tuwien.ac.at/course/courseDetails.xhtml?courseNr=164322,https://tuwel.tuwien.ac.at/course/view.php?id=80145,2025-12-02T00:00:00,2026-03-02T23:59:00,2026-03-02T23:59:00
164.323,Powder Diffraction I,https://tiss.tuwien.ac.at/course/courseDetails.xhtml?courseNr=164323,,2026-08-31T00:00:00,,
164.324,Electrical Engineering Revision Course for Computer Engineers,https://tiss.tuwien.ac.at/course/courseDetails.xhtml?courseNr=164324,https://tuwel.tuwien.ac.at/course/view.php?id=81836,2026-01-15T00:00:00,2026-03-31T00:00:00,
164.332,Electrochemical Processes and Technologies,https://tiss.tuwien.ac.at/course/courseDetails.xhtml?courseNr=164332,https://tuwel.tuwien.ac.at/course/view.php?id=80445,,,
164.334,Privatissimum for PhD students,https://tiss.tuwien.ac.at/course/courseDetails.xhtml?courseNr=164334,,,,
164.339,Lab Course in Qualitative Inorganic Analysis,https://tiss.tuwien.ac.at/course/courseDetails.xhtml?courseNr=164339,,2026-01-12T00:00:00,2026-04-12T23:59:00,2026-04-12T23:59:00
164.340,Physical Chemistry for VT Calc Lab,https://tiss.tuwien.ac.at/course/courseDetails.xhtml?courseNr=164340,,,,
164.341,Privatissimum for diploma students,https://tiss.tuwien.ac.at/course/courseDetails.xhtml?courseNr=164341,,,,
164.342,Privatissimum for PhD students,https://tiss.tuwien.ac.at/course/courseDetails.xhtml?courseNr=164342,,,,
164.343,Introduction to Biostatistics,https://tiss.tuwien.ac.at/course/courseDetails.xhtml?courseNr=164343,,2026-08-31T00:00:00,2026-11-29T23:59:00,2026-11-29T23:59:00
164.344,Advanced Biostatistics,https://tiss.tuwien.ac.at/course/courseDetails.xhtml?courseNr=164344,https://tuwel.tuwien.ac.at/course/view.php?id=80814,2026-01-31T00:00:00,2026-04-03T23:59:00,2026-04-03T23:59:00
164.345,Chemical Calculations,https://tiss.tuwien.ac.at/course/courseDetails.xhtml?courseNr=164345,,2026-09-04T00:00:00,2026-11-07T23:59:00,2026-11-07T23:59:00
164.346,Condition monitoring - the lubricant as data carrier,https://tiss.tuwien.ac.at/course/courseDetails.xhtml?courseNr=164346,,,,
164.347,seminar for diploma students,https://tiss.tuwien.ac.at/course/courseDetails.xhtml?courseNr=164347,https://tuwel.tuwien.ac.at/course/view.php?id=82640,2026-09-01T08:00:00,2026-10-04T23:59:00,
164.348,Laboratory high-performance materials,https://tiss.tuwien.ac.at/course/courseDetails.xhtml?courseNr=164348,,,,
164.350,Laboratory high-performance materials,https://tiss.tuwien.ac.at/course/courseDetails.xhtml?courseNr=164350,,2026-10-06T15:00:00,2026-10-06T16:00:00,
164.351,Laboratory high-performance materials,https://tiss.tuwien.ac.at/course/courseDetails.xhtml?courseNr=164351,,,,
164.352,Excursion Chemical Technology of Inorganic Materials,https://tiss.tuwien.ac.at/course/courseDetails.xhtml?courseNr=164352,,2026-02-04T00:00:00,2026-05-26T00:00:00,
164.353,"Journal Club of the Austrian Proteomics and Metabolomics Association Recent developments in Proteomics, Metabolomics and Bioinformatics",https://tiss.tuwien.ac.at/course/courseDetails.xhtml?courseNr=164353,,2026-10-12T14:00:00,2027-02-28T23:00:00,
164.355,Proteomics,https://tiss.tuwien.ac.at/course/courseDetails.xhtml?courseNr=164355,,2026-07-28T14:00:00,2026-10-27T00:00:00,2026-11-26T00:00:00
164.356,Metabolomics,https://tiss.tuwien.ac.at/course/courseDetails.xhtml?courseNr=164356,,2026-09-23T09:00:00,2026-10-21T18:00:00,
164.359,Privatissimum for PhD students,https://tiss.tuwien.ac.at/course/courseDetails.xhtml?courseNr=164359,,,,
164.360,Journal Club of the Austrian Proteomics and Metabolomics Association 2,https://tiss.tuwien.ac.at/course/courseDetails.xhtml?courseNr=164360,,,,
164.362,Provatissimum for PhD students,https://tiss.tuwien.ac.at/course/courseDetails.xhtml?courseNr=164362,,,,
164.363,Air quality and greenhouse gases,https://tiss.tuwien.ac.at/course/courseDetails.xhtml?courseNr=164363,,2026-10-06T10:00:00,2027-03-15T12:00:00,
164.364,Basics of solid state electrochemistry and solid state kinetics,https://tiss.tuwien.ac.at/course/courseDetails.xhtml?courseNr=164364,,2026-01-25T00:00:00,,
164.365,Electrochemical Materials and Devices,https://tiss.tuwien.ac.at/course/courseDetails.xhtml?courseNr=164365,https://tuwel.tuwien.ac.at/course/view.php?id=79944,2026-01-01T00:01:00,,
164.366,Ceramic Materials Engineering,https://tiss.tuwien.ac.at/course/courseDetails.xhtml?courseNr=164366,https://tuwel.tuwien.ac.at/course/view.php?id=79623,2026-01-04T00:01:00,2026-05-05T16:00:00,
164.368,Ceramic Materials,https://tiss.tuwien.ac.at/course/courseDetails.xhtml?courseNr=164368,,2026-07-20T00:00:00,2027-09-27T00:00:00,
164.374,Privatissimum for Master thesis students,https://tiss.tuwien.ac.at/course/courseDetails.xhtml?courseNr=164374,,,,
164.375,Privatissimum for doctoral students,https://tiss.tuwien.ac.at/course/courseDetails.xhtml?courseNr=164375,,,,
164.377,Privatissimum for doctoral students,https://tiss.tuwien.ac.at/course/courseDetails.xhtml?courseNr=164377,,,,
164.379,Physiology and Basics of Pathology,https://tiss.tuwien.ac.at/course/courseDetails.xhtml?courseNr=164379,https://tuwel.tuwien.ac.at/course/view.php?id=73040,2026-03-03T08:00:00,2026-06-26T12:00:00,
164.381,Anatomy and Histology,https://tiss.tuwien.ac.at/course/courseDetails.xhtml?courseNr=164381,,2026-09-23T12:00:00,,
164.382,Thermal Analysis,https://tiss.tuwien.ac.at/course/courseDetails.xhtml?courseNr=164382,,2026-05-21T00:00:00,2027-01-31T00:00:00,
164.383,Technology of hard and superhard materials,https://tiss.tuwien.ac.at/course/courseDetails.xhtml?courseNr=164383,,2026-08-30T00:00:00,2027-01-08T23:00:00,
164.384,CALPHAD Methods in Materials Science and Engineering,https://tiss.tuwien.ac.at/course/courseDetails.xhtml?courseNr=164384,,2025-11-13T00:00:00,2026-04-30T00:00:00,
164.385,Programming for Chemistry and PE,https://tiss.tuwien.ac.at/course/courseDetails.xhtml?courseNr=164385,,2026-07-31T00:00:00,2026-10-02T00:00:00,2026-10-16T00:00:00
164.386,Fundamentals of Electrical Engineering for PE,https://tiss.tuwien.ac.at/course/courseDetails.xhtml?courseNr=164386,,2026-10-08T12:00:00,2026-10-26T12:00:00,
164.387,laboratory in physical chemistry for chemical engineering,https://tiss.tuwien.ac.at/course/courseDetails.xhtml?courseNr=164387,https://tuwel.tuwien.ac.at/course/view.php?id=79272,2026-01-19T12:00:00,2026-03-09T12:00:00,2026-03-20T12:00:00
164.388,Fundamentals of  Analytical Chemistry for PE,https://tiss.tuwien.ac.at/course/courseDetails.xhtml?courseNr=164388,https://tuwel.tuwien.ac.at/course/view.php?id=80904,2026-03-01T00:00:00,2026-10-01T00:00:00,2026-10-01T00:00:00
164.390,Fundamentals of light sources as large-scale research facilities,https://tiss.tuwien.ac.at/course/courseDetails.xhtml?courseNr=164390,,2026-09-01T00:00:00,,
164.391,Instrumental Laboratory for PE,https://tiss.tuwien.ac.at/course/courseDetails.xhtml?courseNr=164391,,2026-09-01T00:00:00,2026-11-30T23:59:00,2026-12-18T23:59:00
164.392,Modern applications of X-ray analytics at large-scale facilities,https://tiss.tuwien.ac.at/course/courseDetails.xhtml?courseNr=164392,,2027-02-01T00:00:00,,
165.008,"Physical Chemistry, Laboratory Course",https://tiss.tuwien.ac.at/course/courseDetails.xhtml?courseNr=165008,,2026-08-15T00:00:00,2026-09-18T00:00:00,2026-09-18T00:00:00
165.009,Theoretical Chemistry,https://tiss.tuwien.ac.at/course/courseDetails.xhtml?courseNr=165009,,2026-10-01T09:00:00,2027-01-07T09:00:00,
165.036,Exercises (theoretical chemistry),https://tiss.tuwien.ac.at/course/courseDetails.xhtml?courseNr=165036,,,,
165.087,Inorganic Chemistry I,https://tiss.tuwien.ac.at/course/courseDetails.xhtml?courseNr=165087,https://tuwel.tuwien.ac.at/course/view.php?id=30022,2026-10-06T00:00:00,2027-01-29T00:00:00,
165.088,Chemistry of nanomaterials,https://tiss.tuwien.ac.at/course/courseDetails.xhtml?courseNr=165088,https://tuwel.tuwien.ac.at/course/view.php?id=80520,2026-01-05T00:00:00,2026-03-12T23:59:00,2026-03-12T23:59:00
165.089,Physical and Theoretical Solid State Chemistry,https://tiss.tuwien.ac.at/course/courseDetails.xhtml?courseNr=165089,https://tuwel.tuwien.ac.at/course/view.php?id=81149,2026-03-05T01:00:00,2026-05-03T01:00:00,
165.093,Molecule-based and self-assembled materials,https://tiss.tuwien.ac.at/course/courseDetails.xhtml?courseNr=165093,https://tuwel.tuwien.ac.at/course/view.php?id=35014,2026-01-18T00:00:00,2026-08-01T12:00:00,
165.098,Physical Chemistry I,https://tiss.tuwien.ac.at/course/courseDetails.xhtml?courseNr=165098,,2026-02-02T00:00:00,2026-07-02T00:00:00,
165.102,Chemistry and Physics of Interfaces,https://tiss.tuwien.ac.at/course/courseDetails.xhtml?courseNr=165102,,2026-09-25T00:00:00,2027-03-05T23:59:00,
165.112,Inorganic Chemistry II,https://tiss.tuwien.ac.at/course/courseDetails.xhtml?courseNr=165112,,2026-10-07T11:00:00,,
165.114,Seminar related to diploma work,https://tiss.tuwien.ac.at/course/courseDetails.xhtml?courseNr=165114,,,,
165.115,Physical Chemistry II,https://tiss.tuwien.ac.at/course/courseDetails.xhtml?courseNr=165115,,2026-10-04T14:00:00,2026-11-04T23:59:00,
165.120,Bachelor thesis,https://tiss.tuwien.ac.at/course/courseDetails.xhtml?courseNr=165120,,,,
165.140,Atomistic Simulations of Materials,https://tiss.tuwien.ac.at/course/courseDetails.xhtml?courseNr=165140,https://tuwel.tuwien.ac.at/course/view.php?id=79353,2026-01-27T12:00:00,2026-03-10T23:30:00,
165.141,Physical and theoretical solid state chemistry,https://tiss.tuwien.ac.at/course/courseDetails.xhtml?courseNr=165141,https://tuwel.tuwien.ac.at/course/view.php?id=81149,2026-03-05T01:00:00,2026-05-03T01:00:00,
165.144,Simulation of condensed matter,https://tiss.tuwien.ac.at/course/courseDetails.xhtml?courseNr=165144,,2026-09-04T00:00:00,2026-12-03T23:59:00,2026-12-03T23:59:00
165.146,Synthesis of Inorganic Materials,https://tiss.tuwien.ac.at/course/courseDetails.xhtml?courseNr=165146,https://tuwel.tuwien.ac.at/course/view.php?id=76941,2026-09-04T10:00:00,2026-10-20T23:59:00,
165.153,Physikalische Chemie I,https://tiss.tuwien.ac.at/course/courseDetails.xhtml?courseNr=165153,,,,
165.154,Physikalische Chemie II,https://tiss.tuwien.ac.at/course/courseDetails.xhtml?courseNr=165154,,,,
165.155,Physikalische Chemie II,https://tiss.tuwien.ac.at/course/courseDetails.xhtml?courseNr=165155,,2026-10-07T00:00:00,2027-01-24T23:59:00,
165.156,Physikalische Chemie I,https://tiss.tuwien.ac.at/course/courseDetails.xhtml?courseNr=165156,https://tuwel.tuwien.ac.at/course/view.php?id=80337,2026-02-03T10:00:00,,
165.157,Theoretical molecular chemistry,https://tiss.tuwien.ac.at/course/courseDetails.xhtml?courseNr=165157,https://tuwel.tuwien.ac.at/course/view.php?id=80532,2026-01-29T00:00:00,2026-05-26T00:00:00,2026-05-26T23:59:00
165.158,Privatissimum for PhD students,https://tiss.tuwien.ac.at/course/courseDetails.xhtml?courseNr=165158,,,,
165.161,Privatissimum for Master Students,https://tiss.tuwien.ac.at/course/courseDetails.xhtml?courseNr=165161,,,,
165.162,Physical Chemistry for Environmental Engineering,https://tiss.tuwien.ac.at/course/courseDetails.xhtml?courseNr=165162,https://tuwel.tuwien.ac.at/course/view.php?id=82003,2026-03-04T00:00:00,2026-03-31T00:00:00,2026-10-02T00:00:00
165.164,Selected Topics in Theoretical Chemistry,https://tiss.tuwien.ac.at/course/courseDetails.xhtml?courseNr=165164,,,,
165.165,Seminar related to diploma work,https://tiss.tuwien.ac.at/course/courseDetails.xhtml?courseNr=165165,,2026-09-01T00:00:00,2026-11-29T00:00:00,2026-11-29T00:00:00
165.167,Data science methods for Green Chemistry and Engineering (TUW),https://tiss.tuwien.ac.at/course/courseDetails.xhtml?courseNr=165167,https://tuwel.tuwien.ac.at/course/view.php?id=78144,2025-12-31T00:00:00,2026-03-30T23:59:00,
165.169,Interdisciplinary Foundations of Deep Learning in Chemistry,https://tiss.tuwien.ac.at/course/courseDetails.xhtml?courseNr=165169,,2026-09-01T09:00:00,2026-09-30T23:59:00,2026-10-02T23:59:00
165.170,Introduction to Theoretical Chemistry,https://tiss.tuwien.ac.at/course/courseDetails.xhtml?courseNr=165170,,2026-07-26T17:00:00,2026-11-24T10:00:00,2026-11-24T10:00:00
165.171,AI in Chemistry,https://tiss.tuwien.ac.at/course/courseDetails.xhtml?courseNr=165171,https://tuwel.tuwien.ac.at/course/view.php?id=79122,2026-02-24T15:00:00,2026-03-23T15:00:00,2026-04-13T15:00:00
166.009,Laboratory in applied technologies (industrial microbiology and biochemcical engineering),https://tiss.tuwien.ac.at/course/courseDetails.xhtml?courseNr=166009,,2027-04-07T09:00:00,2027-04-07T09:30:00,
166.038,Process Simulation Basics,https://tiss.tuwien.ac.at/course/courseDetails.xhtml?courseNr=166038,,2026-08-19T00:00:00,2026-10-12T23:00:00,2026-10-12T23:00:00
166.042,Reaction Engineering and Combustion,https://tiss.tuwien.ac.at/course/courseDetails.xhtml?courseNr=166042,,,,
166.043,Fuel and Energy Technology,https://tiss.tuwien.ac.at/course/courseDetails.xhtml?courseNr=166043,https://tuwel.tuwien.ac.at/course/view.php?id=81842,2026-03-03T12:00:00,2026-04-09T12:00:00,
166.044,Energy and Fuel Technology,https://tiss.tuwien.ac.at/course/courseDetails.xhtml?courseNr=166044,,2026-10-05T08:00:00,2026-10-30T18:00:00,2026-10-30T20:00:00
166.049,Computational Fluid Dynamics (CFD) of Separation Processes,https://tiss.tuwien.ac.at/course/courseDetails.xhtml?courseNr=166049,,2026-02-02T12:00:00,2026-03-04T12:00:00,2026-03-04T12:00:00
166.051,Computer Aided Chemical Engineering,https://tiss.tuwien.ac.at/course/courseDetails.xhtml?courseNr=166051,,2026-08-10T00:00:00,2026-10-05T23:59:00,2026-10-05T23:59:00
166.061,Biochemical Engineering,https://tiss.tuwien.ac.at/course/courseDetails.xhtml?courseNr=166061,,,,
166.064,Chemical Process Engineering Laboratory,https://tiss.tuwien.ac.at/course/courseDetails.xhtml?courseNr=166064,,,,
166.065,Chemical Process Engineering Laboratory,https://tiss.tuwien.ac.at/course/courseDetails.xhtml?courseNr=166065,,,,
166.067,Facultative technological laboratory,https://tiss.tuwien.ac.at/course/courseDetails.xhtml?courseNr=166067,,,,
166.085,Seminar for Diploma Thesis,https://tiss.tuwien.ac.at/course/courseDetails.xhtml?courseNr=166085,,,,
166.119,Consumer Products in Food Chemistry,https://tiss.tuwien.ac.at/course/courseDetails.xhtml?courseNr=166119,,2026-02-11T09:30:00,2026-03-06T20:00:00,
166.127,Ecological and Social Aspects in Chemistry,https://tiss.tuwien.ac.at/course/courseDetails.xhtml?courseNr=166127,https://tuwel.tuwien.ac.at/course/view.php?id=81809,2026-01-28T12:00:00,,
166.142,Biology,https://tiss.tuwien.ac.at/course/courseDetails.xhtml?courseNr=166142,,2026-10-01T09:00:00,,
166.154,Refinery Technology and Fluidized Bed Systems,https://tiss.tuwien.ac.at/course/courseDetails.xhtml?courseNr=166154,,2026-03-06T00:00:00,2026-04-24T23:59:00,2026-05-19T13:00:00
166.157,Biochemical Engineering - Downstream processing,https://tiss.tuwien.ac.at/course/courseDetails.xhtml?courseNr=166157,,2026-01-13T09:00:00,2026-03-06T09:00:00,2026-03-08T23:59:00
166.158,Bioprocess Engineering Calculation Exercises,https://tiss.tuwien.ac.at/course/courseDetails.xhtml?courseNr=166158,,,,
166.159,Microbiology,https://tiss.tuwien.ac.at/course/courseDetails.xhtml?courseNr=166159,,,,
166.164,Bioprocess Engineering,https://tiss.tuwien.ac.at/course/courseDetails.xhtml?courseNr=166164,,2026-02-03T11:00:00,2026-02-27T23:59:00,2026-02-27T08:00:00
166.170,Dust Separation,https://tiss.tuwien.ac.at/course/courseDetails.xhtml?courseNr=166170,,2026-08-10T08:00:00,2026-10-12T08:00:00,2026-10-12T08:00:00
166.173,"Chemical Engineering 2, Laboratory",https://tiss.tuwien.ac.at/course/courseDetails.xhtml?courseNr=166173,,,,
166.176,Seminar accompanying the diploma thesis (biotechnology and bioanalytics),https://tiss.tuwien.ac.at/course/courseDetails.xhtml?courseNr=166176,,,,
166.177,Food Chemistry and Food Technology,https://tiss.tuwien.ac.at/course/courseDetails.xhtml?courseNr=166177,,2026-09-02T00:00:00,2026-10-31T00:00:00,2026-10-31T00:00:00
166.184,air pollution control techniques,https://tiss.tuwien.ac.at/course/courseDetails.xhtml?courseNr=166184,https://tuwel.tuwien.ac.at/course/view.php?id=79026,2026-02-02T08:00:00,2026-03-16T08:00:00,2026-03-16T08:00:00
166.193,microbiology laboratory course,https://tiss.tuwien.ac.at/course/courseDetails.xhtml?courseNr=166193,,2026-10-02T09:00:00,2026-11-01T09:00:00,2026-11-01T09:00:00
166.198,Applied modelling in process engineering and energy technology,https://tiss.tuwien.ac.at/course/courseDetails.xhtml?courseNr=166198,https://tuwel.tuwien.ac.at/course/view.php?id=78753,2026-01-30T00:00:00,2026-03-17T00:00:00,
166.200,Microscopy in Biology,https://tiss.tuwien.ac.at/course/courseDetails.xhtml?courseNr=166200,https://tuwel.tuwien.ac.at/course/view.php?id=81824,2026-03-05T09:00:00,2026-05-17T12:00:00,2026-05-04T12:00:00
166.201,Introduction to Biology,https://tiss.tuwien.ac.at/course/courseDetails.xhtml?courseNr=166201,,,,
166.204,Bachelor thesis (Chemical Engineering),https://tiss.tuwien.ac.at/course/courseDetails.xhtml?courseNr=166204,,,,
166.206,"Bachelor thesis (biochemistry, biotechnology and bioengineering)",https://tiss.tuwien.ac.at/course/courseDetails.xhtml?courseNr=166206,,,,
166.209,Chemical Engineering - Laboratory for Chemists,https://tiss.tuwien.ac.at/course/courseDetails.xhtml?courseNr=166209,,2026-08-21T00:00:00,2026-09-05T23:59:00,2026-09-05T23:59:00
166.210,Biotechnology 2,https://tiss.tuwien.ac.at/course/courseDetails.xhtml?courseNr=166210,,,,
166.212,Introduction to Biotechnology and Bioengineering,https://tiss.tuwien.ac.at/course/courseDetails.xhtml?courseNr=166212,,2025-11-02T09:00:00,2026-03-06T09:00:00,
166.213,Chemical Engineering of Waste Treatment,https://tiss.tuwien.ac.at/course/courseDetails.xhtml?courseNr=166213,,2026-08-31T12:00:00,2027-01-21T12:00:00,
166.216,Project Managemetn for Chemical& Process Engineering,https://tiss.tuwien.ac.at/course/courseDetails.xhtml?courseNr=166216,,2026-06-30T00:00:00,2026-11-13T00:00:00,2026-11-13T00:00:00
166.219,Process Simulation,https://tiss.tuwien.ac.at/course/courseDetails.xhtml?courseNr=166219,,2026-08-10T00:00:00,2026-10-05T23:59:00,2026-10-05T23:59:00
166.220,Thermal Biomass Utilization,https://tiss.tuwien.ac.at/course/courseDetails.xhtml?courseNr=166220,https://tuwel.tuwien.ac.at/course/view.php?id=79845,2025-10-05T00:00:00,2026-04-04T20:00:00,
166.221,Bioinformatics for Biomedical Engineers,https://tiss.tuwien.ac.at/course/courseDetails.xhtml?courseNr=166221,,,,
166.222,Biochemistry and Biotechnology,https://tiss.tuwien.ac.at/course/courseDetails.xhtml?courseNr=166222,,,,
166.223,biochemistry for computer scientists,https://tiss.tuwien.ac.at/course/courseDetails.xhtml?courseNr=166223,,2026-03-04T00:00:00,2026-07-02T00:00:00,2026-07-01T00:00:00
166.224,Health related water quality targets and urban water management,https://tiss.tuwien.ac.at/course/courseDetails.xhtml?courseNr=166224,,2026-01-22T23:00:00,2026-04-30T23:00:00,2026-04-30T23:00:00
166.226,Progress in Biochemical Engineering,https://tiss.tuwien.ac.at/course/courseDetails.xhtml?courseNr=166226,,,,
166.229,Applied Bioinformatics,https://tiss.tuwien.ac.at/course/courseDetails.xhtml?courseNr=166229,,,,
166.231,Applied Bioinformatics,https://tiss.tuwien.ac.at/course/courseDetails.xhtml?courseNr=166231,https://tuwel.tuwien.ac.at/course/view.php?id=78882,2026-02-04T00:00:00,2026-03-11T23:59:00,2026-05-31T23:59:00
166.234,Industrial Plant Engineering,https://tiss.tuwien.ac.at/course/courseDetails.xhtml?courseNr=166234,,,,
166.235,Seminar for PhD-students,https://tiss.tuwien.ac.at/course/courseDetails.xhtml?courseNr=166235,,2026-09-22T00:00:00,2026-12-11T00:00:00,2026-12-11T00:00:00
166.236,Case studies in process design2,https://tiss.tuwien.ac.at/course/courseDetails.xhtml?courseNr=166236,,2026-01-08T00:00:00,2026-06-05T00:00:00,2026-06-08T00:00:00
166.238,Advanced Bionanoengineering I,https://tiss.tuwien.ac.at/course/courseDetails.xhtml?courseNr=166238,,2026-01-15T12:00:00,2026-02-27T12:00:00,2026-02-27T12:00:00
166.239,DNA-based data storage,https://tiss.tuwien.ac.at/course/courseDetails.xhtml?courseNr=166239,,2026-01-29T00:00:00,2026-03-30T00:00:00,
166.240,Process Engineering 1 for TCH,https://tiss.tuwien.ac.at/course/courseDetails.xhtml?courseNr=166240,,2026-02-23T00:00:00,2026-03-30T23:59:00,2026-03-30T23:59:00
166.241,Thermal Process Engineering,https://tiss.tuwien.ac.at/course/courseDetails.xhtml?courseNr=166241,,2026-09-07T00:00:00,2026-10-26T12:00:00,2026-10-26T12:00:00
166.242,Chemical Process Engineering,https://tiss.tuwien.ac.at/course/courseDetails.xhtml?courseNr=166242,https://tuwel.tuwien.ac.at/course/view.php?id=68879,,,
166.244,Fundamentals of Catalytic Processes,https://tiss.tuwien.ac.at/course/courseDetails.xhtml?courseNr=166244,,2026-01-16T00:00:00,,
166.245,"Biochemistry, Biothermodynamics and Metabolic Engineering",https://tiss.tuwien.ac.at/course/courseDetails.xhtml?courseNr=166245,https://tuwel.tuwien.ac.at/course/view.php?id=81734,,,
166.246,Chemical Engineering 2 for TCH Chemical Engineering 2 for TCH,https://tiss.tuwien.ac.at/course/courseDetails.xhtml?courseNr=166246,,,,
166.247,Fundamentals of Energy Technologies,https://tiss.tuwien.ac.at/course/courseDetails.xhtml?courseNr=166247,,2026-10-07T09:00:00,2027-02-03T18:00:00,2027-02-03T18:00:00
166.248,Industrial catalytic processes,https://tiss.tuwien.ac.at/course/courseDetails.xhtml?courseNr=166248,,2026-10-07T08:00:00,2027-01-06T08:00:00,
166.249,Introduction to Bioprocess Engineering,https://tiss.tuwien.ac.at/course/courseDetails.xhtml?courseNr=166249,,,,
166.250,Mechanical Process Engineering,https://tiss.tuwien.ac.at/course/courseDetails.xhtml?courseNr=166250,,2026-03-02T00:00:00,2026-05-10T23:59:00,
166.252,Preparation and Characterization of solid catalysts,https://tiss.tuwien.ac.at/course/courseDetails.xhtml?courseNr=166252,,2026-10-05T08:00:00,2026-10-30T23:00:00,
166.253,Student information PE,https://tiss.tuwien.ac.at/course/courseDetails.xhtml?courseNr=166253,,,,
166.254,VT Ambassadors – Knowledge transfer for teenagers,https://tiss.tuwien.ac.at/course/courseDetails.xhtml?courseNr=166254,,,,
166.256,Process Engineering Laboratory 1 B,https://tiss.tuwien.ac.at/course/courseDetails.xhtml?courseNr=166256,,2026-08-21T00:00:00,2026-09-05T23:59:00,2026-09-05T23:59:00
166.257,Process Engineering Laboratory 1 A,https://tiss.tuwien.ac.at/course/courseDetails.xhtml?courseNr=166257,,2026-08-21T00:00:00,2026-09-05T23:59:00,2026-09-05T23:59:00
166.258,"Microperformativity, Circularity and Greenness in Art and Science",https://tiss.tuwien.ac.at/course/courseDetails.xhtml?courseNr=166258,,2026-09-07T00:00:00,2026-10-08T23:59:00,
166.259,"Workshop on Microperformativity, Circularity and Greenness in Art and Science",https://tiss.tuwien.ac.at/course/courseDetails.xhtml?courseNr=166259,,2026-08-27T00:00:00,2026-10-14T23:59:00,
166.261,Life Cycle Assessment for Sustainable Process Development,https://tiss.tuwien.ac.at/course/courseDetails.xhtml?courseNr=166261,,,,
166.600,Bachelor thesis,https://tiss.tuwien.ac.at/course/courseDetails.xhtml?courseNr=166600,,,,
166.601,Progress in Biochemical Engineering,https://tiss.tuwien.ac.at/course/courseDetails.xhtml?courseNr=166601,,,,
166.602,Progress in Biochemical Engineering,https://tiss.tuwien.ac.at/course/courseDetails.xhtml?courseNr=166602,,2027-02-01T00:00:00,2027-02-05T00:00:00,2027-02-05T00:00:00
166.603,Biochemical Engineering,https://tiss.tuwien.ac.at/course/courseDetails.xhtml?courseNr=166603,,2026-02-03T08:00:00,2026-02-27T08:00:00,2026-02-27T08:00:00
166.604,Bioprocess Technology and Bioanalytics,https://tiss.tuwien.ac.at/course/courseDetails.xhtml?courseNr=166604,https://tuwel.tuwien.ac.at/course/view.php?id=72662,2026-02-03T08:00:00,2026-02-27T18:00:00,2026-02-27T18:00:00
166.605,(Bio-) Pharmaceutical Process Technology,https://tiss.tuwien.ac.at/course/courseDetails.xhtml?courseNr=166605,,2026-02-25T09:00:00,2026-05-29T09:00:00,2026-05-29T09:00:00
166.606,"Modeling, Simulation and Control of Bioprocesses",https://tiss.tuwien.ac.at/course/courseDetails.xhtml?courseNr=166606,,,,
166.619,Modeling and Methods in Bioprocess Development,https://tiss.tuwien.ac.at/course/courseDetails.xhtml?courseNr=166619,,2025-11-02T09:00:00,2026-04-13T09:00:00,
166.623,Progress in bio process engineering,https://tiss.tuwien.ac.at/course/courseDetails.xhtml?courseNr=166623,,,,
166.624,Progress in bio process engineering,https://tiss.tuwien.ac.at/course/courseDetails.xhtml?courseNr=166624,,,,
166.625,Progress in bio process engineering,https://tiss.tuwien.ac.at/course/courseDetails.xhtml?courseNr=166625,,,,
166.629,Advances laboratory exercise (Biotechnology),https://tiss.tuwien.ac.at/course/courseDetails.xhtml?courseNr=166629,,,,
166.632,Advances laboratory course,https://tiss.tuwien.ac.at/course/courseDetails.xhtml?courseNr=166632,,,,
166.635,Gene regulation in eukaryots,https://tiss.tuwien.ac.at/course/courseDetails.xhtml?courseNr=166635,,2026-01-28T09:00:00,2026-05-08T12:00:00,2026-05-08T12:00:00
166.640,Privatissimum for PhD students,https://tiss.tuwien.ac.at/course/courseDetails.xhtml?courseNr=166640,,,,
166.641,Biotechnology for Process Engineers,https://tiss.tuwien.ac.at/course/courseDetails.xhtml?courseNr=166641,,2026-08-30T09:00:00,2026-10-05T09:00:00,2026-10-06T09:00:00
166.643,Design and assessment of sustainable processes,https://tiss.tuwien.ac.at/course/courseDetails.xhtml?courseNr=166643,,2026-02-18T00:00:00,2026-03-26T23:30:00,
166.644,Energy and Fuel Technology,https://tiss.tuwien.ac.at/course/courseDetails.xhtml?courseNr=166644,,2026-10-02T08:00:00,2026-10-13T20:00:00,2026-10-14T07:00:00
166.647,Synthetic Biology,https://tiss.tuwien.ac.at/course/courseDetails.xhtml?courseNr=166647,,,,
166.648,Biology and genetics of industrial microorganisms,https://tiss.tuwien.ac.at/course/courseDetails.xhtml?courseNr=166648,,2026-01-29T09:00:00,2026-05-29T09:00:00,2026-05-29T09:00:00
166.649,Urban Mining,https://tiss.tuwien.ac.at/course/courseDetails.xhtml?courseNr=166649,,,,
166.652,Ecology and Biochemistry of Plants,https://tiss.tuwien.ac.at/course/courseDetails.xhtml?courseNr=166652,,2026-06-01T00:00:00,2026-07-01T00:00:00,2026-06-30T00:00:00
166.653,Methods for the separation and concentration of chemicals (separation technology),https://tiss.tuwien.ac.at/course/courseDetails.xhtml?courseNr=166653,,2026-09-03T00:00:00,2026-10-05T23:59:00,2026-10-05T23:59:00
166.654,Membrane Technology,https://tiss.tuwien.ac.at/course/courseDetails.xhtml?courseNr=166654,,2026-09-07T00:00:00,2027-01-29T23:59:00,2027-01-29T23:59:00
166.657,Primary Natural Products from Plants,https://tiss.tuwien.ac.at/course/courseDetails.xhtml?courseNr=166657,,,,
166.659,Particle Measurement Technology,https://tiss.tuwien.ac.at/course/courseDetails.xhtml?courseNr=166659,,2026-08-10T08:00:00,2026-12-16T08:00:00,2026-12-16T08:00:00
166.660,Privatissimum for PhD students,https://tiss.tuwien.ac.at/course/courseDetails.xhtml?courseNr=166660,,,,
166.661,Privatissimum for PhD students,https://tiss.tuwien.ac.at/course/courseDetails.xhtml?courseNr=166661,,,,
166.663,Industrial Biotechnology and Biorefineries,https://tiss.tuwien.ac.at/course/courseDetails.xhtml?courseNr=166663,,,,
166.666,Crude oil processing and products,https://tiss.tuwien.ac.at/course/courseDetails.xhtml?courseNr=166666,,2026-09-02T08:00:00,2026-11-01T18:00:00,2026-11-01T23:00:00
166.676,Fluidization Technology,https://tiss.tuwien.ac.at/course/courseDetails.xhtml?courseNr=166676,,2026-03-03T12:00:00,2026-04-16T23:59:00,2026-04-16T23:59:00
166.679,Resource Management,https://tiss.tuwien.ac.at/course/courseDetails.xhtml?courseNr=166679,,2026-08-31T10:00:00,2026-10-26T23:59:00,2026-10-26T23:59:00
166.681,Biochemistry,https://tiss.tuwien.ac.at/course/courseDetails.xhtml?courseNr=166681,https://tuwel.tuwien.ac.at/course/view.php?id=80826,2026-01-28T09:00:00,2026-03-04T09:00:00,
166.682,"Journal Club Recent Developments in Molecular Biology, Biotechnology & Synthetic Biology",https://tiss.tuwien.ac.at/course/courseDetails.xhtml?courseNr=166682,,2026-08-31T00:00:00,2026-10-30T23:59:00,2026-10-30T23:59:00
166.684,Material Biomass utilisation,https://tiss.tuwien.ac.at/course/courseDetails.xhtml?courseNr=166684,,,,
166.686,Introduction to Chemical Engineering - Prolog,https://tiss.tuwien.ac.at/course/courseDetails.xhtml?courseNr=166686,,2026-08-31T08:00:00,2026-09-30T10:00:00,2026-10-26T10:00:00
166.687,Introduction to Chemical Engineering,https://tiss.tuwien.ac.at/course/courseDetails.xhtml?courseNr=166687,,2026-09-03T08:00:00,2026-10-16T13:00:00,2026-12-31T12:00:00
166.690,Computational Fluid Dynamics (CFD) of Separation Processes Exercise,https://tiss.tuwien.ac.at/course/courseDetails.xhtml?courseNr=166690,,2026-02-02T00:00:00,2026-03-04T12:00:00,2026-03-04T12:00:00
166.691,"Biochemistry, molecular biology and biotechnology",https://tiss.tuwien.ac.at/course/courseDetails.xhtml?courseNr=166691,https://tuwel.tuwien.ac.at/course/view.php?id=78429,2026-01-26T09:00:00,2026-01-29T12:00:00,2026-02-27T12:00:00
166.692,Introduction to Microscopy in Biology,https://tiss.tuwien.ac.at/course/courseDetails.xhtml?courseNr=166692,,,,
166.695,Introduction to biochemistry,https://tiss.tuwien.ac.at/course/courseDetails.xhtml?courseNr=166695,,,,
166.703,Methods of gene technology and molecular biology,https://tiss.tuwien.ac.at/course/courseDetails.xhtml?courseNr=166703,,,,
166.704,Biochemistry II,https://tiss.tuwien.ac.at/course/courseDetails.xhtml?courseNr=166704,,,,
166.706,Molecular Biology,https://tiss.tuwien.ac.at/course/courseDetails.xhtml?courseNr=166706,,2026-11-17T15:00:00,2026-11-19T14:00:00,
166.708,Environmental Microbiology,https://tiss.tuwien.ac.at/course/courseDetails.xhtml?courseNr=166708,https://tuwel.tuwien.ac.at/course/view.php?id=78432,2026-03-03T07:00:00,,
166.713,Immunology for Chemists,https://tiss.tuwien.ac.at/course/courseDetails.xhtml?courseNr=166713,,2026-01-14T00:00:00,2026-03-03T23:59:00,
166.718,Systematic Methods in Process Design,https://tiss.tuwien.ac.at/course/courseDetails.xhtml?courseNr=166718,,2026-09-03T00:00:00,2026-10-30T00:00:00,2027-02-27T00:00:00
166.719,Carbon Capture & Utilization - Innovations and Trends,https://tiss.tuwien.ac.at/course/courseDetails.xhtml?courseNr=166719,,2026-09-21T00:00:00,2026-10-26T23:59:00,2026-10-26T23:59:00
166.720,Optimisation in Process Systems Engineering,https://tiss.tuwien.ac.at/course/courseDetails.xhtml?courseNr=166720,https://tuwel.tuwien.ac.at/course/view.php?id=80622,2026-01-04T00:00:00,2026-04-02T01:00:00,2026-06-29T23:00:00
166.721,Process Intesification,https://tiss.tuwien.ac.at/course/courseDetails.xhtml?courseNr=166721,https://tuwel.tuwien.ac.at/course/view.php?id=80619,2026-01-04T00:00:00,2026-04-04T01:00:00,2026-06-01T01:00:00
166.725,Case Studies in Process Design 1,https://tiss.tuwien.ac.at/course/courseDetails.xhtml?courseNr=166725,,2026-08-31T10:00:00,2026-10-30T10:00:00,2026-12-18T10:00:00
166.726,Social Ecology and Technology Assessment (TUW together with BOKU),https://tiss.tuwien.ac.at/course/courseDetails.xhtml?courseNr=166726,https://tuwel.tuwien.ac.at/course/view.php?id=81098,2026-02-25T23:00:00,2026-03-08T12:00:00,2026-03-08T13:00:00
166.728,Introduction to Technology Assessemnt and Sustainable Development Goals,https://tiss.tuwien.ac.at/course/courseDetails.xhtml?courseNr=166728,https://tuwel.tuwien.ac.at/course/view.php?id=74462,2026-02-09T19:00:00,2026-03-16T10:00:00,2026-05-29T01:00:00
166.729,Seminar in Chemical Process Engineering,https://tiss.tuwien.ac.at/course/courseDetails.xhtml?courseNr=166729,,,,
172.695,Biochemistry I (Fundamentals),https://tiss.tuwien.ac.at/course/courseDetails.xhtml?courseNr=172695,,2026-09-19T19:00:00,2026-12-31T23:59:00,2026-12-31T23:59:00
173.409,Phytochemistry,https://tiss.tuwien.ac.at/course/courseDetails.xhtml?courseNr=173409,,2026-03-02T00:00:00,2026-07-01T00:00:00,2026-07-02T00:00:00
175.046,Seminar in Environmental Economics,https://tiss.tuwien.ac.at/course/courseDetails.xhtml?courseNr=175046,https://tuwel.tuwien.ac.at/course/view.php?id=78762,2026-01-15T12:00:00,2026-03-26T22:59:00,2026-03-26T22:59:00
175.868,Environmental and Population Economics,https://tiss.tuwien.ac.at/course/courseDetails.xhtml?courseNr=175868,https://tuwel.tuwien.ac.at/course/view.php?id=77919,2026-02-05T06:00:00,,
180.007,Co-Creation for (Social) Innovation,https://tiss.tuwien.ac.at/course/courseDetails.xhtml?courseNr=180007,,2025-06-16T08:00:00,2025-06-30T23:59:00,
180.008,Seminar for Master Students in Software Engineering (Software Engineering and Programming),https://tiss.tuwien.ac.at/course/courseDetails.xhtml?courseNr=180008,,,,
180.009,Seminar for Master Students in Software Engineering (Data Management and Machine Learning) Areas: Data Management; Machine Learning,https://tiss.tuwien.ac.at/course/courseDetails.xhtml?courseNr=180009,,,,
180.010,"Seminar for Master Students in Software Engineering (Foundations, Logic, and Security) Areas: Algorithms and Complexity; Verification and Automated Reasoning; Logic and Knowledge Representation; Security and Privacy",https://tiss.tuwien.ac.at/course/courseDetails.xhtml?courseNr=180010,,,,
180.012,"Seminar for Master Students in Software Engineering (Human-Centered, Visual, and Societal Computing) Areas: Media and Human-Centered Technologies; Visual Computing; Biological and Medical Foundations; Societal Impact and Critical Reflections",https://tiss.tuwien.ac.at/course/courseDetails.xhtml?courseNr=180012,https://tuwel.tuwien.ac.at/course/view.php?id=82529,2026-09-01T09:00:00,2027-01-31T19:00:00,2027-01-31T19:00:00
180.013,Responsible Research Practice,https://tiss.tuwien.ac.at/course/courseDetails.xhtml?courseNr=180013,,2026-09-01T00:00:00,2026-09-24T23:59:00,2026-09-30T23:59:00
180.764,Software Quality Assurance,https://tiss.tuwien.ac.at/course/courseDetails.xhtml?courseNr=180764,,2026-09-24T16:00:00,2026-10-08T23:55:00,2026-10-18T23:55:00
180.766,Orientation Informatics and Business Informatics,https://tiss.tuwien.ac.at/course/courseDetails.xhtml?courseNr=180766,,2026-09-07T00:00:00,2026-10-04T23:59:00,
180.767,Orientation Bachelor with Honors of Informatics and Business Informatics,https://tiss.tuwien.ac.at/course/courseDetails.xhtml?courseNr=180767,,2026-10-01T00:00:00,,
180.771,Propädeutikum für Informatik,https://tiss.tuwien.ac.at/course/courseDetails.xhtml?courseNr=180771,https://tuwel.tuwien.ac.at/course/view.php?id=82388,2026-07-20T00:00:00,2026-09-16T00:00:00,2026-09-29T00:00:00
180.772,Seminar for Master Students in Data Science,https://tiss.tuwien.ac.at/course/courseDetails.xhtml?courseNr=180772,https://tuwel.tuwien.ac.at/course/view.php?id=82532,2026-08-18T12:00:00,2026-10-05T23:59:00,
180.773,Seminar for Master Students in Logic and Artificial Intelligence,https://tiss.tuwien.ac.at/course/courseDetails.xhtml?courseNr=180773,,2026-09-01T09:00:00,2026-11-01T10:00:00,
180.774,Seminar for Master Students in Visual Computing,https://tiss.tuwien.ac.at/course/courseDetails.xhtml?courseNr=180774,,,,
180.775,Seminar for Master Students in Media and Human-Centered Computing,https://tiss.tuwien.ac.at/course/courseDetails.xhtml?courseNr=180775,https://tuwel.tuwien.ac.at/course/view.php?id=82529,2026-07-20T08:00:00,2027-01-31T19:00:00,2027-01-31T19:00:00
180.776,Seminar for Master Students in Medical Informatics,https://tiss.tuwien.ac.at/course/courseDetails.xhtml?courseNr=180776,https://tuwel.tuwien.ac.at/course/view.php?id=49842,2026-07-20T08:00:00,2027-01-31T08:00:00,
180.779,Seminar for Master Students in Business Informatics,https://tiss.tuwien.ac.at/course/courseDetails.xhtml?courseNr=180779,https://tuwel.tuwien.ac.at/course/view.php?id=82535,,,
180.780,Bachelor with Honors Internship Project,https://tiss.tuwien.ac.at/course/courseDetails.xhtml?courseNr=180780,,,,
180.781,Summer/Winter School for Bachelor with Honors,https://tiss.tuwien.ac.at/course/courseDetails.xhtml?courseNr=180781,,,,
181.200,Communication and rhetoric,https://tiss.tuwien.ac.at/course/courseDetails.xhtml?courseNr=181200,,2026-09-28T10:00:00,2026-10-08T22:59:00,2026-10-08T22:59:00
181.204,Communication and rhetoric 2,https://tiss.tuwien.ac.at/course/courseDetails.xhtml?courseNr=181204,,2026-10-01T08:00:00,2027-01-29T23:59:00,2027-01-29T23:59:00
181.208,Softskills for technicians,https://tiss.tuwien.ac.at/course/courseDetails.xhtml?courseNr=181208,,2026-09-21T10:00:00,2026-10-01T22:59:00,2026-10-01T22:59:00
182.070,Doctorand's seminar,https://tiss.tuwien.ac.at/course/courseDetails.xhtml?courseNr=182070,,,,
182.693,Digital Design,https://tiss.tuwien.ac.at/course/courseDetails.xhtml?courseNr=182693,,2026-09-14T00:00:00,2027-01-01T00:00:00,
182.698,Bachelor Thesis for Computer Science and Business Informatics,https://tiss.tuwien.ac.at/course/courseDetails.xhtml?courseNr=182698,,,,
182.700,HW/SW Codesign,https://tiss.tuwien.ac.at/course/courseDetails.xhtml?courseNr=182700,,2026-10-01T11:00:00,2026-10-08T12:00:00,2026-10-12T11:11:00
182.701,HW/SW Codesign,https://tiss.tuwien.ac.at/course/courseDetails.xhtml?courseNr=182701,,2026-09-14T14:00:00,2026-10-02T23:59:00,2026-10-02T23:59:00
182.715,Bachelor Thesis for Computer Science and Business Informatics,https://tiss.tuwien.ac.at/course/courseDetails.xhtml?courseNr=182715,,2026-08-31T00:00:00,,
182.737,Operating Systems (for Electrical Engineering),https://tiss.tuwien.ac.at/course/courseDetails.xhtml?courseNr=182737,,,,
182.753,Internet of Things,https://tiss.tuwien.ac.at/course/courseDetails.xhtml?courseNr=182753,,2026-09-02T00:00:00,2026-09-30T23:59:00,2026-10-11T23:59:00
182.755,Advanced Digital Design,https://tiss.tuwien.ac.at/course/courseDetails.xhtml?courseNr=182755,,2026-09-14T11:00:00,2026-10-05T23:59:00,2026-11-09T23:59:00
182.757,Seminar Computer Engineering,https://tiss.tuwien.ac.at/course/courseDetails.xhtml?courseNr=182757,,,,
182.760,Seminar Computer Engineering,https://tiss.tuwien.ac.at/course/courseDetails.xhtml?courseNr=182760,,2026-09-21T14:00:00,2026-10-14T23:55:00,2026-10-14T23:55:00
182.763,Stochastic Foundations of Cyber-Physical Systems,https://tiss.tuwien.ac.at/course/courseDetails.xhtml?courseNr=182763,,2026-09-14T23:59:00,2026-10-04T23:59:00,2026-10-09T23:59:00
183.582,Bachelor Thesis,https://tiss.tuwien.ac.at/course/courseDetails.xhtml?courseNr=183582,,2026-09-03T00:00:00,2026-10-29T23:00:00,2026-10-29T23:00:00
183.609,Bachelor Thesis,https://tiss.tuwien.ac.at/course/courseDetails.xhtml?courseNr=183609,,,,
183.619,Doctoral Seminar,https://tiss.tuwien.ac.at/course/courseDetails.xhtml?courseNr=183619,,,,
184.004,Communication techniques,https://tiss.tuwien.ac.at/course/courseDetails.xhtml?courseNr=184004,,2026-09-23T10:00:00,2026-10-06T14:00:00,2026-10-08T14:00:00
184.067,Seminar in Theoretical Computer Science,https://tiss.tuwien.ac.at/course/courseDetails.xhtml?courseNr=184067,,2026-08-24T01:00:00,2026-10-10T23:59:00,2026-11-09T23:59:00
184.194,Seminar in Computer Science (Distributed Systems),https://tiss.tuwien.ac.at/course/courseDetails.xhtml?courseNr=184194,https://tuwel.tuwien.ac.at/course/view.php?id=75195,2026-09-11T09:00:00,2026-10-11T23:59:00,
184.264,Seminar in Logic,https://tiss.tuwien.ac.at/course/courseDetails.xhtml?courseNr=184264,,2026-08-24T01:00:00,2026-10-10T23:59:00,2026-11-09T23:59:00
184.691,Bachelor Thesis,https://tiss.tuwien.ac.at/course/courseDetails.xhtml?courseNr=184691,,,,
184.695,Bachelor Thesis,https://tiss.tuwien.ac.at/course/courseDetails.xhtml?courseNr=184695,,,,
184.702,Machine Learning,https://tiss.tuwien.ac.at/course/courseDetails.xhtml?courseNr=184702,,2026-07-29T00:00:00,2026-10-02T12:00:00,2026-10-05T18:00:00
184.713,Bachelor Thesis for Computer Science and Business Informatics,https://tiss.tuwien.ac.at/course/courseDetails.xhtml?courseNr=184713,,,,
184.714,Bachelor Thesis for Informatics and Business Informatics,https://tiss.tuwien.ac.at/course/courseDetails.xhtml?courseNr=184714,,,,
184.716,Bachelor Thesis for Informatics and Business Informatics,https://tiss.tuwien.ac.at/course/courseDetails.xhtml?courseNr=184716,,,,
184.721,Seminar for PhD Students,https://tiss.tuwien.ac.at/course/courseDetails.xhtml?courseNr=184721,,,,
184.723,Seminar for PhD Students,https://tiss.tuwien.ac.at/course/courseDetails.xhtml?courseNr=184723,,,,
184.766,Introduction to Logical Methods in Computer Science,https://tiss.tuwien.ac.at/course/courseDetails.xhtml?courseNr=184766,,2026-12-16T12:00:00,2027-03-10T12:00:00,2027-02-22T12:00:00
184.767,Research Seminar LogiCS,https://tiss.tuwien.ac.at/course/courseDetails.xhtml?courseNr=184767,,2026-10-01T01:00:00,2026-10-29T20:00:00,2026-10-30T15:00:00
184.774,Automated Deduction,https://tiss.tuwien.ac.at/course/courseDetails.xhtml?courseNr=184774,,2026-08-17T09:00:00,2026-10-08T23:59:00,2026-10-08T23:59:00
184.780,Advanced Database Systems,https://tiss.tuwien.ac.at/course/courseDetails.xhtml?courseNr=184780,https://tuwel.tuwien.ac.at/course/view.php?id=79185,2026-02-16T00:00:00,2026-03-02T23:59:00,2026-03-16T23:59:00
184.792,Bachelor Thesis for Informatics and Business Informatics,https://tiss.tuwien.ac.at/course/courseDetails.xhtml?courseNr=184792,,,,
184.794,Seminar for PhD Students,https://tiss.tuwien.ac.at/course/courseDetails.xhtml?courseNr=184794,,,,
,,https://tiss.tuwien.ac.at/course/courseDetails.xhtml?courseNr=185,,,,
185.190,Efficient Programs,https://tiss.tuwien.ac.at/course/courseDetails.xhtml?courseNr=185190,,2026-09-23T00:00:00,2026-10-13T23:59:00,2026-10-13T23:59:00
186.046,Seminar in Visualization,https://tiss.tuwien.ac.at/course/courseDetails.xhtml?courseNr=186046,,2026-10-06T09:00:00,2026-10-13T10:00:00,2026-10-13T10:00:00
186.199,Seminar for PhD candidates,https://tiss.tuwien.ac.at/course/courseDetails.xhtml?courseNr=186199,,,,
186.814,Algorithmics,https://tiss.tuwien.ac.at/course/courseDetails.xhtml?courseNr=186814,,2026-09-01T00:00:00,2026-10-11T23:59:00,
186.819,Bachelor Thesis in Computer Science,https://tiss.tuwien.ac.at/course/courseDetails.xhtml?courseNr=186819,,,,
186.829,Bachelor Thesis for Computer Science and Business Informatics,https://tiss.tuwien.ac.at/course/courseDetails.xhtml?courseNr=186829,,2026-09-17T00:00:00,2027-01-17T00:00:00,2027-01-17T00:00:00
186.842,Researchseminar for PhD candidates,https://tiss.tuwien.ac.at/course/courseDetails.xhtml?courseNr=186842,,,,
186.848,Seminar on medical informatics,https://tiss.tuwien.ac.at/course/courseDetails.xhtml?courseNr=186848,,2026-08-31T00:00:00,2026-10-14T23:00:00,2026-10-28T23:00:00
,,https://tiss.tuwien.ac.at/course/courseDetails.xhtml?courseNr=187,,,,
187.250,Developing a career - coping with obstacles,https://tiss.tuwien.ac.at/course/courseDetails.xhtml?courseNr=187250,,2026-10-06T08:00:00,2026-12-25T23:00:00,
188.081,Research seminar for PhD students,https://tiss.tuwien.ac.at/course/courseDetails.xhtml?courseNr=188081,,2026-09-17T00:00:00,,
188.308,Information Visualization,https://tiss.tuwien.ac.at/course/courseDetails.xhtml?courseNr=188308,,2026-09-08T12:00:00,2026-10-09T23:59:00,2026-10-15T23:59:00
188.383,Leadership Competency Coaching 1,https://tiss.tuwien.ac.at/course/courseDetails.xhtml?courseNr=188383,,2026-09-03T11:00:00,2026-09-29T12:00:00,2026-10-01T12:00:00
188.399,Introduction to Semantic Systems,https://tiss.tuwien.ac.at/course/courseDetails.xhtml?courseNr=188399,,2026-09-14T08:00:00,2026-10-14T08:00:00,2026-10-23T09:00:00
188.413,Self-Organizing Systems,https://tiss.tuwien.ac.at/course/courseDetails.xhtml?courseNr=188413,,2026-07-28T00:00:00,2026-10-15T23:59:00,2026-10-15T23:59:00
188.427,E-Commerce,https://tiss.tuwien.ac.at/course/courseDetails.xhtml?courseNr=188427,,2026-09-01T09:00:00,2026-10-21T23:59:00,2026-11-04T23:59:00
188.429,Business Intelligence,https://tiss.tuwien.ac.at/course/courseDetails.xhtml?courseNr=188429,,2026-09-21T00:00:00,2026-10-11T23:55:00,2026-10-11T23:55:00
188.446,Research Seminar,https://tiss.tuwien.ac.at/course/courseDetails.xhtml?courseNr=188446,,,,
188.470,Creative Media Production,https://tiss.tuwien.ac.at/course/courseDetails.xhtml?courseNr=188470,,2026-09-04T00:00:00,2026-10-23T23:00:00,2026-10-29T23:00:00
188.472,Leadership Competency Coaching 2,https://tiss.tuwien.ac.at/course/courseDetails.xhtml?courseNr=188472,,2026-09-03T12:00:00,2026-10-08T18:00:00,2026-10-07T12:00:00
188.512,Literature Seminar for PhD Students,https://tiss.tuwien.ac.at/course/courseDetails.xhtml?courseNr=188512,,,,
188.520,Virtual Reality Maker Lab,https://tiss.tuwien.ac.at/course/courseDetails.xhtml?courseNr=188520,,,,
188.910,Advanced Software Engineering,https://tiss.tuwien.ac.at/course/courseDetails.xhtml?courseNr=188910,,2026-09-20T00:00:00,2026-10-05T16:00:00,2026-10-05T16:00:00
188.919,Bachelor Thesis,https://tiss.tuwien.ac.at/course/courseDetails.xhtml?courseNr=188919,https://tuwel.tuwien.ac.at/course/view.php?id=42648,2026-10-03T23:59:00,2027-02-02T23:59:00,2027-02-02T23:59:00
188.923,Model Engineering,https://tiss.tuwien.ac.at/course/courseDetails.xhtml?courseNr=188923,,2026-09-09T00:00:00,2026-10-05T23:55:00,2026-10-11T23:55:00
188.926,Bachelor Thesis for Informatics and Business Informatics,https://tiss.tuwien.ac.at/course/courseDetails.xhtml?courseNr=188926,,2026-09-14T00:00:00,2027-01-29T23:55:00,2027-01-29T23:55:00
188.944,Bachelor Thesis for Informatics and Business Informatics,https://tiss.tuwien.ac.at/course/courseDetails.xhtml?courseNr=188944,,,,
188.948,Seminar on Medical Informatics,https://tiss.tuwien.ac.at/course/courseDetails.xhtml?courseNr=188948,https://tuwel.tuwien.ac.at/course/view.php?id=83554,2026-09-14T00:00:00,2026-10-10T23:59:00,2026-10-10T23:59:00
188.956,Social Media,https://tiss.tuwien.ac.at/course/courseDetails.xhtml?courseNr=188956,,2026-09-02T07:00:00,2026-10-11T23:00:00,2026-10-18T23:00:00
188.970,Scientific Seminar for PhD Students,https://tiss.tuwien.ac.at/course/courseDetails.xhtml?courseNr=188970,,,,
188.981,Strategy Game Programming,https://tiss.tuwien.ac.at/course/courseDetails.xhtml?courseNr=188981,https://tuwel.tuwien.ac.at/course/view.php?id=5470,2026-09-18T00:00:00,2026-10-06T00:00:00,2026-10-09T00:00:00
191.002,Operating Systems,https://tiss.tuwien.ac.at/course/courseDetails.xhtml?courseNr=191002,,2026-09-07T12:00:00,2026-10-13T23:59:00,2026-10-13T23:59:00
191.005,Computer Engineering Practical,https://tiss.tuwien.ac.at/course/courseDetails.xhtml?courseNr=191005,,,,
191.006,Computer Engineering Project,https://tiss.tuwien.ac.at/course/courseDetails.xhtml?courseNr=191006,,,,
191.007,Scientific Project Computer Engineering,https://tiss.tuwien.ac.at/course/courseDetails.xhtml?courseNr=191007,,,,
191.008,Project in Computer Science 1,https://tiss.tuwien.ac.at/course/courseDetails.xhtml?courseNr=191008,,,,
191.009,Project in Computer Science 2,https://tiss.tuwien.ac.at/course/courseDetails.xhtml?courseNr=191009,,,,
191.011,Hardware Modeling,https://tiss.tuwien.ac.at/course/courseDetails.xhtml?courseNr=191011,,2026-09-16T08:00:00,2026-10-04T23:59:00,2026-10-11T23:59:00
191.017,Introduction to Mobile Robotics,https://tiss.tuwien.ac.at/course/courseDetails.xhtml?courseNr=191017,,2026-10-06T14:00:00,2026-10-13T16:00:00,2026-10-14T12:00:00
191.018,Distributed Automation Systems,https://tiss.tuwien.ac.at/course/courseDetails.xhtml?courseNr=191018,,2026-10-07T12:00:00,2026-10-09T23:55:00,2026-10-16T23:55:00
191.019,Advanced Computer Architecture,https://tiss.tuwien.ac.at/course/courseDetails.xhtml?courseNr=191019,,2026-09-14T00:00:00,2026-10-28T23:59:00,2026-11-12T23:59:00
191.021,Introduction to Computational Sustainability,https://tiss.tuwien.ac.at/course/courseDetails.xhtml?courseNr=191021,,2026-09-24T08:00:00,2026-10-23T00:00:00,2026-10-25T00:00:00
191.022,Advanced Multiprocessor Programming,https://tiss.tuwien.ac.at/course/courseDetails.xhtml?courseNr=191022,,,,
191.023,Hybrid Quantum - Classical Systems,https://tiss.tuwien.ac.at/course/courseDetails.xhtml?courseNr=191023,https://tuwel.tuwien.ac.at/course/view.php?id=83284,2026-09-16T00:00:00,2026-10-15T23:59:00,
191.025,Bachelor Thesis Computer Science and Business Informatics,https://tiss.tuwien.ac.at/course/courseDetails.xhtml?courseNr=191025,,,,
191.027,Seminar for PhD Students,https://tiss.tuwien.ac.at/course/courseDetails.xhtml?courseNr=191027,,,,
191.030,Introduction to Networking,https://tiss.tuwien.ac.at/course/courseDetails.xhtml?courseNr=191030,,2026-08-01T12:00:00,2026-10-05T12:00:00,2026-10-02T12:00:00
191.031,Embedded Machine Learning,https://tiss.tuwien.ac.at/course/courseDetails.xhtml?courseNr=191031,,2026-09-14T00:00:00,2026-10-01T23:55:00,2026-10-31T23:55:00
191.125,Scientific Programming with Python,https://tiss.tuwien.ac.at/course/courseDetails.xhtml?courseNr=191125,,2026-09-14T00:00:00,2026-10-08T23:59:00,2026-10-20T23:59:00
192.017,Theoretical Computer Science,https://tiss.tuwien.ac.at/course/courseDetails.xhtml?courseNr=192017,,2026-09-21T08:00:00,2026-10-12T23:59:00,2026-10-12T23:59:00
192.021,Project in Computer Science 1,https://tiss.tuwien.ac.at/course/courseDetails.xhtml?courseNr=192021,,,,
192.022,Project in Computer Science 2,https://tiss.tuwien.ac.at/course/courseDetails.xhtml?courseNr=192022,,,,
192.023,Introduction to Knowledge-based Systems,https://tiss.tuwien.ac.at/course/courseDetails.xhtml?courseNr=192023,,2026-08-17T12:00:00,2026-10-12T23:59:00,2026-10-12T23:59:00
192.025,Logic for Knowledge Representation,https://tiss.tuwien.ac.at/course/courseDetails.xhtml?courseNr=192025,,2026-07-17T10:00:00,2026-11-03T23:59:00,2026-11-03T23:59:00
192.031,Seminar for PhD Students,https://tiss.tuwien.ac.at/course/courseDetails.xhtml?courseNr=192031,,,,
192.033,Logic and Reasoning in Computer Science,https://tiss.tuwien.ac.at/course/courseDetails.xhtml?courseNr=192033,https://tuwel.tuwien.ac.at/course/view.php?id=79191,2026-02-02T09:00:00,2026-03-18T23:59:00,2026-03-18T23:59:00
192.039,Deep Learning for Natural Language Processing,https://tiss.tuwien.ac.at/course/courseDetails.xhtml?courseNr=192039,,2026-09-20T18:00:00,2026-10-14T19:00:00,2026-11-02T20:00:00
192.041,Semi-structured Data,https://tiss.tuwien.ac.at/course/courseDetails.xhtml?courseNr=192041,,2026-08-30T00:05:00,2026-10-08T00:05:00,
192.043,"Quantum Computing, Complexity Theory, and Algorithmics",https://tiss.tuwien.ac.at/course/courseDetails.xhtml?courseNr=192043,,2026-08-31T00:00:00,2026-10-02T09:00:00,2026-10-10T09:00:00
192.047,Seminar in Artificial Intelligence (Neuroscience-based Artificial Intelligence),https://tiss.tuwien.ac.at/course/courseDetails.xhtml?courseNr=192047,https://tuwel.tuwien.ac.at/course/view.php?id=81524,2026-02-14T10:00:00,2026-03-22T22:00:00,2026-03-22T22:00:00
192.055,IT Projects for Youth,https://tiss.tuwien.ac.at/course/courseDetails.xhtml?courseNr=192055,,2026-09-14T00:00:00,2026-10-05T15:59:00,2026-10-05T23:59:00
192.058,IT Projects for Youth,https://tiss.tuwien.ac.at/course/courseDetails.xhtml?courseNr=192058,,,,
192.060,Seminar for PhD Students,https://tiss.tuwien.ac.at/course/courseDetails.xhtml?courseNr=192060,,,,
192.061,Bachelor Thesis,https://tiss.tuwien.ac.at/course/courseDetails.xhtml?courseNr=192061,,,,
192.100,Privatissimum on Didactics of Informatics,https://tiss.tuwien.ac.at/course/courseDetails.xhtml?courseNr=192100,,2026-01-30T00:00:00,2026-03-10T22:00:00,2026-03-13T23:59:00
192.103,Fundamentals of Data Analysis and Visualization,https://tiss.tuwien.ac.at/course/courseDetails.xhtml?courseNr=192103,,2026-09-14T00:00:00,2026-10-16T23:59:00,2026-10-16T23:59:00
192.104,Foundations of Information Systems,https://tiss.tuwien.ac.at/course/courseDetails.xhtml?courseNr=192104,,2026-08-31T09:00:00,2026-10-16T23:59:00,2026-10-16T23:59:00
192.111,Attacks and Defenses in Computer Security,https://tiss.tuwien.ac.at/course/courseDetails.xhtml?courseNr=192111,,2026-09-03T00:01:00,2026-10-15T23:59:00,2026-10-22T23:59:00
192.116,Knowledge Graphs,https://tiss.tuwien.ac.at/course/courseDetails.xhtml?courseNr=192116,https://tuwel.tuwien.ac.at/course/view.php?id=80610,2026-02-06T00:00:00,2026-03-30T23:59:00,2026-03-15T23:59:00
192.125,Introduction to Cryptography,https://tiss.tuwien.ac.at/course/courseDetails.xhtml?courseNr=192125,,2026-07-28T00:00:00,2026-10-08T23:59:00,2026-10-08T23:59:00
192.134,Fundamentals of Digital Systems,https://tiss.tuwien.ac.at/course/courseDetails.xhtml?courseNr=192134,,2026-09-14T00:00:00,2026-10-04T23:59:00,2026-10-04T23:59:00
192.138,CAIML seminar,https://tiss.tuwien.ac.at/course/courseDetails.xhtml?courseNr=192138,,2026-10-06T00:00:00,,
192.143,Bachelor Thesis for Computer Science and Business Informatics,https://tiss.tuwien.ac.at/course/courseDetails.xhtml?courseNr=192143,,,,
192.144,Privacy-Enhancing Technologies,https://tiss.tuwien.ac.at/course/courseDetails.xhtml?courseNr=192144,,2026-09-23T17:00:00,2026-10-29T23:55:00,2026-11-13T23:55:00
192.145,Bachelor Thesis,https://tiss.tuwien.ac.at/course/courseDetails.xhtml?courseNr=192145,,,,
192.146,Seminar for PhD Students,https://tiss.tuwien.ac.at/course/courseDetails.xhtml?courseNr=192146,,,,
192.151,Introduction to Deep Learning,https://tiss.tuwien.ac.at/course/courseDetails.xhtml?courseNr=192151,,2026-09-18T18:00:00,2026-10-14T19:00:00,2026-11-02T20:00:00
192.153,Fixed-Parameter Algorithms and Complexity,https://tiss.tuwien.ac.at/course/courseDetails.xhtml?courseNr=192153,,2026-08-31T00:01:00,2027-01-07T23:59:00,2027-01-07T23:59:00
192.160,Algorithmic Encoding Techniques,https://tiss.tuwien.ac.at/course/courseDetails.xhtml?courseNr=192160,,2026-09-28T12:00:00,2026-10-09T23:00:00,2026-10-09T23:00:00
192.161,Management of Graph Data,https://tiss.tuwien.ac.at/course/courseDetails.xhtml?courseNr=192161,,2026-07-30T00:00:00,2026-10-25T23:59:00,2026-10-25T23:59:00
192.162,Heuristic Optimization Techniques,https://tiss.tuwien.ac.at/course/courseDetails.xhtml?courseNr=192162,,2026-09-21T00:00:00,2026-10-18T23:59:00,2026-10-18T23:59:00
192.163,Beyond Exact Algorithms,https://tiss.tuwien.ac.at/course/courseDetails.xhtml?courseNr=192163,,2026-09-01T09:00:00,2026-10-03T09:00:00,2026-10-10T09:00:00
192.164,Formal Methods in Systems Engineering,https://tiss.tuwien.ac.at/course/courseDetails.xhtml?courseNr=192164,,2026-08-24T09:00:00,2026-10-08T23:59:00,2026-10-08T23:59:00
192.165,Complexity Theory,https://tiss.tuwien.ac.at/course/courseDetails.xhtml?courseNr=192165,,2026-09-14T14:00:00,2026-10-06T00:00:00,2026-10-13T00:00:00
192.166,"Deontic Logic for Normative Reasoning ""This course will begin in the Summer Semester of 2027.""",https://tiss.tuwien.ac.at/course/courseDetails.xhtml?courseNr=192166,,,,
192.167,Principles of Knowledge Representation,https://tiss.tuwien.ac.at/course/courseDetails.xhtml?courseNr=192167,,,,
192.170,Information Systems,https://tiss.tuwien.ac.at/course/courseDetails.xhtml?courseNr=192170,,2026-09-01T23:59:00,2026-10-30T23:59:00,2026-10-31T23:59:00
192.171,Computer-Aided Verification,https://tiss.tuwien.ac.at/course/courseDetails.xhtml?courseNr=192171,,2026-10-02T00:00:00,2026-12-30T23:59:00,2026-12-31T23:59:00
192.172,Machine Learning for Computer Security,https://tiss.tuwien.ac.at/course/courseDetails.xhtml?courseNr=192172,,2026-09-01T00:00:00,2026-09-28T23:59:00,2026-10-18T23:59:00
192.173,Neurosymbolic Reasoning,https://tiss.tuwien.ac.at/course/courseDetails.xhtml?courseNr=192173,,2026-10-13T00:00:00,2027-01-30T00:00:00,2027-01-30T00:00:00
192.174,Machine Learning for Optimization,https://tiss.tuwien.ac.at/course/courseDetails.xhtml?courseNr=192174,,2026-06-29T12:00:00,2026-10-05T23:00:00,2026-10-20T10:00:00
192.175,Database Theory,https://tiss.tuwien.ac.at/course/courseDetails.xhtml?courseNr=192175,,2026-08-31T23:59:00,2026-09-15T23:59:00,2026-10-31T23:59:00
192.177,AI Ethics,https://tiss.tuwien.ac.at/course/courseDetails.xhtml?courseNr=192177,,2026-09-14T09:00:00,2026-10-09T23:59:00,2026-10-09T23:59:00
192.178,Programming and Algorithms,https://tiss.tuwien.ac.at/course/courseDetails.xhtml?courseNr=192178,,2026-09-26T12:00:00,2026-10-09T12:00:00,
192.180,Seminar in Theoretical Computer Science (Graph Algorithms and Computational Geometry),https://tiss.tuwien.ac.at/course/courseDetails.xhtml?courseNr=192180,,2026-09-07T00:00:00,2026-10-08T11:59:00,2026-10-19T23:59:00
192.181,Decidable Logics for Knowledge and Data,https://tiss.tuwien.ac.at/course/courseDetails.xhtml?courseNr=192181,,2026-09-11T00:00:00,2026-10-16T23:59:00,
192.182,Seminar in Artificial Intelligence,https://tiss.tuwien.ac.at/course/courseDetails.xhtml?courseNr=192182,,2026-08-24T01:00:00,2026-10-10T23:59:00,2026-11-09T23:59:00
192.188,Nonstandard Deduction Systems,https://tiss.tuwien.ac.at/course/courseDetails.xhtml?courseNr=192188,,2026-07-17T12:00:00,2026-10-30T23:59:00,2026-11-23T23:59:00
192.191,Seminar in Computer Science (Knowledge Representation and Reasoning),https://tiss.tuwien.ac.at/course/courseDetails.xhtml?courseNr=192191,,2026-08-24T01:00:00,2026-10-10T23:59:00,2026-11-09T23:59:00
192.192,Project in Logic and Artificial Intelligence 1,https://tiss.tuwien.ac.at/course/courseDetails.xhtml?courseNr=192192,,,,
192.193,Project in Logic and Artificial Intelligence 2,https://tiss.tuwien.ac.at/course/courseDetails.xhtml?courseNr=192193,,,,
192.194,Knowledge Graphs,https://tiss.tuwien.ac.at/course/courseDetails.xhtml?courseNr=192194,https://tuwel.tuwien.ac.at/course/view.php?id=80610,2026-02-06T00:00:00,2026-03-30T23:59:00,2026-03-15T23:59:00
192.196,"Doctoral School ""Bilateral AI"" - Research Seminar",https://tiss.tuwien.ac.at/course/courseDetails.xhtml?courseNr=192196,,,,
192.206,Graph Artificial Intelligence,https://tiss.tuwien.ac.at/course/courseDetails.xhtml?courseNr=192206,,,,
192.211,Seminar in Logic (Formal Methods in Systems Engineering),https://tiss.tuwien.ac.at/course/courseDetails.xhtml?courseNr=192211,,2026-09-11T09:00:00,2026-10-16T23:59:00,2026-10-16T23:59:00
192.212,Seminar in Computer Science (Formal Methods in Systems Engineering),https://tiss.tuwien.ac.at/course/courseDetails.xhtml?courseNr=192212,,2026-09-11T09:00:00,2026-10-16T23:59:00,2026-10-16T23:59:00
192.216,The Essentials of AI,https://tiss.tuwien.ac.at/course/courseDetails.xhtml?courseNr=192216,,2026-07-29T10:00:00,2026-09-28T10:00:00,
192.217,Explainable AI,https://tiss.tuwien.ac.at/course/courseDetails.xhtml?courseNr=192217,,2026-09-01T00:00:00,2026-10-18T23:55:00,
192.219,Supplementary Course Algorithms and Data Structures,https://tiss.tuwien.ac.at/course/courseDetails.xhtml?courseNr=192219,,2026-09-07T09:00:00,2026-10-01T09:00:00,2026-10-31T09:00:00
192.220,Introduction to Blockchain Technologies,https://tiss.tuwien.ac.at/course/courseDetails.xhtml?courseNr=192220,,2026-09-01T00:00:00,2026-10-18T23:59:00,2026-10-18T23:59:00
192.221,Advanced Topics in Blockchain Technologies,https://tiss.tuwien.ac.at/course/courseDetails.xhtml?courseNr=192221,,2026-09-01T00:00:00,2026-10-18T23:59:00,2026-10-18T23:59:00
192.224,Abstract Argumentation,https://tiss.tuwien.ac.at/course/courseDetails.xhtml?courseNr=192224,,,,
193.018,Fundamentals of Computer Graphics,https://tiss.tuwien.ac.at/course/courseDetails.xhtml?courseNr=193018,https://tuwel.tuwien.ac.at/course/view.php?id=76950,2026-09-17T00:00:00,2027-03-30T00:00:00,2027-03-30T00:00:00
193.023,Project in Visual Computing 1,https://tiss.tuwien.ac.at/course/courseDetails.xhtml?courseNr=193023,https://tuwel.tuwien.ac.at/course/view.php?id=83554,,,
193.024,Project in Visual Computing 2,https://tiss.tuwien.ac.at/course/courseDetails.xhtml?courseNr=193024,https://tuwel.tuwien.ac.at/course/view.php?id=83554,,,
193.025,Project in Medical Informatics,https://tiss.tuwien.ac.at/course/courseDetails.xhtml?courseNr=193025,https://tuwel.tuwien.ac.at/course/view.php?id=83554,,,
193.026,Methods for Data Generation and Analytics in Medicine and Life Sciences,https://tiss.tuwien.ac.at/course/courseDetails.xhtml?courseNr=193026,,2026-09-07T00:00:00,2026-10-11T00:00:00,
193.027,Access Computing,https://tiss.tuwien.ac.at/course/courseDetails.xhtml?courseNr=193027,,2026-09-15T10:00:00,2026-10-16T23:59:00,2026-10-16T23:59:00
193.039,Seminar Media and Human-Centered Computing,https://tiss.tuwien.ac.at/course/courseDetails.xhtml?courseNr=193039,,2026-09-15T12:00:00,2026-09-30T12:00:00,2026-10-20T12:00:00
193.052,Scientific Research and Writing,https://tiss.tuwien.ac.at/course/courseDetails.xhtml?courseNr=193052,https://tuwel.tuwien.ac.at/course/view.php?id=82178,2026-09-01T00:01:00,2026-10-02T23:59:00,2026-10-06T23:59:00
193.063,Seminar Media and Human-Centered Computing,https://tiss.tuwien.ac.at/course/courseDetails.xhtml?courseNr=193063,https://tuwel.tuwien.ac.at/course/view.php?id=83554,2026-09-14T00:00:00,2026-10-10T23:59:00,2026-10-10T23:59:00
193.075,Ways of thinking in digital technologies,https://tiss.tuwien.ac.at/course/courseDetails.xhtml?courseNr=193075,https://tuwel.tuwien.ac.at/course/view.php?id=78306,2026-02-16T08:00:00,2026-03-03T23:59:00,
193.083,PhD Seminar,https://tiss.tuwien.ac.at/course/courseDetails.xhtml?courseNr=193083,,,,
193.084,Digital Transformation,https://tiss.tuwien.ac.at/course/courseDetails.xhtml?courseNr=193084,,2026-09-07T08:00:00,2026-10-28T20:00:00,2026-10-28T20:00:00
193.102,Game Design,https://tiss.tuwien.ac.at/course/courseDetails.xhtml?courseNr=193102,,2026-09-16T09:00:00,2026-10-05T23:59:00,
193.116,Bachelor Thesis,https://tiss.tuwien.ac.at/course/courseDetails.xhtml?courseNr=193116,,,,
193.117,Project in Computer Science 1,https://tiss.tuwien.ac.at/course/courseDetails.xhtml?courseNr=193117,https://tuwel.tuwien.ac.at/course/view.php?id=75426,,,
193.118,Project in Computer Science 2,https://tiss.tuwien.ac.at/course/courseDetails.xhtml?courseNr=193118,https://tuwel.tuwien.ac.at/course/view.php?id=75426,,,
193.125,Fundamentals of Computer Vision,https://tiss.tuwien.ac.at/course/courseDetails.xhtml?courseNr=193125,https://tuwel.tuwien.ac.at/course/view.php?id=82685,2026-09-01T09:00:00,2026-10-09T00:00:00,2026-10-16T23:59:00
193.128,Literature-work for PhD students,https://tiss.tuwien.ac.at/course/courseDetails.xhtml?courseNr=193128,,,,
193.132,Design and Fabrication,https://tiss.tuwien.ac.at/course/courseDetails.xhtml?courseNr=193132,,2026-09-14T00:00:00,2026-10-14T23:59:00,2026-10-21T23:59:00
193.136,Bachelor Thesis,https://tiss.tuwien.ac.at/course/courseDetails.xhtml?courseNr=193136,https://tuwel.tuwien.ac.at/course/view.php?id=78783,2026-09-14T23:55:00,2026-10-30T23:55:00,2026-10-30T23:55:00
193.137,Ways on Thinking in Business Informatics,https://tiss.tuwien.ac.at/course/courseDetails.xhtml?courseNr=193137,,2026-09-14T00:01:00,2026-10-04T23:59:00,
193.148,Multimedia,https://tiss.tuwien.ac.at/course/courseDetails.xhtml?courseNr=193148,https://tuwel.tuwien.ac.at/course/view.php?id=82481,2026-09-01T10:00:00,2026-10-21T23:00:00,2026-10-21T23:00:00
193.156,Research seminar for PhD students (method seminar),https://tiss.tuwien.ac.at/course/courseDetails.xhtml?courseNr=193156,,,,
193.161,Artifact-based Design,https://tiss.tuwien.ac.at/course/courseDetails.xhtml?courseNr=193161,,2026-08-31T08:00:00,2026-10-13T23:59:00,
193.165,Assistive Technologies,https://tiss.tuwien.ac.at/course/courseDetails.xhtml?courseNr=193165,,2026-09-15T10:00:00,2026-10-16T23:59:00,2026-10-16T23:59:00
193.166,Visualization,https://tiss.tuwien.ac.at/course/courseDetails.xhtml?courseNr=193166,https://tuwel.tuwien.ac.at/course/view.php?id=83587,2026-07-01T00:00:00,,
193.167,User Research Methods,https://tiss.tuwien.ac.at/course/courseDetails.xhtml?courseNr=193167,,2026-09-15T23:59:00,2026-10-01T23:59:00,2026-10-11T23:59:00
193.170,Multimodal Interfaces,https://tiss.tuwien.ac.at/course/courseDetails.xhtml?courseNr=193170,,2026-08-31T10:00:00,2026-10-13T10:00:00,2026-10-20T10:00:00
193.172,Platform and Infrastructure as a Service,https://tiss.tuwien.ac.at/course/courseDetails.xhtml?courseNr=193172,,2026-09-21T00:00:00,2026-10-02T00:00:00,2026-10-05T07:00:00
193.174,Responsible Digital Ethics,https://tiss.tuwien.ac.at/course/courseDetails.xhtml?courseNr=193174,,2026-08-31T09:00:00,2026-09-29T17:00:00,
193.177,Critical Theory and Design,https://tiss.tuwien.ac.at/course/courseDetails.xhtml?courseNr=193177,,2026-09-03T12:00:00,2026-10-14T12:00:00,2026-10-21T12:00:00
193.180,Computer Graphics,https://tiss.tuwien.ac.at/course/courseDetails.xhtml?courseNr=193180,https://tuwel.tuwien.ac.at/course/view.php?id=83332,2026-08-31T00:00:00,2026-10-18T23:59:00,
193.185,Wellbeing Technologies,https://tiss.tuwien.ac.at/course/courseDetails.xhtml?courseNr=193185,,2026-09-29T10:59:00,2026-11-08T23:59:00,
193.186,Bio-Medical Visualization and Visual Analytics,https://tiss.tuwien.ac.at/course/courseDetails.xhtml?courseNr=193186,,2026-08-25T00:00:00,2026-10-12T23:59:00,
193.187,Information Visualization,https://tiss.tuwien.ac.at/course/courseDetails.xhtml?courseNr=193187,,2026-09-14T12:00:00,2026-10-15T23:55:00,2026-10-15T23:55:00
193.188,Computer Vision,https://tiss.tuwien.ac.at/course/courseDetails.xhtml?courseNr=193188,,2026-09-07T09:00:00,2026-10-25T23:59:00,2026-11-04T23:59:00
193.189,Machine Learning for Visual Computing,https://tiss.tuwien.ac.at/course/courseDetails.xhtml?courseNr=193189,,2026-09-21T00:00:00,2026-10-12T23:59:00,
193.190,Fractals,https://tiss.tuwien.ac.at/course/courseDetails.xhtml?courseNr=193190,,,,
193.191,Computer Vision Systems Programming,https://tiss.tuwien.ac.at/course/courseDetails.xhtml?courseNr=193191,,2026-07-31T00:00:00,2026-10-08T00:00:00,2026-10-28T00:00:00
193.193,Computer Vision for Cultural Heritage Preservation,https://tiss.tuwien.ac.at/course/courseDetails.xhtml?courseNr=193193,,2026-10-07T00:00:00,2026-11-06T23:59:00,2026-11-06T23:59:00
193.194,Computer Vision in Industry,https://tiss.tuwien.ac.at/course/courseDetails.xhtml?courseNr=193194,,2026-09-01T23:59:00,2026-10-19T23:59:00,2026-10-31T23:59:00
193.195,Statistical Pattern Recognition,https://tiss.tuwien.ac.at/course/courseDetails.xhtml?courseNr=193195,,2026-09-24T00:00:00,2026-10-14T12:00:00,
193.196,Seminar in Visual Computing (Computer Vision),https://tiss.tuwien.ac.at/course/courseDetails.xhtml?courseNr=193196,,2026-09-16T09:00:00,2026-10-10T23:59:00,2026-10-26T23:59:00
193.197,Visual Computing,https://tiss.tuwien.ac.at/course/courseDetails.xhtml?courseNr=193197,,2026-08-31T00:00:00,2026-11-29T23:59:00,2026-11-29T23:59:00
193.199,Seminar in Visual Computing (Computer Graphics & Visualization),https://tiss.tuwien.ac.at/course/courseDetails.xhtml?courseNr=193199,,2026-10-01T00:00:00,,
193.204,Advanced Topics in Virtual Reality,https://tiss.tuwien.ac.at/course/courseDetails.xhtml?courseNr=193204,,2026-09-01T10:00:00,2026-10-31T10:00:00,2026-10-31T10:00:00
193.217,Similarity Modeling,https://tiss.tuwien.ac.at/course/courseDetails.xhtml?courseNr=193217,https://tuwel.tuwien.ac.at/course/view.php?id=1252,2026-09-18T00:00:00,2026-10-15T00:00:00,2026-10-22T00:00:00
193.219,Human-agent Interaction,https://tiss.tuwien.ac.at/course/courseDetails.xhtml?courseNr=193219,,2026-09-28T09:00:00,2026-10-09T17:00:00,
193.220,Color,https://tiss.tuwien.ac.at/course/courseDetails.xhtml?courseNr=193220,,,,
194.020,Software Engineering,https://tiss.tuwien.ac.at/course/courseDetails.xhtml?courseNr=194020,,2026-09-21T08:00:00,2026-10-11T23:59:00,2026-10-11T23:59:00
194.023,Programming Paradigms,https://tiss.tuwien.ac.at/course/courseDetails.xhtml?courseNr=194023,https://tuwel.tuwien.ac.at/course/view.php?id=83095,2026-09-14T10:00:00,2026-10-09T10:00:00,2026-10-30T10:00:00
194.024,Distributed Systems,https://tiss.tuwien.ac.at/course/courseDetails.xhtml?courseNr=194024,,2026-09-25T23:59:00,2026-10-14T23:59:00,2026-10-16T23:59:00
194.025,Introduction to Machine Learning,https://tiss.tuwien.ac.at/course/courseDetails.xhtml?courseNr=194025,,2026-07-20T08:00:00,2026-10-14T19:00:00,2026-11-02T20:00:00
194.028,Privatissimum for Doctor's Thesis,https://tiss.tuwien.ac.at/course/courseDetails.xhtml?courseNr=194028,,,,
194.040,E-Marketing,https://tiss.tuwien.ac.at/course/courseDetails.xhtml?courseNr=194040,,2026-09-02T07:00:00,2026-10-05T23:00:00,2026-10-12T23:00:00
194.042,Informatics didactics,https://tiss.tuwien.ac.at/course/courseDetails.xhtml?courseNr=194042,,2026-09-08T06:00:00,2026-10-08T13:00:00,
194.046,Interdisciplinary Lecture Series on Data Science,https://tiss.tuwien.ac.at/course/courseDetails.xhtml?courseNr=194046,,2026-09-12T01:00:00,2026-11-11T23:55:00,2026-11-11T23:55:00
194.068,Domain-Specific  Lectures in Data Science,https://tiss.tuwien.ac.at/course/courseDetails.xhtml?courseNr=194068,,,,
194.072,Digital Humanism,https://tiss.tuwien.ac.at/course/courseDetails.xhtml?courseNr=194072,,2026-09-07T00:00:00,2026-10-07T23:50:00,2026-10-07T23:50:00
194.076,Modeling and Simulation,https://tiss.tuwien.ac.at/course/courseDetails.xhtml?courseNr=194076,,2026-07-30T00:00:00,2026-10-29T23:59:00,2026-10-29T23:59:00
194.077,Applied Deep Learning,https://tiss.tuwien.ac.at/course/courseDetails.xhtml?courseNr=194077,,2026-07-30T10:00:00,2026-10-07T23:59:00,2026-10-14T23:59:00
194.078,Research Methods,https://tiss.tuwien.ac.at/course/courseDetails.xhtml?courseNr=194078,,2026-09-04T00:00:00,2026-10-04T23:59:00,
194.094,Modelling and Simulation in Health Technology Assessment,https://tiss.tuwien.ac.at/course/courseDetails.xhtml?courseNr=194094,,2026-11-04T00:00:00,2026-12-02T00:00:00,
194.096,Let's Program Together & Online MOOC,https://tiss.tuwien.ac.at/course/courseDetails.xhtml?courseNr=194096,https://tuwel.tuwien.ac.at/course/view.php?id=82057,2026-04-30T00:00:00,2026-09-30T00:00:00,2026-09-30T00:00:00
194.100,Theoretical Foundations and Research Topics in Machine Learning,https://tiss.tuwien.ac.at/course/courseDetails.xhtml?courseNr=194100,,2026-09-14T00:00:00,2026-10-27T23:59:00,
194.101,Machine Learning Algorithms and Applications,https://tiss.tuwien.ac.at/course/courseDetails.xhtml?courseNr=194101,,2026-09-14T00:00:00,2026-10-27T23:59:00,
194.110,Seminar for PhD Students,https://tiss.tuwien.ac.at/course/courseDetails.xhtml?courseNr=194110,,,,
194.112,Bachelor Thesis in Computer Science,https://tiss.tuwien.ac.at/course/courseDetails.xhtml?courseNr=194112,,,,
194.118,Seminar in Artificial Intelligence (Theoretical Aspects of Machine Learning),https://tiss.tuwien.ac.at/course/courseDetails.xhtml?courseNr=194118,,2026-09-14T00:00:00,2026-10-14T23:59:00,
194.141,Modern Aspects of Renormalization in Field Theories,https://tiss.tuwien.ac.at/course/courseDetails.xhtml?courseNr=194141,,,,
194.142,Modern Aspects of Renormalization in Field Theories,https://tiss.tuwien.ac.at/course/courseDetails.xhtml?courseNr=194142,,,,
194.143,Information Systems Engineering,https://tiss.tuwien.ac.at/course/courseDetails.xhtml?courseNr=194143,https://tuwel.tuwien.ac.at/course/view.php?id=76752,2026-09-04T00:00:00,2026-10-12T23:59:00,2026-10-12T23:59:00
194.145,Project in Computer Science 1,https://tiss.tuwien.ac.at/course/courseDetails.xhtml?courseNr=194145,,,,
194.146,Project in Computer Science 2,https://tiss.tuwien.ac.at/course/courseDetails.xhtml?courseNr=194146,,,,
194.147,Interdisciplinary Project in Data Science,https://tiss.tuwien.ac.at/course/courseDetails.xhtml?courseNr=194147,https://tuwel.tuwien.ac.at/course/view.php?id=34342,,,
194.148,Software Engineering Project,https://tiss.tuwien.ac.at/course/courseDetails.xhtml?courseNr=194148,,2026-09-20T16:00:00,2026-10-07T23:55:00,2026-10-07T23:55:00
194.151,Serverless Computing,https://tiss.tuwien.ac.at/course/courseDetails.xhtml?courseNr=194151,,2026-09-05T00:00:00,2026-10-13T23:59:00,2026-10-15T23:59:00
194.152,Enterprise & Process Engineering,https://tiss.tuwien.ac.at/course/courseDetails.xhtml?courseNr=194152,,2026-08-31T00:00:00,2026-10-06T23:59:00,2026-10-12T23:59:00
194.155,Sustainability in Computer Science,https://tiss.tuwien.ac.at/course/courseDetails.xhtml?courseNr=194155,,2026-09-01T00:00:00,2026-10-05T17:59:00,2026-10-12T23:59:00
194.166,Introduction to Information Retrieval,https://tiss.tuwien.ac.at/course/courseDetails.xhtml?courseNr=194166,,2026-09-21T01:00:00,2026-10-18T23:59:00,2026-11-19T23:59:00
194.169,Quantum Physics: Basic Concepts and Foundations,https://tiss.tuwien.ac.at/course/courseDetails.xhtml?courseNr=194169,https://tuwel.tuwien.ac.at/course/view.php?id=82120,2026-07-01T00:00:00,,
194.172,Seminar for Doctoral Students,https://tiss.tuwien.ac.at/course/courseDetails.xhtml?courseNr=194172,,2026-10-06T08:00:00,2026-11-05T08:00:00,
194.174,Introduction to Quanten Computing,https://tiss.tuwien.ac.at/course/courseDetails.xhtml?courseNr=194174,,2026-09-07T09:00:00,2026-10-12T23:59:00,2026-10-12T23:59:00
194.186,Learning Technologies and Learning Analytics,https://tiss.tuwien.ac.at/course/courseDetails.xhtml?courseNr=194186,,2026-09-14T18:00:00,2026-10-06T23:59:00,2026-10-18T23:59:00
194.187,Advanced Software Engineering,https://tiss.tuwien.ac.at/course/courseDetails.xhtml?courseNr=194187,,2026-09-21T08:00:00,2026-10-25T23:59:00,2026-10-25T23:59:00
194.189,Efficient Programs,https://tiss.tuwien.ac.at/course/courseDetails.xhtml?courseNr=194189,,2026-09-23T00:00:00,2026-10-13T23:59:00,2026-10-13T23:59:00
194.190,Low-Level Programming,https://tiss.tuwien.ac.at/course/courseDetails.xhtml?courseNr=194190,,2026-08-31T00:00:00,2026-10-06T23:59:00,2026-10-13T23:59:00
194.191,Type Systems,https://tiss.tuwien.ac.at/course/courseDetails.xhtml?courseNr=194191,https://tuwel.tuwien.ac.at/course/view.php?id=83548,2026-10-07T10:00:00,2026-10-20T12:00:00,2026-10-21T23:59:00
194.192,Experiment Design and Execution,https://tiss.tuwien.ac.at/course/courseDetails.xhtml?courseNr=194192,,2026-08-31T00:00:00,2026-10-02T13:00:00,2026-11-02T13:00:00
194.196,Advanced Internet Computing,https://tiss.tuwien.ac.at/course/courseDetails.xhtml?courseNr=194196,https://tuwel.tuwien.ac.at/course/view.php?id=41064,2026-09-14T09:00:00,2026-10-10T18:00:00,2026-10-10T20:00:00
194.197,Advanced Logic Programming,https://tiss.tuwien.ac.at/course/courseDetails.xhtml?courseNr=194197,,,,
194.201,Theoretical Foundations and Research Topics in Machine Learning,https://tiss.tuwien.ac.at/course/courseDetails.xhtml?courseNr=194201,,2026-09-14T00:00:00,2026-10-30T00:00:00,2026-10-30T00:00:00
194.203,Projektarbeit QIST,https://tiss.tuwien.ac.at/course/courseDetails.xhtml?courseNr=194203,,,,
194.204,Quantum Information Science and Technology Seminar,https://tiss.tuwien.ac.at/course/courseDetails.xhtml?courseNr=194204,,,,
194.205,Quantum Information Science and Technology Praktikum,https://tiss.tuwien.ac.at/course/courseDetails.xhtml?courseNr=194205,,2026-10-21T08:00:00,2026-11-02T18:00:00,
194.207,Generative AI,https://tiss.tuwien.ac.at/course/courseDetails.xhtml?courseNr=194207,,2026-09-01T00:00:00,2026-10-13T23:55:00,2026-10-21T23:55:00
194.214,Data Management for Science and Engineering,https://tiss.tuwien.ac.at/course/courseDetails.xhtml?courseNr=194214,,2026-09-09T00:00:00,2026-10-20T00:00:00,2026-11-20T00:00:00
194.215,Bachelor Thesis for Informatics and Business Informatics,https://tiss.tuwien.ac.at/course/courseDetails.xhtml?courseNr=194215,,,,
194.216,Doctoral Students Seminar,https://tiss.tuwien.ac.at/course/courseDetails.xhtml?courseNr=194216,,,,
194.217,Music and Audio Information Retrieval,https://tiss.tuwien.ac.at/course/courseDetails.xhtml?courseNr=194217,,,,
194.218,"The ""Art"" of Digital Sovereignty I – Specific case studies from the industrial and social context",https://tiss.tuwien.ac.at/course/courseDetails.xhtml?courseNr=194218,,,,
195.046,Foundations of Innovation,https://tiss.tuwien.ac.at/course/courseDetails.xhtml?courseNr=195046,,2026-07-06T08:00:00,2026-09-29T08:00:00,
195.047,Creativity and Ideas,https://tiss.tuwien.ac.at/course/courseDetails.xhtml?courseNr=195047,,,,
195.097,Innovation Project 1,https://tiss.tuwien.ac.at/course/courseDetails.xhtml?courseNr=195097,,2026-07-03T08:00:00,2026-10-03T08:00:00,
195.102,Financing of Innovation,https://tiss.tuwien.ac.at/course/courseDetails.xhtml?courseNr=195102,,2026-07-06T08:00:00,2026-09-26T08:00:00,
199.037,Being a researcher—in turbulent times,https://tiss.tuwien.ac.at/course/courseDetails.xhtml?courseNr=199037,,2026-09-01T00:00:00,2026-10-14T23:59:00,
199.038,Research in Requirements Engineering,https://tiss.tuwien.ac.at/course/courseDetails.xhtml?courseNr=199038,,2026-08-24T00:00:00,2026-10-13T18:00:00,
199.096,From surviving to thriving: crafting your good professional life,https://tiss.tuwien.ac.at/course/courseDetails.xhtml?courseNr=199096,,2026-08-06T00:00:00,2026-10-01T23:59:00,2026-08-15T23:59:00
200.267,Specialised relevant practice,https://tiss.tuwien.ac.at/course/courseDetails.xhtml?courseNr=200267,,,,
200.271,Introductory to Civil Engineering Study,https://tiss.tuwien.ac.at/course/courseDetails.xhtml?courseNr=200271,,2026-09-29T09:20:00,2026-09-30T18:00:00,2026-09-30T18:00:00
200.272,Bachelor Thesis,https://tiss.tuwien.ac.at/course/courseDetails.xhtml?courseNr=200272,,,,
200.273,Seminar Environmental Engineering,https://tiss.tuwien.ac.at/course/courseDetails.xhtml?courseNr=200273,,2026-09-01T18:00:00,2026-10-08T16:00:00,2026-10-26T16:00:00
200.274,Bachelor Thesis for Environmental Engineering,https://tiss.tuwien.ac.at/course/courseDetails.xhtml?courseNr=200274,,,,
200.275,"Teilnahme an fachspezifischen Summer Schools, Konferenzen und internationalen Workshops",https://tiss.tuwien.ac.at/course/courseDetails.xhtml?courseNr=200275,,,,
200.276,"Teilnahme an fachspezifischen Summer Schools, Konferenzen und internationalen Workshops 2",https://tiss.tuwien.ac.at/course/courseDetails.xhtml?courseNr=200276,,,,
200.277,Wahlpraktikum 1,https://tiss.tuwien.ac.at/course/courseDetails.xhtml?courseNr=200277,,,,
200.278,Wahlpraktikum 2,https://tiss.tuwien.ac.at/course/courseDetails.xhtml?courseNr=200278,,,,
200.279,Practical exercises in environmental engineering,https://tiss.tuwien.ac.at/course/courseDetails.xhtml?courseNr=200279,https://tuwel.tuwien.ac.at/course/view.php?id=82723,2026-08-17T08:00:00,2026-10-06T23:59:00,2026-10-06T23:59:00
201.088,Basics of Physics 1,https://tiss.tuwien.ac.at/course/courseDetails.xhtml?courseNr=201088,,2026-10-07T09:00:00,2026-11-09T11:00:00,2026-11-25T18:00:00
201.089,Basics in Mathematics,https://tiss.tuwien.ac.at/course/courseDetails.xhtml?courseNr=201089,,2026-10-07T12:00:00,2026-11-02T12:00:00,2026-12-10T18:00:00
202.019,Engineering Biochemoporomechanics,https://tiss.tuwien.ac.at/course/courseDetails.xhtml?courseNr=202019,,2026-08-18T08:00:00,2026-11-06T09:00:00,2026-11-06T09:00:00
202.024,Engineering Biochemoporomechanics,https://tiss.tuwien.ac.at/course/courseDetails.xhtml?courseNr=202024,,2026-01-27T08:00:00,2026-03-12T08:00:00,2026-03-12T08:00:00
202.040,Seminar for Diploma Thesis Students,https://tiss.tuwien.ac.at/course/courseDetails.xhtml?courseNr=202040,,,,
202.044,Experimental Methods for Analysis of Deformations,https://tiss.tuwien.ac.at/course/courseDetails.xhtml?courseNr=202044,,2026-09-03T08:00:00,2026-11-10T08:00:00,2026-11-10T08:00:00
202.051,Advanced Macro- & Micromechanics of Materials,https://tiss.tuwien.ac.at/course/courseDetails.xhtml?courseNr=202051,https://tuwel.tuwien.ac.at/course/view.php?id=79524,2026-01-27T08:00:00,2026-04-02T08:00:00,2026-04-02T08:00:00
202.054,Computational Material Modelling,https://tiss.tuwien.ac.at/course/courseDetails.xhtml?courseNr=202054,,2026-09-24T08:00:00,2026-12-02T08:00:00,2026-12-02T08:00:00
202.056,Seminar for PhD Students,https://tiss.tuwien.ac.at/course/courseDetails.xhtml?courseNr=202056,,,,
202.057,Mechanical properties of biological tissue,https://tiss.tuwien.ac.at/course/courseDetails.xhtml?courseNr=202057,,2026-09-24T08:00:00,2026-11-18T10:00:00,2026-11-18T10:00:00
202.058,Experimental determination of the mechanical properties of biological tissues,https://tiss.tuwien.ac.at/course/courseDetails.xhtml?courseNr=202058,,2026-09-24T08:00:00,2026-11-18T10:00:00,2026-11-18T10:00:00
202.064,Computational Biomaterials and Biomechanics,https://tiss.tuwien.ac.at/course/courseDetails.xhtml?courseNr=202064,,2026-09-24T08:00:00,2026-11-02T23:00:00,2026-11-02T23:00:00
202.065,Structural analysis - statics 1,https://tiss.tuwien.ac.at/course/courseDetails.xhtml?courseNr=202065,https://tuwel.tuwien.ac.at/course/view.php?id=78711,2026-02-03T00:00:00,2026-04-15T00:00:00,
202.066,Structural analysis - statics 1,https://tiss.tuwien.ac.at/course/courseDetails.xhtml?courseNr=202066,https://tuwel.tuwien.ac.at/course/view.php?id=78687,2026-02-03T00:00:00,2026-04-15T14:00:00,2026-04-15T14:00:00
202.068,Structural analysis - static 2,https://tiss.tuwien.ac.at/course/courseDetails.xhtml?courseNr=202068,,2026-09-11T00:00:00,2026-10-16T00:00:00,
202.071,Excursion Timber Engineering,https://tiss.tuwien.ac.at/course/courseDetails.xhtml?courseNr=202071,,2026-10-19T17:00:00,2026-10-20T08:00:00,2026-11-30T18:00:00
202.073,Mechanics and Structural Analysis,https://tiss.tuwien.ac.at/course/courseDetails.xhtml?courseNr=202073,,2026-07-02T08:00:00,2026-10-30T08:00:00,2026-10-30T08:00:00
202.074,Modern timber construction practice – building products and connections,https://tiss.tuwien.ac.at/course/courseDetails.xhtml?courseNr=202074,,,,
202.647,Mathematical Systems Biology,https://tiss.tuwien.ac.at/course/courseDetails.xhtml?courseNr=202647,,2026-09-09T08:00:00,2027-01-29T08:00:00,2027-01-29T08:00:00
202.649,Multiscale Material Modeling,https://tiss.tuwien.ac.at/course/courseDetails.xhtml?courseNr=202649,https://tuwel.tuwien.ac.at/course/view.php?id=79533,2026-01-27T08:00:00,2026-04-02T08:00:00,2026-04-02T08:00:00
202.650,Multiscale Material Modeling,https://tiss.tuwien.ac.at/course/courseDetails.xhtml?courseNr=202650,https://tuwel.tuwien.ac.at/course/view.php?id=79536,2026-01-27T08:00:00,2026-04-02T08:00:00,2026-04-02T08:00:00
202.652,Timber Engineering,https://tiss.tuwien.ac.at/course/courseDetails.xhtml?courseNr=202652,,2026-07-29T08:00:00,2026-10-14T23:59:00,
202.653,Finite Elements Methods,https://tiss.tuwien.ac.at/course/courseDetails.xhtml?courseNr=202653,,2026-09-14T09:00:00,2026-10-02T23:55:00,2026-10-02T23:55:00
202.657,Timber Engineering 2,https://tiss.tuwien.ac.at/course/courseDetails.xhtml?courseNr=202657,https://tuwel.tuwien.ac.at/course/view.php?id=79539,2026-01-27T08:00:00,2026-05-06T08:00:00,2026-05-06T08:00:00
202.658,Thin-Walled Structures Theory,https://tiss.tuwien.ac.at/course/courseDetails.xhtml?courseNr=202658,https://tuwel.tuwien.ac.at/course/view.php?id=79542,2026-01-27T08:00:00,2026-04-02T08:00:00,2026-04-02T08:00:00
202.660,Finite Element Methods 2,https://tiss.tuwien.ac.at/course/courseDetails.xhtml?courseNr=202660,https://tuwel.tuwien.ac.at/course/view.php?id=79245,2026-01-12T00:00:00,2026-03-31T00:59:00,2026-03-31T00:59:00
202.664,Strength of Materials,https://tiss.tuwien.ac.at/course/courseDetails.xhtml?courseNr=202664,,,,
202.665,Strength of Materials,https://tiss.tuwien.ac.at/course/courseDetails.xhtml?courseNr=202665,,2026-09-14T10:00:00,2026-11-27T16:00:00,2026-11-27T16:00:00
202.666,Engineering Mechanics,https://tiss.tuwien.ac.at/course/courseDetails.xhtml?courseNr=202666,https://tuwel.tuwien.ac.at/course/view.php?id=79398,2026-02-23T00:01:00,2026-03-22T23:59:00,2026-03-22T23:59:00
202.667,Project Work  Structures - Simulation of Materials and Structures,https://tiss.tuwien.ac.at/course/courseDetails.xhtml?courseNr=202667,,,,
202.668,Project Work Structures - Strength of Materials and Computational Mechanics,https://tiss.tuwien.ac.at/course/courseDetails.xhtml?courseNr=202668,,,,
202.669,Project Work  Theory and Simulation - Strength of Materials and Computational Mechanics,https://tiss.tuwien.ac.at/course/courseDetails.xhtml?courseNr=202669,,,,
202.670,Project Work Theory and Simulation - Simulation of Materials and Structures,https://tiss.tuwien.ac.at/course/courseDetails.xhtml?courseNr=202670,,,,
202.674,Mechanobiology - Fundamentals and Modeling Concepts,https://tiss.tuwien.ac.at/course/courseDetails.xhtml?courseNr=202674,https://tuwel.tuwien.ac.at/course/view.php?id=79545,2026-01-26T08:00:00,2026-05-03T08:00:00,2026-05-03T08:00:00
203.061,Fieldtrip applied petrology,https://tiss.tuwien.ac.at/course/courseDetails.xhtml?courseNr=203061,,,,
203.098,Applied rock mechanics,https://tiss.tuwien.ac.at/course/courseDetails.xhtml?courseNr=203098,,2026-09-14T08:00:00,2026-10-07T20:00:00,2026-10-08T08:00:00
206.051,Structural Fire Protection,https://tiss.tuwien.ac.at/course/courseDetails.xhtml?courseNr=206051,,2026-09-18T08:00:00,2026-12-16T08:00:00,
206.072,Gas metal arc welding,https://tiss.tuwien.ac.at/course/courseDetails.xhtml?courseNr=206072,,2026-11-11T13:00:00,2026-11-11T15:00:00,
206.073,Shielded metal arc welding,https://tiss.tuwien.ac.at/course/courseDetails.xhtml?courseNr=206073,https://tuwel.tuwien.ac.at/course/view.php?id=81794,2026-04-15T13:00:00,2026-04-15T15:00:00,
206.091,Metallic Materials With Excursion,https://tiss.tuwien.ac.at/course/courseDetails.xhtml?courseNr=206091,,2026-04-15T13:00:00,2026-04-15T15:00:00,
206.092,Welding Technology With Excursion,https://tiss.tuwien.ac.at/course/courseDetails.xhtml?courseNr=206092,,2026-11-04T13:00:00,2026-11-04T15:00:00,
206.099,Building Construction CE,https://tiss.tuwien.ac.at/course/courseDetails.xhtml?courseNr=206099,,2026-09-14T08:00:00,2026-10-09T08:00:00,2026-10-09T08:00:00
206.101,Building Construction 2,https://tiss.tuwien.ac.at/course/courseDetails.xhtml?courseNr=206101,,2026-09-14T12:00:00,2026-10-09T12:00:00,2026-10-09T12:00:00
206.131,Seminar PhD students,https://tiss.tuwien.ac.at/course/courseDetails.xhtml?courseNr=206131,,,,
206.163,Seminar for PhD students,https://tiss.tuwien.ac.at/course/courseDetails.xhtml?courseNr=206163,,,,
206.175,Metallic materials 1,https://tiss.tuwien.ac.at/course/courseDetails.xhtml?courseNr=206175,,2026-04-15T13:00:00,2026-04-15T15:00:00,
206.178,Welding and joining technology,https://tiss.tuwien.ac.at/course/courseDetails.xhtml?courseNr=206178,,2026-04-15T13:00:00,2026-04-15T15:00:00,
206.272,Pipeline Engineering,https://tiss.tuwien.ac.at/course/courseDetails.xhtml?courseNr=206272,,2026-11-04T13:00:00,2026-11-04T15:00:00,
206.273,Welding and Joining Technology 1,https://tiss.tuwien.ac.at/course/courseDetails.xhtml?courseNr=206273,,2026-04-15T13:00:00,2026-04-15T15:00:00,
206.274,Welding and Joining Technology 2,https://tiss.tuwien.ac.at/course/courseDetails.xhtml?courseNr=206274,,2026-11-11T13:00:00,2026-11-11T13:01:00,
206.287,Maintenance and restoration of buildings,https://tiss.tuwien.ac.at/course/courseDetails.xhtml?courseNr=206287,,2026-09-14T09:00:00,2026-10-09T12:00:00,2026-10-09T12:00:00
206.289,Hygrothermal Building Component Assessment,https://tiss.tuwien.ac.at/course/courseDetails.xhtml?courseNr=206289,,2026-09-01T00:00:00,2026-10-11T00:00:00,2026-10-31T00:00:00
206.290,Sound Insulation and Room Acoustics,https://tiss.tuwien.ac.at/course/courseDetails.xhtml?courseNr=206290,,2026-09-01T00:00:00,2026-10-11T00:00:00,2026-10-31T00:00:00
206.291,Building Performance Evaluation,https://tiss.tuwien.ac.at/course/courseDetails.xhtml?courseNr=206291,https://tuwel.tuwien.ac.at/course/view.php?id=79509,2026-02-16T10:00:00,2026-03-27T23:59:00,2026-04-29T23:59:00
206.298,Seminar for Diploma Thesis Students,https://tiss.tuwien.ac.at/course/courseDetails.xhtml?courseNr=206298,,,,
206.307,SE Research seminar,https://tiss.tuwien.ac.at/course/courseDetails.xhtml?courseNr=206307,,2026-10-08T08:00:00,2026-11-11T08:00:00,2026-11-11T08:00:00
206.317,Welding Applications,https://tiss.tuwien.ac.at/course/courseDetails.xhtml?courseNr=206317,,2026-04-15T13:00:00,2026-04-15T13:01:00,
206.318,Metallic Materials 2,https://tiss.tuwien.ac.at/course/courseDetails.xhtml?courseNr=206318,,2026-04-15T13:00:00,2026-04-15T13:01:00,
206.319,Masonry Engineering in New Buildings,https://tiss.tuwien.ac.at/course/courseDetails.xhtml?courseNr=206319,,2026-09-23T08:00:00,2026-11-08T23:59:00,2026-11-08T23:59:00
206.320,Introduction to formal basics of civil engineering,https://tiss.tuwien.ac.at/course/courseDetails.xhtml?courseNr=206320,,,,
206.324,Refurbishment of buildings,https://tiss.tuwien.ac.at/course/courseDetails.xhtml?courseNr=206324,,2026-09-10T09:00:00,2027-02-02T09:00:00,2027-02-02T09:00:00
206.329,Building Mechanics,https://tiss.tuwien.ac.at/course/courseDetails.xhtml?courseNr=206329,,,,
206.332,Mechanics 2,https://tiss.tuwien.ac.at/course/courseDetails.xhtml?courseNr=206332,,,,
206.333,Building Physics,https://tiss.tuwien.ac.at/course/courseDetails.xhtml?courseNr=206333,https://tuwel.tuwien.ac.at/course/view.php?id=80919,2026-02-18T00:00:00,2027-01-31T12:00:00,2027-01-31T12:00:00
206.334,Structural Systems,https://tiss.tuwien.ac.at/course/courseDetails.xhtml?courseNr=206334,,2026-10-07T08:00:00,2026-11-06T20:00:00,2026-11-15T20:00:00
206.335,"Projektarbeit Tragwerke - Baustofflehre, Werkstofftechnologie und Brandsicherheit",https://tiss.tuwien.ac.at/course/courseDetails.xhtml?courseNr=206335,,,,
206.336,Projektarbeit Theorie und Simulation - Bauphysik und Schallschutz,https://tiss.tuwien.ac.at/course/courseDetails.xhtml?courseNr=206336,,,,
206.337,Projektarbeit Theorie und Simulation - Baumechanik,https://tiss.tuwien.ac.at/course/courseDetails.xhtml?courseNr=206337,,,,
206.338,Projektarbeit Tragwerke Hochbaukonstruktionen und Gebäudeerhaltung,https://tiss.tuwien.ac.at/course/courseDetails.xhtml?courseNr=206338,,,,
206.339,"Projektarbeit Theorie und Simulation - Baustofflehre, Werkstofftechnologie und Brandsicherheit",https://tiss.tuwien.ac.at/course/courseDetails.xhtml?courseNr=206339,,,,
207.001,Project Theory and Simulation - Ecological Building Technologies,https://tiss.tuwien.ac.at/course/courseDetails.xhtml?courseNr=207001,,,,
207.002,Excursion Ecological Building Technologies,https://tiss.tuwien.ac.at/course/courseDetails.xhtml?courseNr=207002,https://tuwel.tuwien.ac.at/course/view.php?id=82598,2026-07-27T13:00:00,2026-09-25T10:00:00,2026-09-25T10:00:00
207.003,seminar for diploma thesis students,https://tiss.tuwien.ac.at/course/courseDetails.xhtml?courseNr=207003,,,,
207.004,Seminar for PhD students,https://tiss.tuwien.ac.at/course/courseDetails.xhtml?courseNr=207004,,,,
207.008,Floors,https://tiss.tuwien.ac.at/course/courseDetails.xhtml?courseNr=207008,,2026-03-04T12:00:00,2026-06-07T12:00:00,2026-06-07T12:00:00
207.009,Seminar for Master students,https://tiss.tuwien.ac.at/course/courseDetails.xhtml?courseNr=207009,,2026-09-02T00:00:00,2026-12-01T00:00:00,2027-01-02T00:00:00
207.010,Seminar for PhD students,https://tiss.tuwien.ac.at/course/courseDetails.xhtml?courseNr=207010,,2026-09-24T00:00:00,2026-12-01T00:00:00,
207.011,Building for people,https://tiss.tuwien.ac.at/course/courseDetails.xhtml?courseNr=207011,,2026-09-01T10:00:00,2027-09-29T10:00:00,2027-09-29T12:00:00
207.012,Foundations of Building Science,https://tiss.tuwien.ac.at/course/courseDetails.xhtml?courseNr=207012,,2026-09-01T00:00:00,2026-10-11T00:00:00,2026-10-31T00:00:00
207.013,Introduction to Digital Twins for Buildings and Cities,https://tiss.tuwien.ac.at/course/courseDetails.xhtml?courseNr=207013,,2026-09-01T00:00:00,2026-10-11T00:00:00,2026-10-31T00:00:00
207.015,Building Materials,https://tiss.tuwien.ac.at/course/courseDetails.xhtml?courseNr=207015,https://tuwel.tuwien.ac.at/course/view.php?id=41766,2026-10-07T08:00:00,2026-10-16T12:00:00,2026-10-16T23:55:00
207.017,Advanced Numerical Methods in Building Science 2,https://tiss.tuwien.ac.at/course/courseDetails.xhtml?courseNr=207017,,2026-09-01T00:00:00,2026-10-11T00:00:00,2026-10-31T00:00:00
207.020,Fire risk management 1,https://tiss.tuwien.ac.at/course/courseDetails.xhtml?courseNr=207020,,2026-11-11T13:00:00,2026-11-11T13:01:00,
207.021,Hybrid Structures and Joining Technology,https://tiss.tuwien.ac.at/course/courseDetails.xhtml?courseNr=207021,,2026-11-11T13:00:00,2026-11-11T13:01:00,
207.024,Fire risk management 2,https://tiss.tuwien.ac.at/course/courseDetails.xhtml?courseNr=207024,,,,
207.029,Research Methods and Scientific Writing in Building and City Science,https://tiss.tuwien.ac.at/course/courseDetails.xhtml?courseNr=207029,,2026-09-01T00:00:00,2026-10-13T00:00:00,2026-10-31T00:00:00
207.030,Privatissimum Building Materials,https://tiss.tuwien.ac.at/course/courseDetails.xhtml?courseNr=207030,,2026-10-04T00:00:00,2026-12-26T23:55:00,2026-12-26T23:55:00
207.031,Ecological Building Technologies 2,https://tiss.tuwien.ac.at/course/courseDetails.xhtml?courseNr=207031,https://tuwel.tuwien.ac.at/course/view.php?id=83305,2026-08-31T08:00:00,2026-11-01T08:00:00,2026-12-30T08:00:00
207.032,Advanced Numerical Methods in Building Science 1,https://tiss.tuwien.ac.at/course/courseDetails.xhtml?courseNr=207032,https://tuwel.tuwien.ac.at/course/view.php?id=79506,2026-02-16T10:00:00,2026-03-18T23:59:00,2026-03-18T23:59:00
207.033,Urban Physics for a sustainably built environment,https://tiss.tuwien.ac.at/course/courseDetails.xhtml?courseNr=207033,,2026-10-07T00:00:00,2026-11-07T23:55:00,2026-12-21T12:00:00
207.034,Building Technology,https://tiss.tuwien.ac.at/course/courseDetails.xhtml?courseNr=207034,,2026-09-01T00:00:00,2026-10-11T00:00:00,2026-10-31T00:00:00
208.004,Applications of structural dynamics in building and bridge construction,https://tiss.tuwien.ac.at/course/courseDetails.xhtml?courseNr=208004,,,,
210.001,Multidisciplinary Planning,https://tiss.tuwien.ac.at/course/courseDetails.xhtml?courseNr=210001,,2026-07-30T00:00:00,2026-11-26T23:59:00,2026-11-26T23:59:00
210.005,Lifecyclecosts and -analysis,https://tiss.tuwien.ac.at/course/courseDetails.xhtml?courseNr=210005,,,,
210.007,Industrial Building,https://tiss.tuwien.ac.at/course/courseDetails.xhtml?courseNr=210007,,2026-07-30T09:00:00,2026-10-14T23:59:00,2026-10-14T23:59:00
210.009,Integrated BIM Design Lab,https://tiss.tuwien.ac.at/course/courseDetails.xhtml?courseNr=210009,,2026-06-29T18:00:00,2026-10-09T18:00:00,2026-10-02T18:00:00
210.010,Project work in Building- and Industrial Construction,https://tiss.tuwien.ac.at/course/courseDetails.xhtml?courseNr=210010,,2026-09-11T12:00:00,2026-10-11T23:59:00,2026-10-11T23:55:00
210.011,Parametric Tools for Structural BIM Design,https://tiss.tuwien.ac.at/course/courseDetails.xhtml?courseNr=210011,,2026-08-17T10:00:00,2026-10-06T23:59:00,2026-10-18T23:59:00
210.013,Built Examples,https://tiss.tuwien.ac.at/course/courseDetails.xhtml?courseNr=210013,,2026-09-15T00:00:00,2026-10-15T00:00:00,
210.014,Practice report Innovative Construction,https://tiss.tuwien.ac.at/course/courseDetails.xhtml?courseNr=210014,,2026-09-11T12:00:00,2026-10-21T23:59:00,2026-10-21T23:55:00
210.015,Business Administration Basics for Real Estate Development for Civil Engineers,https://tiss.tuwien.ac.at/course/courseDetails.xhtml?courseNr=210015,,2026-09-10T08:00:00,2027-03-18T23:59:00,2027-03-18T23:59:00
210.016,Diplomandenseminar,https://tiss.tuwien.ac.at/course/courseDetails.xhtml?courseNr=210016,,,,
210.017,Seminar on dissertation,https://tiss.tuwien.ac.at/course/courseDetails.xhtml?courseNr=210017,,,,
210.020,Basics of BIM Planning for civil engineers: Revit,https://tiss.tuwien.ac.at/course/courseDetails.xhtml?courseNr=210020,,2026-08-31T00:00:00,2027-01-31T23:59:00,2027-01-31T23:59:00
210.022,Excursion building construction,https://tiss.tuwien.ac.at/course/courseDetails.xhtml?courseNr=210022,,2026-10-05T10:00:00,2026-11-19T08:00:00,2026-11-03T08:00:00
210.027,Basics of BIM planning for civil engineers: ArchiCAD,https://tiss.tuwien.ac.at/course/courseDetails.xhtml?courseNr=210027,,2026-09-01T00:00:00,2027-01-31T23:59:00,2027-01-31T23:59:00
210.033,Fundamentals of building technology,https://tiss.tuwien.ac.at/course/courseDetails.xhtml?courseNr=210033,,2026-08-03T00:00:00,2026-10-05T23:59:00,2026-11-15T23:59:00
212.010,Modelling and Analysis of Structural Concrete,https://tiss.tuwien.ac.at/course/courseDetails.xhtml?courseNr=212010,,2026-08-24T12:00:00,2026-10-02T12:00:00,2026-10-02T12:00:00
212.021,Structural Concrete,https://tiss.tuwien.ac.at/course/courseDetails.xhtml?courseNr=212021,,,,
212.022,Concrete Structures - Practical Applications,https://tiss.tuwien.ac.at/course/courseDetails.xhtml?courseNr=212022,,,,
212.027,Modelling of steel structures,https://tiss.tuwien.ac.at/course/courseDetails.xhtml?courseNr=212027,,2026-10-02T09:00:00,2027-01-29T20:00:00,
212.037,Seminar for PhD students,https://tiss.tuwien.ac.at/course/courseDetails.xhtml?courseNr=212037,,,,
212.039,Seminar for PhD or Diploma Thesis Students,https://tiss.tuwien.ac.at/course/courseDetails.xhtml?courseNr=212039,,,,
212.041,Optimal analysis of structures,https://tiss.tuwien.ac.at/course/courseDetails.xhtml?courseNr=212041,,,,
212.042,Software-supported Analysis of Concrete Structures,https://tiss.tuwien.ac.at/course/courseDetails.xhtml?courseNr=212042,,2026-08-24T12:00:00,2026-10-20T12:00:00,2026-10-20T12:00:00
212.461,Bridge Construction,https://tiss.tuwien.ac.at/course/courseDetails.xhtml?courseNr=212461,,2026-09-14T08:00:00,,
212.467,Concrete Bridges,https://tiss.tuwien.ac.at/course/courseDetails.xhtml?courseNr=212467,,2026-09-03T10:00:00,2026-09-29T16:00:00,2026-09-29T16:00:00
212.468,Projektarbeit Tragwerke - Stahlbeton- und Massivbau,https://tiss.tuwien.ac.at/course/courseDetails.xhtml?courseNr=212468,,,,
212.469,Projektarbeit Tragwerke - Stahlbau,https://tiss.tuwien.ac.at/course/courseDetails.xhtml?courseNr=212469,,,,
212.470,Projektarbeit Theorie und Simulation - Stahlbeton- und Massivbau,https://tiss.tuwien.ac.at/course/courseDetails.xhtml?courseNr=212470,,,,
213.009,Steel constructions,https://tiss.tuwien.ac.at/course/courseDetails.xhtml?courseNr=213009,https://tuwel.tuwien.ac.at/course/view.php?id=83098,2026-09-29T08:00:00,2027-03-02T12:00:00,
213.010,Steel constructions,https://tiss.tuwien.ac.at/course/courseDetails.xhtml?courseNr=213010,https://tuwel.tuwien.ac.at/course/view.php?id=83101,2026-08-19T09:00:00,2026-10-02T12:00:00,
220.000,Rock Engineering and Tunneling,https://tiss.tuwien.ac.at/course/courseDetails.xhtml?courseNr=220000,,,,
220.001,Geology,https://tiss.tuwien.ac.at/course/courseDetails.xhtml?courseNr=220001,,,,
220.005,Geotechnics and Natural Hazards,https://tiss.tuwien.ac.at/course/courseDetails.xhtml?courseNr=220005,,2026-09-28T08:00:00,2026-10-31T12:00:00,2026-11-15T20:00:00
220.015,Finite Difference Modelling in Geoengineering,https://tiss.tuwien.ac.at/course/courseDetails.xhtml?courseNr=220015,,2026-09-14T08:00:00,2026-10-05T08:00:00,2026-10-06T08:00:00
220.019,Stability Problems in Rock Engineering,https://tiss.tuwien.ac.at/course/courseDetails.xhtml?courseNr=220019,,2026-08-31T08:00:00,2026-10-19T20:00:00,2026-10-20T12:00:00
220.024,Blasting practice,https://tiss.tuwien.ac.at/course/courseDetails.xhtml?courseNr=220024,,,,
220.029,Soil Dynamics,https://tiss.tuwien.ac.at/course/courseDetails.xhtml?courseNr=220029,,,,
220.031,Projektarbeit Geotechnik - Ingenieurgeologie,https://tiss.tuwien.ac.at/course/courseDetails.xhtml?courseNr=220031,,,,
220.032,"PA Geotechnical Engineering - Ground Engineering, Soil and Rock Mechanics",https://tiss.tuwien.ac.at/course/courseDetails.xhtml?courseNr=220032,,,,
220.033,Foundation Engineering (incl. Grouting),https://tiss.tuwien.ac.at/course/courseDetails.xhtml?courseNr=220033,,2026-10-02T12:00:00,2026-10-29T12:00:00,2026-10-29T12:00:00
220.035,Ingenieurgeologie,https://tiss.tuwien.ac.at/course/courseDetails.xhtml?courseNr=220035,,2026-09-28T08:00:00,2026-10-16T08:00:00,2026-10-23T20:00:00
220.036,Exercises in engineering geology,https://tiss.tuwien.ac.at/course/courseDetails.xhtml?courseNr=220036,,2026-10-07T08:00:00,2026-11-15T23:59:00,2026-11-15T23:59:00
220.038,Excursion Rock Engineering and Tunneling,https://tiss.tuwien.ac.at/course/courseDetails.xhtml?courseNr=220038,,,,
220.043,Geothermal Energy,https://tiss.tuwien.ac.at/course/courseDetails.xhtml?courseNr=220043,,2026-10-07T11:00:00,2026-11-01T12:00:00,2026-11-01T12:00:00
221.005,Ground Engineering and Soil Mechanics 2,https://tiss.tuwien.ac.at/course/courseDetails.xhtml?courseNr=221005,,2026-10-05T15:00:00,2026-10-07T12:00:00,2026-10-07T12:00:00
221.015,Doctorand's Seminar,https://tiss.tuwien.ac.at/course/courseDetails.xhtml?courseNr=221015,,,,
221.016,Seminar for Diplomands in Ground Engineering,https://tiss.tuwien.ac.at/course/courseDetails.xhtml?courseNr=221016,,,,
222.050,Selected Topics in Hydraulic Structures,https://tiss.tuwien.ac.at/course/courseDetails.xhtml?courseNr=222050,,,,
222.052,Selected topics in Hydraulic- and Dam Engineering I,https://tiss.tuwien.ac.at/course/courseDetails.xhtml?courseNr=222052,,2026-02-09T12:00:00,2026-03-10T12:00:00,2026-03-10T12:00:00
222.075,Water resources management,https://tiss.tuwien.ac.at/course/courseDetails.xhtml?courseNr=222075,,2026-09-17T10:00:00,2027-01-22T18:00:00,2027-01-22T18:00:00
222.118,Exclusive tutorial for master candidates,https://tiss.tuwien.ac.at/course/courseDetails.xhtml?courseNr=222118,,,,
222.119,Exclusive tutorial for PhD candidates,https://tiss.tuwien.ac.at/course/courseDetails.xhtml?courseNr=222119,,,,
222.125,Exclusive tutorial for master candidates,https://tiss.tuwien.ac.at/course/courseDetails.xhtml?courseNr=222125,,,,
222.151,Seminar for diploma students,https://tiss.tuwien.ac.at/course/courseDetails.xhtml?courseNr=222151,,,,
222.157,Bewirtschaftung von Wasserbauten,https://tiss.tuwien.ac.at/course/courseDetails.xhtml?courseNr=222157,,2026-08-24T14:00:00,2026-09-30T12:00:00,2026-09-30T12:00:00
222.538,Engineering Hydrology,https://tiss.tuwien.ac.at/course/courseDetails.xhtml?courseNr=222538,,,,
222.539,Engineering Hydrology,https://tiss.tuwien.ac.at/course/courseDetails.xhtml?courseNr=222539,,2026-10-05T08:00:00,2026-11-09T00:00:00,2026-11-15T23:59:00
222.540,Hydraulics,https://tiss.tuwien.ac.at/course/courseDetails.xhtml?courseNr=222540,,2026-09-03T12:00:00,2027-02-02T12:00:00,2027-02-02T12:00:00
222.563,Fracture Mechanics of Concrete Dams Fracture Mechanics of Concrete Dams,https://tiss.tuwien.ac.at/course/courseDetails.xhtml?courseNr=222563,,2026-06-29T12:00:00,2026-10-09T12:00:00,2026-10-09T12:00:00
222.565,Hydraulics,https://tiss.tuwien.ac.at/course/courseDetails.xhtml?courseNr=222565,,2026-08-31T12:00:00,2026-10-06T12:00:00,2026-10-14T23:00:00
222.567,Projektarbeit Wasser und Ressourcen - Wasserbau,https://tiss.tuwien.ac.at/course/courseDetails.xhtml?courseNr=222567,,,,
222.570,Engineering Hydrology 2,https://tiss.tuwien.ac.at/course/courseDetails.xhtml?courseNr=222570,,2026-06-02T00:00:00,2026-10-11T12:00:00,2026-10-11T12:00:00
222.571,Wasserwirtschaft und Flussgebietsmanagement,https://tiss.tuwien.ac.at/course/courseDetails.xhtml?courseNr=222571,,2026-08-12T18:00:00,2026-10-24T23:00:00,2026-10-25T22:00:00
222.575,Talsperren,https://tiss.tuwien.ac.at/course/courseDetails.xhtml?courseNr=222575,,2026-06-29T12:00:00,2026-10-09T12:00:00,2026-10-09T12:00:00
222.580,Modelling and simulation methods in water resource systems,https://tiss.tuwien.ac.at/course/courseDetails.xhtml?courseNr=222580,,,,
222.585,Environmental Science and Society,https://tiss.tuwien.ac.at/course/courseDetails.xhtml?courseNr=222585,,2026-08-17T12:00:00,2026-10-29T12:00:00,
222.586,Mixing and Transport Processes,https://tiss.tuwien.ac.at/course/courseDetails.xhtml?courseNr=222586,,2026-10-07T12:00:00,2027-02-05T12:00:00,2027-02-05T12:00:00
222.588,Risk and Climate Impact,https://tiss.tuwien.ac.at/course/courseDetails.xhtml?courseNr=222588,,2026-09-26T00:00:00,2026-11-03T00:00:00,
222.589,Bio-geomorphological processes,https://tiss.tuwien.ac.at/course/courseDetails.xhtml?courseNr=222589,,2026-06-29T12:00:00,2026-11-30T12:00:00,2026-11-30T12:00:00
225.008,Waste Management Excursion 1,https://tiss.tuwien.ac.at/course/courseDetails.xhtml?courseNr=225008,,2026-11-02T12:00:00,2027-01-12T07:00:00,2027-01-12T23:59:00
225.032,Seminar Resources and Waste Management,https://tiss.tuwien.ac.at/course/courseDetails.xhtml?courseNr=225032,,2026-09-14T12:00:00,2026-10-02T12:00:00,2026-10-02T12:00:00
225.039,Seminar Resources Management (Master Students),https://tiss.tuwien.ac.at/course/courseDetails.xhtml?courseNr=225039,,,,
225.041,Seminar Resources Management (PhD Students),https://tiss.tuwien.ac.at/course/courseDetails.xhtml?courseNr=225041,,,,
226.017,Tutorial for diploma thesis,https://tiss.tuwien.ac.at/course/courseDetails.xhtml?courseNr=226017,,,,
226.018,Tutorial for PhD Candidates,https://tiss.tuwien.ac.at/course/courseDetails.xhtml?courseNr=226018,,,,
226.024,Chemistry for Civil Engineers,https://tiss.tuwien.ac.at/course/courseDetails.xhtml?courseNr=226024,,2026-09-04T00:00:00,2027-03-04T00:00:00,2027-03-04T00:00:00
226.026,Water Quality Management,https://tiss.tuwien.ac.at/course/courseDetails.xhtml?courseNr=226026,,2026-09-14T08:00:00,2026-10-23T08:00:00,
226.039,Seminar series water quality management,https://tiss.tuwien.ac.at/course/courseDetails.xhtml?courseNr=226039,,2026-08-12T08:00:00,2026-10-29T07:00:00,2026-11-11T08:00:00
226.040,Project Work Water and Resources - Water Quality Management,https://tiss.tuwien.ac.at/course/courseDetails.xhtml?courseNr=226040,,,,
226.041,Projektarbeit Wasser und Ressourcen - Abfallwirtschaft und Ressourcenmanagement,https://tiss.tuwien.ac.at/course/courseDetails.xhtml?courseNr=226041,,,,
226.043,Wastewater Treatment,https://tiss.tuwien.ac.at/course/courseDetails.xhtml?courseNr=226043,,2026-09-14T08:00:00,2026-10-31T07:00:00,2026-10-31T07:00:00
226.044,Laboratory Tutorial Wastewater Treatment,https://tiss.tuwien.ac.at/course/courseDetails.xhtml?courseNr=226044,https://tuwel.tuwien.ac.at/course/view.php?id=81686,2026-09-14T08:00:00,2026-10-02T08:00:00,2026-10-02T08:00:00
226.048,Ecology,https://tiss.tuwien.ac.at/course/courseDetails.xhtml?courseNr=226048,,2026-08-28T08:00:00,2026-10-15T23:00:00,2026-10-20T18:00:00
226.049,Anaerobic Industrial Wastewater and Sludge Treatment,https://tiss.tuwien.ac.at/course/courseDetails.xhtml?courseNr=226049,,2026-08-31T08:00:00,2026-10-27T08:00:00,2026-11-03T08:00:00
226.054,Resource Management,https://tiss.tuwien.ac.at/course/courseDetails.xhtml?courseNr=226054,,2026-09-09T00:00:00,2026-10-29T00:00:00,
226.056,Thermische Abfallverwertung,https://tiss.tuwien.ac.at/course/courseDetails.xhtml?courseNr=226056,,2026-09-02T00:01:00,2026-11-17T23:59:00,
226.057,Deponietechnik und Altlastensanierung,https://tiss.tuwien.ac.at/course/courseDetails.xhtml?courseNr=226057,,,,
226.058,Laborübung Ressourcenmanagement und Abfallwirtschaft,https://tiss.tuwien.ac.at/course/courseDetails.xhtml?courseNr=226058,,2026-10-13T09:00:00,2026-11-25T23:59:00,2026-11-25T23:59:00
226.062,Water Quality Management,https://tiss.tuwien.ac.at/course/courseDetails.xhtml?courseNr=226062,,2026-09-14T00:00:00,2026-10-19T11:59:00,2026-10-27T13:00:00
226.063,Wastewater Treatment,https://tiss.tuwien.ac.at/course/courseDetails.xhtml?courseNr=226063,,2026-09-14T08:00:00,2026-11-08T08:00:00,2026-11-07T07:00:00
226.066,Material Flow Analysis,https://tiss.tuwien.ac.at/course/courseDetails.xhtml?courseNr=226066,https://tuwel.tuwien.ac.at/course/view.php?id=82205,2026-06-30T00:00:00,2026-09-28T23:59:00,2026-09-28T23:59:00
226.071,Introductory course to Environmental Engineering,https://tiss.tuwien.ac.at/course/courseDetails.xhtml?courseNr=226071,,2026-08-07T09:00:00,2026-09-30T09:00:00,
226.073,Toxicology for environmental engineering,https://tiss.tuwien.ac.at/course/courseDetails.xhtml?courseNr=226073,,2026-09-04T09:00:00,2027-03-04T18:00:00,
226.074,Fundamentals of electrical energy networks for environmental engineering,https://tiss.tuwien.ac.at/course/courseDetails.xhtml?courseNr=226074,,2026-09-15T00:00:00,2027-01-30T00:00:00,
230.016,Road operations,https://tiss.tuwien.ac.at/course/courseDetails.xhtml?courseNr=230016,,2026-08-19T12:00:00,2027-01-01T12:00:00,2027-01-01T12:00:00
230.018,Road construction excursion,https://tiss.tuwien.ac.at/course/courseDetails.xhtml?courseNr=230018,,2026-06-18T09:00:00,2026-10-02T12:00:00,2026-10-02T12:00:00
230.019,seminar for master students,https://tiss.tuwien.ac.at/course/courseDetails.xhtml?courseNr=230019,,2026-09-14T08:00:00,2027-01-22T08:00:00,2027-01-22T08:00:00
230.022,seminar for PhD students,https://tiss.tuwien.ac.at/course/courseDetails.xhtml?courseNr=230022,,2026-09-01T08:00:00,2027-01-20T15:00:00,2027-01-20T15:00:00
230.023,Airfields,https://tiss.tuwien.ac.at/course/courseDetails.xhtml?courseNr=230023,,2026-07-30T15:00:00,2026-10-16T10:00:00,2026-10-16T10:00:00
230.026,Public Transport,https://tiss.tuwien.ac.at/course/courseDetails.xhtml?courseNr=230026,,2026-09-14T08:00:00,2027-02-15T23:59:00,2027-02-15T23:59:00
230.029,Seminar on dissertation,https://tiss.tuwien.ac.at/course/courseDetails.xhtml?courseNr=230029,,,,
230.034,Projektarbeit Verkehr und Mobilität - Verkehrsplanung und Verkehrstechnik,https://tiss.tuwien.ac.at/course/courseDetails.xhtml?courseNr=230034,,,,
230.035,Projektarbeit Verkehr und Mobilität - Eisenbahnwesen und Verkehrswirtschaft,https://tiss.tuwien.ac.at/course/courseDetails.xhtml?courseNr=230035,,,,
230.036,Projektarbeit Verkehr und Mobilität - Straßenwesen,https://tiss.tuwien.ac.at/course/courseDetails.xhtml?courseNr=230036,,,,
230.037,Transport- und Siedlungswesen,https://tiss.tuwien.ac.at/course/courseDetails.xhtml?courseNr=230037,,2026-10-02T00:00:00,2026-11-06T00:00:00,
230.038,Verkehrsträger- und Mobilitätsmanagement,https://tiss.tuwien.ac.at/course/courseDetails.xhtml?courseNr=230038,,2026-08-31T00:00:00,2026-10-07T00:00:00,2026-10-14T00:00:00
230.039,Railway Engineering 2,https://tiss.tuwien.ac.at/course/courseDetails.xhtml?courseNr=230039,,2026-10-06T08:00:00,2027-02-03T23:59:00,2027-02-03T23:59:00
230.041,Road Design and Environmental Protection,https://tiss.tuwien.ac.at/course/courseDetails.xhtml?courseNr=230041,,2026-07-26T15:00:00,2026-11-10T15:00:00,2026-11-08T20:00:00
230.042,National and European Transport Policies,https://tiss.tuwien.ac.at/course/courseDetails.xhtml?courseNr=230042,,2026-09-21T00:00:00,2026-11-15T00:00:00,
230.043,Transport- und Siedlungswesen,https://tiss.tuwien.ac.at/course/courseDetails.xhtml?courseNr=230043,,2026-10-02T00:00:00,2026-11-13T00:00:00,
230.046,Road Engineering Lab Tutorial,https://tiss.tuwien.ac.at/course/courseDetails.xhtml?courseNr=230046,,2026-09-15T08:00:00,2026-10-16T20:00:00,2026-10-16T08:00:00
230.047,Seminar on master thesis,https://tiss.tuwien.ac.at/course/courseDetails.xhtml?courseNr=230047,,,,
230.048,Seminar on dissertation,https://tiss.tuwien.ac.at/course/courseDetails.xhtml?courseNr=230048,,,,
230.051,Master Seminar,https://tiss.tuwien.ac.at/course/courseDetails.xhtml?courseNr=230051,,,,
230.052,seminar for PhD students,https://tiss.tuwien.ac.at/course/courseDetails.xhtml?courseNr=230052,,,,
230.056,Applied system dynamics modelling in transport,https://tiss.tuwien.ac.at/course/courseDetails.xhtml?courseNr=230056,,2026-09-14T00:00:00,2026-10-12T12:00:00,2026-10-26T12:00:00
230.057,Interdisciplinary seminar sustainable mobility,https://tiss.tuwien.ac.at/course/courseDetails.xhtml?courseNr=230057,,2026-09-01T12:00:00,2026-10-12T14:00:00,2026-10-12T15:00:00
230.059,Privatissimum Pavement Engineering,https://tiss.tuwien.ac.at/course/courseDetails.xhtml?courseNr=230059,,,,
230.067,Human-centered railway engineering,https://tiss.tuwien.ac.at/course/courseDetails.xhtml?courseNr=230067,,2026-11-30T00:00:00,2026-12-11T23:55:00,
230.068,Application of computers in design and construction of traffic routes,https://tiss.tuwien.ac.at/course/courseDetails.xhtml?courseNr=230068,,2026-08-31T00:00:00,2026-10-30T12:00:00,2026-10-30T12:00:00
230.069,Infrastructure Fundamentals,https://tiss.tuwien.ac.at/course/courseDetails.xhtml?courseNr=230069,,,,
230.070,Barrier-free transportation planning in the public space,https://tiss.tuwien.ac.at/course/courseDetails.xhtml?courseNr=230070,https://tuwel.tuwien.ac.at/course/view.php?id=75849,2026-09-14T12:00:00,2026-10-31T18:00:00,
230.072,Training college on transport planning,https://tiss.tuwien.ac.at/course/courseDetails.xhtml?courseNr=230072,,,,
231.028,Methods and models in settlement and transport planning,https://tiss.tuwien.ac.at/course/courseDetails.xhtml?courseNr=231028,https://tuwel.tuwien.ac.at/course/view.php?id=76989,2026-09-02T00:00:00,2026-11-24T00:00:00,
231.039,Seminar on master thesis,https://tiss.tuwien.ac.at/course/courseDetails.xhtml?courseNr=231039,,,,
231.041,Research seminar for diploma thesis,https://tiss.tuwien.ac.at/course/courseDetails.xhtml?courseNr=231041,,,,
231.440,Spatial Planning,https://tiss.tuwien.ac.at/course/courseDetails.xhtml?courseNr=231440,,2026-09-18T09:00:00,2026-11-03T23:55:00,2026-11-03T23:55:00
232.005,High performance railway engineering,https://tiss.tuwien.ac.at/course/courseDetails.xhtml?courseNr=232005,,,,
232.010,Public transport,https://tiss.tuwien.ac.at/course/courseDetails.xhtml?courseNr=232010,,,,
232.016,Transport Economics,https://tiss.tuwien.ac.at/course/courseDetails.xhtml?courseNr=232016,,,,
232.029,Railway simulation,https://tiss.tuwien.ac.at/course/courseDetails.xhtml?courseNr=232029,,2026-09-13T08:00:00,2026-10-02T16:15:00,2026-10-13T23:59:00
232.032,Public transport,https://tiss.tuwien.ac.at/course/courseDetails.xhtml?courseNr=232032,,2026-10-03T08:00:00,2026-11-09T23:59:00,2026-11-09T23:59:00
232.038,Projectseminar Public Transport,https://tiss.tuwien.ac.at/course/courseDetails.xhtml?courseNr=232038,,2027-02-22T00:00:00,2027-02-22T23:59:00,2027-02-22T23:59:00
232.518,Railway engineering,https://tiss.tuwien.ac.at/course/courseDetails.xhtml?courseNr=232518,,2026-10-01T09:00:00,2026-11-02T23:59:00,2026-11-02T23:59:00
234.012,Cost Planning and Scheduling,https://tiss.tuwien.ac.at/course/courseDetails.xhtml?courseNr=234012,,,,
234.074,Tunnelling Construction Methods,https://tiss.tuwien.ac.at/course/courseDetails.xhtml?courseNr=234074,,2026-08-17T08:00:00,2026-10-06T18:00:00,2026-10-18T19:00:00
234.089,Safety and environment protection at building sites,https://tiss.tuwien.ac.at/course/courseDetails.xhtml?courseNr=234089,,2026-09-03T08:00:00,2026-10-15T19:00:00,2026-10-18T19:00:00
234.130,seminar for PhD students,https://tiss.tuwien.ac.at/course/courseDetails.xhtml?courseNr=234130,,,,
234.147,Projektarbeit Bauprozessmanagement - Baubetrieb und Bauverfahrenstechnik,https://tiss.tuwien.ac.at/course/courseDetails.xhtml?courseNr=234147,,,,
234.150,Construction company management and strategy,https://tiss.tuwien.ac.at/course/courseDetails.xhtml?courseNr=234150,,2026-09-21T10:00:00,2026-10-06T12:00:00,2026-10-11T12:00:00
234.151,Collaboration in the construction industry,https://tiss.tuwien.ac.at/course/courseDetails.xhtml?courseNr=234151,,2026-08-31T10:00:00,2026-12-01T08:00:00,2026-12-01T08:00:00
234.153,Methods of Building Construction and HVAC Basics,https://tiss.tuwien.ac.at/course/courseDetails.xhtml?courseNr=234153,,2026-09-01T08:00:00,2026-12-01T00:00:00,2026-12-06T00:00:00
234.159,Kalkulation und Kostenrechnung im Baubetrieb,https://tiss.tuwien.ac.at/course/courseDetails.xhtml?courseNr=234159,,2026-09-14T09:00:00,2026-10-05T23:59:00,2026-10-05T23:59:00
234.166,Management for Executives,https://tiss.tuwien.ac.at/course/courseDetails.xhtml?courseNr=234166,,2026-09-01T14:00:00,2027-01-29T23:59:00,
234.167,Public law in the construction industry,https://tiss.tuwien.ac.at/course/courseDetails.xhtml?courseNr=234167,,2026-08-31T08:00:00,2026-09-28T23:59:00,2026-09-28T23:59:00
234.986,Seminar with field trips to construction sites,https://tiss.tuwien.ac.at/course/courseDetails.xhtml?courseNr=234986,,2026-08-30T09:00:00,2027-01-21T12:00:00,
234.992,Developer and real estate industry,https://tiss.tuwien.ac.at/course/courseDetails.xhtml?courseNr=234992,,2026-10-02T09:00:00,2026-11-05T23:59:00,2026-11-05T23:59:00
234.994,Construction Economy and Project Management,https://tiss.tuwien.ac.at/course/courseDetails.xhtml?courseNr=234994,,,,
235.042,Risk assessment in civil engineering,https://tiss.tuwien.ac.at/course/courseDetails.xhtml?courseNr=235042,,2026-07-14T08:30:00,2026-10-25T22:59:00,2026-10-27T22:59:00
235.045,Building Processes and Economics,https://tiss.tuwien.ac.at/course/courseDetails.xhtml?courseNr=235045,https://tuwel.tuwien.ac.at/course/view.php?id=82741,,,
242.023,CAD in Civil Engineering,https://tiss.tuwien.ac.at/course/courseDetails.xhtml?courseNr=242023,,,,
242.026,Mediativ competence in Civil Engineering Practice 1,https://tiss.tuwien.ac.at/course/courseDetails.xhtml?courseNr=242026,,,,
242.031,Programming in Civil Engineering,https://tiss.tuwien.ac.at/course/courseDetails.xhtml?courseNr=242031,,2026-09-01T12:00:00,2026-10-30T12:00:00,2026-11-02T12:00:00
242.032,Projektarbeit Theorie und Simulation - Computerunterstützte Anwendungen im Bauingenieurwesen,https://tiss.tuwien.ac.at/course/courseDetails.xhtml?courseNr=242032,,,,
251.114,Introduction into Methods of Building Archeology,https://tiss.tuwien.ac.at/course/courseDetails.xhtml?courseNr=251114,,2026-10-01T07:30:00,2026-10-01T07:40:00,2026-10-01T07:40:00
251.142,Building History / Building Archaeology,https://tiss.tuwien.ac.at/course/courseDetails.xhtml?courseNr=251142,,2026-10-01T07:35:00,2026-10-01T07:45:00,2026-10-01T07:45:00
251.203,Building Future,https://tiss.tuwien.ac.at/course/courseDetails.xhtml?courseNr=251203,https://tuwel.tuwien.ac.at/course/view.php?id=82132,2026-08-18T10:00:00,2026-10-06T19:45:00,2026-10-29T10:00:00
251.206,Architectural history 3 : Comparative history of architecture,https://tiss.tuwien.ac.at/course/courseDetails.xhtml?courseNr=251206,,2026-09-03T00:00:00,2026-11-26T12:00:00,2026-12-11T23:59:00
251.208,Diploma Seminar - History of Architecture and Building Archaeology,https://tiss.tuwien.ac.at/course/courseDetails.xhtml?courseNr=251208,,2026-09-23T00:00:00,2027-01-30T00:00:00,
251.215,Werkstatt Kunstgeschichte,https://tiss.tuwien.ac.at/course/courseDetails.xhtml?courseNr=251215,,2026-09-14T08:00:00,,
251.216,Methods History of Art,https://tiss.tuwien.ac.at/course/courseDetails.xhtml?courseNr=251216,,2027-01-14T08:00:00,,
251.217,Seminar History of Art,https://tiss.tuwien.ac.at/course/courseDetails.xhtml?courseNr=251217,,2027-01-14T08:00:00,,
251.219,Forum History of Art,https://tiss.tuwien.ac.at/course/courseDetails.xhtml?courseNr=251219,,2026-09-29T08:00:00,,
251.222,Materialität u. Konstruktion i. d. Baudenkmalpflege,https://tiss.tuwien.ac.at/course/courseDetails.xhtml?courseNr=251222,https://tuwel.tuwien.ac.at/course/view.php?id=82340,,,
251.224,Historische Baumaterialien & Baukonstruktionen,https://tiss.tuwien.ac.at/course/courseDetails.xhtml?courseNr=251224,,2026-09-14T09:00:00,2026-09-16T23:59:00,2026-09-29T23:59:00
251.225,Statik historischer Baukonstruktionen & Baukonstruktive Analysen,https://tiss.tuwien.ac.at/course/courseDetails.xhtml?courseNr=251225,,2026-09-14T09:00:00,2026-09-16T23:59:00,2026-09-29T23:59:00
251.226,Naturwissenschaftliche Untersuchungsmethoden in der Baudenkmalpflege,https://tiss.tuwien.ac.at/course/courseDetails.xhtml?courseNr=251226,,2026-09-14T09:00:00,2026-09-16T23:59:00,2026-09-29T23:59:00
251.227,"(Wieder-) Verwendung von Material, Baustoffen und Bauteilrecycling",https://tiss.tuwien.ac.at/course/courseDetails.xhtml?courseNr=251227,,2026-09-14T09:00:00,2026-09-16T23:59:00,2026-09-29T23:59:00
251.232,Seminar for diploma student in the history of arts,https://tiss.tuwien.ac.at/course/courseDetails.xhtml?courseNr=251232,,,,
251.235,Themed Diploma - Earthen Constructions,https://tiss.tuwien.ac.at/course/courseDetails.xhtml?courseNr=251235,,2026-08-27T10:00:00,2026-10-27T10:00:00,2026-10-28T10:00:00
251.248,Seminar Bachelor Architectural Drawings,https://tiss.tuwien.ac.at/course/courseDetails.xhtml?courseNr=251248,,2026-09-14T09:00:00,2026-09-16T23:59:00,2026-09-29T12:00:00
251.252,Seminar for diploma candidates - Heritage conservation Haus Wittgenstein,https://tiss.tuwien.ac.at/course/courseDetails.xhtml?courseNr=251252,,2026-07-27T12:00:00,2026-09-02T12:00:00,
251.253,Media in Architecture,https://tiss.tuwien.ac.at/course/courseDetails.xhtml?courseNr=251253,,2026-10-05T08:00:00,2027-01-30T23:59:00,
251.254,Practice in Building Culture,https://tiss.tuwien.ac.at/course/courseDetails.xhtml?courseNr=251254,,2026-09-10T17:00:00,2026-10-07T12:00:00,2026-10-07T12:00:00
251.256,Heritage conservation and building renovation,https://tiss.tuwien.ac.at/course/courseDetails.xhtml?courseNr=251256,,2026-09-24T09:00:00,2026-10-06T18:00:00,2026-10-05T12:00:00
251.264,PhD Seminary History of Architecture,https://tiss.tuwien.ac.at/course/courseDetails.xhtml?courseNr=251264,,,,
251.268,Design Studio : Schloss Drosendorf Reloaded,https://tiss.tuwien.ac.at/course/courseDetails.xhtml?courseNr=251268,,,,
251.269,Design Studio Liebfrauenkirche Schwechat,https://tiss.tuwien.ac.at/course/courseDetails.xhtml?courseNr=251269,,,,
251.270,exile and emigration,https://tiss.tuwien.ac.at/course/courseDetails.xhtml?courseNr=251270,,2026-09-02T10:30:00,,
251.271,Technology for People,https://tiss.tuwien.ac.at/course/courseDetails.xhtml?courseNr=251271,,,,
251.272,Design Studio : Terra Ludens - an earthen play sculpture,https://tiss.tuwien.ac.at/course/courseDetails.xhtml?courseNr=251272,,,,
251.274,Architecture Documentation and Presentation / Hands On Project Funding,https://tiss.tuwien.ac.at/course/courseDetails.xhtml?courseNr=251274,,2026-08-18T12:00:00,2026-11-04T23:00:00,2026-11-04T23:00:00
251.275,Entwerfen | RESEARCH BUILT: The RUDOLFINUM – Transforming a Historic Student Residence,https://tiss.tuwien.ac.at/course/courseDetails.xhtml?courseNr=251275,,,,
251.276,Building for people | History of Knowledge :: Society Culture Architecture,https://tiss.tuwien.ac.at/course/courseDetails.xhtml?courseNr=251276,,,,
251.449,| Excursion. Architecture and the Rocky Landscape in Latium,https://tiss.tuwien.ac.at/course/courseDetails.xhtml?courseNr=251449,,,,
251.681,Practical course. Art history practicals in museums and collections,https://tiss.tuwien.ac.at/course/courseDetails.xhtml?courseNr=251681,,2026-09-28T08:00:00,2026-10-09T23:59:00,2026-10-09T23:59:00
251.691,Modul History of Architecture and Building Archaeology,https://tiss.tuwien.ac.at/course/courseDetails.xhtml?courseNr=251691,,,,
251.692,Module History of Art and Architecture,https://tiss.tuwien.ac.at/course/courseDetails.xhtml?courseNr=251692,,,,
251.694,Documentation and Analysis of Historical Architecture,https://tiss.tuwien.ac.at/course/courseDetails.xhtml?courseNr=251694,,2026-10-01T07:40:00,2026-10-01T07:50:00,2026-10-01T07:50:00
251.778,Excursion on Special Topics of Architecture (winter semester),https://tiss.tuwien.ac.at/course/courseDetails.xhtml?courseNr=251778,,2026-09-03T00:00:00,2026-10-12T23:00:00,2026-11-08T23:59:00
251.781,Excursion,https://tiss.tuwien.ac.at/course/courseDetails.xhtml?courseNr=251781,,2026-09-01T08:00:00,2026-10-02T23:59:00,2026-10-07T23:59:00
251.786,Excursion :: History of Architecture II,https://tiss.tuwien.ac.at/course/courseDetails.xhtml?courseNr=251786,,2026-10-07T09:00:00,2026-10-07T09:30:00,2026-10-07T10:00:00
251.818,Building History 3 : Austrian Architecture of the 19th and 20th century,https://tiss.tuwien.ac.at/course/courseDetails.xhtml?courseNr=251818,,2026-09-25T16:00:00,2026-10-30T22:00:00,
251.832,Design Studio Architectural Creation as Cultural Production,https://tiss.tuwien.ac.at/course/courseDetails.xhtml?courseNr=251832,,,,
251.852,Building for people | International Study Day: The Mausoleum of Theoderic – Construction. Society. Memoria.,https://tiss.tuwien.ac.at/course/courseDetails.xhtml?courseNr=251852,,2026-12-07T11:00:00,2027-01-26T18:00:00,2027-01-27T22:00:00
251.865,Introduction to scientific work – building archaeology,https://tiss.tuwien.ac.at/course/courseDetails.xhtml?courseNr=251865,,2026-10-01T10:00:00,,
251.866,Architektur- und Kunstgeschichte 1,https://tiss.tuwien.ac.at/course/courseDetails.xhtml?courseNr=251866,,2026-08-31T08:00:00,,
251.868,Baugeschichte 1,https://tiss.tuwien.ac.at/course/courseDetails.xhtml?courseNr=251868,,2026-09-04T09:00:00,2027-10-04T21:00:00,2027-10-04T09:00:00
251.870,Denkmalpflege,https://tiss.tuwien.ac.at/course/courseDetails.xhtml?courseNr=251870,,2026-09-15T13:00:00,2027-10-30T00:59:00,2027-10-30T00:59:00
251.871,Seminar Bachelor,https://tiss.tuwien.ac.at/course/courseDetails.xhtml?courseNr=251871,,,,
251.872,Seminar Bachelor,https://tiss.tuwien.ac.at/course/courseDetails.xhtml?courseNr=251872,,,,
251.874,Seminar Bachelor Case Studies: Architecture as Cultural Discourse,https://tiss.tuwien.ac.at/course/courseDetails.xhtml?courseNr=251874,,,,
251.883,Seminar Bachelor Monument + City,https://tiss.tuwien.ac.at/course/courseDetails.xhtml?courseNr=251883,,,,
251.901,Learning in Educational Institutions,https://tiss.tuwien.ac.at/course/courseDetails.xhtml?courseNr=251901,,2026-08-31T09:00:00,2026-09-30T09:00:00,2026-10-08T18:00:00
251.903,Seminar Bachelor Architecture as an Expression of Political Tendencies,https://tiss.tuwien.ac.at/course/courseDetails.xhtml?courseNr=251903,,,,
251.917,Architectural documentation and presentation | History of Knowledge :: Society Culture Architectur,https://tiss.tuwien.ac.at/course/courseDetails.xhtml?courseNr=251917,,2026-09-14T12:00:00,2026-09-28T23:59:00,2026-10-05T12:00:00
251.922,"Conferences: conception, implementation, documentation - Cultural Heritage",https://tiss.tuwien.ac.at/course/courseDetails.xhtml?courseNr=251922,,2026-09-22T12:00:00,2026-10-01T12:00:00,2026-10-14T12:00:00
251.938,Seminar Bachelor History of Architecture,https://tiss.tuwien.ac.at/course/courseDetails.xhtml?courseNr=251938,,,,
,,https://tiss.tuwien.ac.at/course/courseDetails.xhtml?courseNr=253,,,,
253.062,Building Technology,https://tiss.tuwien.ac.at/course/courseDetails.xhtml?courseNr=253062,,2026-10-07T12:00:00,2026-10-23T12:00:00,
253.161,Seminar Bachelor Design and Building Economy,https://tiss.tuwien.ac.at/course/courseDetails.xhtml?courseNr=253161,,2026-09-14T09:00:00,2026-09-16T23:59:00,2026-09-29T12:00:00
253.351,Space and Shape,https://tiss.tuwien.ac.at/course/courseDetails.xhtml?courseNr=253351,,2026-09-14T09:00:00,2026-09-16T23:59:00,2026-09-29T12:00:00
253.353,Polytope,https://tiss.tuwien.ac.at/course/courseDetails.xhtml?courseNr=253353,,2026-09-14T09:00:00,2026-09-16T23:59:00,2026-09-29T12:00:00
253.354,Experiencing material,https://tiss.tuwien.ac.at/course/courseDetails.xhtml?courseNr=253354,,2026-09-14T09:00:00,2026-09-16T23:59:00,2026-09-29T12:00:00
253.355,Seeing Light,https://tiss.tuwien.ac.at/course/courseDetails.xhtml?courseNr=253355,,2026-09-14T09:00:00,2026-09-16T23:59:00,2026-09-29T12:00:00
253.356,Spatial strategies,https://tiss.tuwien.ac.at/course/courseDetails.xhtml?courseNr=253356,,2026-09-14T09:00:00,2026-09-16T23:59:00,2026-09-29T12:00:00
253.360,Spatial experiments,https://tiss.tuwien.ac.at/course/courseDetails.xhtml?courseNr=253360,,2026-09-14T09:00:00,2026-09-16T23:59:00,2026-10-13T12:00:00
253.361,Seeing Light,https://tiss.tuwien.ac.at/course/courseDetails.xhtml?courseNr=253361,,2026-09-14T09:00:00,2026-09-16T23:59:00,2026-10-13T12:00:00
253.362,Spatial strategies,https://tiss.tuwien.ac.at/course/courseDetails.xhtml?courseNr=253362,,2026-09-14T09:00:00,2026-09-16T23:59:00,2026-10-13T12:00:00
253.364,Module Spatial Design,https://tiss.tuwien.ac.at/course/courseDetails.xhtml?courseNr=253364,,,,
253.365,Excursion Spatial Design,https://tiss.tuwien.ac.at/course/courseDetails.xhtml?courseNr=253365,,2026-09-24T14:00:00,2026-11-30T09:00:00,2026-10-13T12:00:00
253.366,Modul Emerging Fields in Architecture,https://tiss.tuwien.ac.at/course/courseDetails.xhtml?courseNr=253366,,,,
253.367,Logic of discovery: From fiction to architecture,https://tiss.tuwien.ac.at/course/courseDetails.xhtml?courseNr=253367,,2026-09-02T09:00:00,2026-10-02T09:00:00,
253.368,Emerging materials and technologies,https://tiss.tuwien.ac.at/course/courseDetails.xhtml?courseNr=253368,,2026-09-02T09:00:00,2026-10-02T09:00:00,
253.369,Extreme architecture,https://tiss.tuwien.ac.at/course/courseDetails.xhtml?courseNr=253369,,2026-09-21T09:00:00,2026-09-30T16:00:00,2026-09-30T16:00:00
253.370,Adaptive architecture,https://tiss.tuwien.ac.at/course/courseDetails.xhtml?courseNr=253370,,2026-09-02T09:00:00,2026-10-02T09:00:00,
253.371,Synthesis emerging fields,https://tiss.tuwien.ac.at/course/courseDetails.xhtml?courseNr=253371,,2026-09-02T10:00:00,2026-10-02T10:00:00,
253.373,HB2-Materialdatenbank,https://tiss.tuwien.ac.at/course/courseDetails.xhtml?courseNr=253373,,2026-09-07T12:00:00,2026-10-12T12:00:00,2026-10-12T23:59:00
253.381,Modul Housing,https://tiss.tuwien.ac.at/course/courseDetails.xhtml?courseNr=253381,,,,
253.456,Intelligent Materials in Asian context,https://tiss.tuwien.ac.at/course/courseDetails.xhtml?courseNr=253456,,2026-09-07T08:00:00,2026-10-28T23:53:00,2026-11-01T23:53:00
253.457,Experimental membrane structures,https://tiss.tuwien.ac.at/course/courseDetails.xhtml?courseNr=253457,https://tuwel.tuwien.ac.at/course/view.php?id=80745,2026-02-18T14:00:00,2026-03-10T12:00:00,
253.458,Practice unit experimental membrane structures,https://tiss.tuwien.ac.at/course/courseDetails.xhtml?courseNr=253458,,2026-02-18T14:00:00,2026-03-10T09:00:00,
253.498,PR for architects,https://tiss.tuwien.ac.at/course/courseDetails.xhtml?courseNr=253498,,2026-09-17T08:00:00,2026-09-30T09:00:00,2026-09-30T10:00:00
253.499,PR for architects,https://tiss.tuwien.ac.at/course/courseDetails.xhtml?courseNr=253499,,2026-09-17T08:00:00,2026-09-30T09:00:00,2026-09-30T10:00:00
258.032,Architectural Model Making,https://tiss.tuwien.ac.at/course/courseDetails.xhtml?courseNr=258032,,,,
258.033,Photography for designers I,https://tiss.tuwien.ac.at/course/courseDetails.xhtml?courseNr=258033,,,,
259.011,Fundamentals of Scientific Research,https://tiss.tuwien.ac.at/course/courseDetails.xhtml?courseNr=259011,https://tuwel.tuwien.ac.at/course/view.php?id=82403,2026-08-31T00:01:00,,
259.012,Current Topics,https://tiss.tuwien.ac.at/course/courseDetails.xhtml?courseNr=259012,,,,
259.013,Mathematics and Physics,https://tiss.tuwien.ac.at/course/courseDetails.xhtml?courseNr=259013,,,,
259.014,Instruments and Scientific Writing,https://tiss.tuwien.ac.at/course/courseDetails.xhtml?courseNr=259014,,2026-10-07T00:01:00,2026-10-20T23:59:00,2026-10-20T23:59:00
259.015,Evidence-Based Design Support,https://tiss.tuwien.ac.at/course/courseDetails.xhtml?courseNr=259015,,2026-09-23T08:00:00,2026-10-18T20:00:00,
259.018,Gender Aspects of Building Sciences and Environment,https://tiss.tuwien.ac.at/course/courseDetails.xhtml?courseNr=259018,,2026-09-14T00:01:00,2026-10-19T23:59:00,2026-10-26T16:00:00
259.019,Fundamentals of Building Physics and Performance Assessment,https://tiss.tuwien.ac.at/course/courseDetails.xhtml?courseNr=259019,,2026-09-21T00:01:00,2026-10-11T23:59:00,2026-10-11T23:59:00
259.020,Fundamentals of Algorithmic Design,https://tiss.tuwien.ac.at/course/courseDetails.xhtml?courseNr=259020,,2026-09-23T00:01:00,2026-10-19T23:59:00,2026-10-19T23:59:00
259.021,Fundamentals of Utilizing Data Sources,https://tiss.tuwien.ac.at/course/courseDetails.xhtml?courseNr=259021,,2026-09-23T00:01:00,2026-10-19T23:59:00,2026-10-19T23:59:00
259.024,Evidence-informed Design,https://tiss.tuwien.ac.at/course/courseDetails.xhtml?courseNr=259024,,2026-09-04T08:00:00,2026-10-05T17:00:00,
259.036,Building Materials and Mechanics of Structural Design: Systems and Optimization,https://tiss.tuwien.ac.at/course/courseDetails.xhtml?courseNr=259036,,2026-09-23T00:01:00,2026-10-19T23:59:00,2026-10-19T23:59:00
259.037,Introduction to Reliability Theory of Constructions,https://tiss.tuwien.ac.at/course/courseDetails.xhtml?courseNr=259037,,2026-09-23T00:01:00,,
259.044,Modul planning- and construction management,https://tiss.tuwien.ac.at/course/courseDetails.xhtml?courseNr=259044,,,,
259.045,Iterative architecture planning,https://tiss.tuwien.ac.at/course/courseDetails.xhtml?courseNr=259045,,2026-09-07T09:00:00,2026-09-17T23:59:00,2026-09-17T23:59:00
259.046,Iterative architecture planning,https://tiss.tuwien.ac.at/course/courseDetails.xhtml?courseNr=259046,,2026-09-07T09:00:00,2026-09-17T23:59:00,2026-09-17T23:59:00
259.047,Processes and controling of complex architectural projects,https://tiss.tuwien.ac.at/course/courseDetails.xhtml?courseNr=259047,,2026-09-07T09:00:00,2026-09-17T23:59:00,2026-09-17T23:59:00
259.048,Calculation of construction prices,https://tiss.tuwien.ac.at/course/courseDetails.xhtml?courseNr=259048,,2026-09-07T09:00:00,2026-10-04T23:55:00,2026-10-09T23:55:00
259.049,Projectmanagement of complex projects,https://tiss.tuwien.ac.at/course/courseDetails.xhtml?courseNr=259049,,2026-09-07T09:00:00,2026-10-04T23:55:00,2026-10-09T23:55:00
259.051,Scheduling and cost planning,https://tiss.tuwien.ac.at/course/courseDetails.xhtml?courseNr=259051,,2026-09-07T09:00:00,2026-10-04T23:55:00,2026-10-09T23:55:00
259.074,Project Courese,https://tiss.tuwien.ac.at/course/courseDetails.xhtml?courseNr=259074,,,,
259.075,Data-integrated Algorithmic Design Processes II,https://tiss.tuwien.ac.at/course/courseDetails.xhtml?courseNr=259075,,2026-10-06T12:00:00,2026-10-15T23:59:00,2026-10-15T23:59:00
259.076,Algorithmic Evolutionary Design and Multi-criteria Evolutionary Optimization II,https://tiss.tuwien.ac.at/course/courseDetails.xhtml?courseNr=259076,,2026-10-06T12:00:00,2026-10-15T23:59:00,2026-10-15T23:59:00
259.077,Diploma seminar - Structural design and timber engineering,https://tiss.tuwien.ac.at/course/courseDetails.xhtml?courseNr=259077,,,,
259.078,Building Monitoring and Diagnostics,https://tiss.tuwien.ac.at/course/courseDetails.xhtml?courseNr=259078,,2026-09-03T12:00:00,2026-10-04T23:59:00,2026-10-20T12:00:00
259.081,Diplomseminar - Digitale Architektur und Raumplanung,https://tiss.tuwien.ac.at/course/courseDetails.xhtml?courseNr=259081,,2026-08-03T14:00:00,2026-08-03T15:00:00,2026-08-03T15:30:00
259.084,Diversity Aspects of Building Sciences and Environment,https://tiss.tuwien.ac.at/course/courseDetails.xhtml?courseNr=259084,,2026-08-31T00:00:00,2026-10-17T00:00:00,2026-10-17T00:00:00
259.090,Seminar Bachelor Current Topics in Building Physics,https://tiss.tuwien.ac.at/course/courseDetails.xhtml?courseNr=259090,,,,
259.091,Vergabewesen und Vertragsrecht (Modul: Planungs- und Baumanagement - Master Architektur),https://tiss.tuwien.ac.at/course/courseDetails.xhtml?courseNr=259091,,2026-09-10T09:00:00,,
259.097,Diplomseminar - Building Physics and Building Ecoloigy,https://tiss.tuwien.ac.at/course/courseDetails.xhtml?courseNr=259097,,,,
259.109,Design for Reuse :: Reuse for Design,https://tiss.tuwien.ac.at/course/courseDetails.xhtml?courseNr=259109,,2027-02-12T23:55:00,2027-02-16T23:55:00,2027-02-16T23:56:00
259.110,Resource Efficient Design,https://tiss.tuwien.ac.at/course/courseDetails.xhtml?courseNr=259110,,,,
259.113,Resource Efficient Design,https://tiss.tuwien.ac.at/course/courseDetails.xhtml?courseNr=259113,,,,
259.146,Guided Reading Building Science,https://tiss.tuwien.ac.at/course/courseDetails.xhtml?courseNr=259146,,2026-10-28T18:00:00,2026-11-21T00:00:00,2026-11-17T12:00:00
259.148,Foundations of AI for Architects,https://tiss.tuwien.ac.at/course/courseDetails.xhtml?courseNr=259148,,,,
259.151,LLM Vibe‑Coding Studio,https://tiss.tuwien.ac.at/course/courseDetails.xhtml?courseNr=259151,,,,
259.152,Generative Geometries Lab,https://tiss.tuwien.ac.at/course/courseDetails.xhtml?courseNr=259152,,,,
259.153,Post‑Human Aesthetics & Synthetic Agency,https://tiss.tuwien.ac.at/course/courseDetails.xhtml?courseNr=259153,,,,
259.167,"Small Studio ""Storyteller Places""",https://tiss.tuwien.ac.at/course/courseDetails.xhtml?courseNr=259167,,,,
259.170,Sondermodul AI & Architecture: From Foundations to Post-human Speculation,https://tiss.tuwien.ac.at/course/courseDetails.xhtml?courseNr=259170,,,,
259.172,Design Studio Design for Adaptation 2: The Responsive Pavilion,https://tiss.tuwien.ac.at/course/courseDetails.xhtml?courseNr=259172,,,,
259.173,"Design Studio ""The Universe also uses this Algorithm:  Recursion, Subdisivision, Self-Similarity from the Cosmos to the City""",https://tiss.tuwien.ac.at/course/courseDetails.xhtml?courseNr=259173,,,,
259.174,"Design Studio ""re-Using*5 - interdisziplinärer Planungsprozess"" gekoppelt mit 259.175 Stegreifentwerfen ""re-Using*5 - interdisziplinärer Planungsprozess - Konstruktion""",https://tiss.tuwien.ac.at/course/courseDetails.xhtml?courseNr=259174,,,,
259.175,"""re-Using*5 - interdisziplinärer Planungsprozess - Konstruktion"" gekoppelt mit 259.174 großes Entwerfen ""re-Using*5 - interdisziplinärer Planungsprozess""",https://tiss.tuwien.ac.at/course/courseDetails.xhtml?courseNr=259175,,,,
259.176,PhD Seminar,https://tiss.tuwien.ac.at/course/courseDetails.xhtml?courseNr=259176,,,,
259.177,Excursion Athens,https://tiss.tuwien.ac.at/course/courseDetails.xhtml?courseNr=259177,,,,
259.278,Show,https://tiss.tuwien.ac.at/course/courseDetails.xhtml?courseNr=259278,,2026-09-14T00:00:00,2026-09-25T00:00:00,2026-10-12T00:00:00
259.332,Modul Meta - Architecture,https://tiss.tuwien.ac.at/course/courseDetails.xhtml?courseNr=259332,,,,
259.445,Elements of Building Construction,https://tiss.tuwien.ac.at/course/courseDetails.xhtml?courseNr=259445,,,,
259.446,Science and the quest for knowledge,https://tiss.tuwien.ac.at/course/courseDetails.xhtml?courseNr=259446,,2026-09-21T00:01:00,2027-02-14T23:59:00,2027-01-10T23:59:00
259.466,diploma seminar,https://tiss.tuwien.ac.at/course/courseDetails.xhtml?courseNr=259466,,,,
259.476,Projektarbeit Tragwerke - Resource Efficient Structural Design and Timber Engineering,https://tiss.tuwien.ac.at/course/courseDetails.xhtml?courseNr=259476,,2026-09-18T00:00:00,2026-11-22T23:59:00,2026-11-22T23:59:00
259.492,Seminar for PhD Students,https://tiss.tuwien.ac.at/course/courseDetails.xhtml?courseNr=259492,,,,
259.501,Substitute,https://tiss.tuwien.ac.at/course/courseDetails.xhtml?courseNr=259501,,2026-09-14T08:00:00,2026-09-25T23:59:00,2026-10-12T23:59:00
259.502,Act,https://tiss.tuwien.ac.at/course/courseDetails.xhtml?courseNr=259502,,2026-09-14T00:00:00,2026-10-29T00:00:00,2026-10-12T00:00:00
259.509,Talk,https://tiss.tuwien.ac.at/course/courseDetails.xhtml?courseNr=259509,,2026-09-14T00:00:00,2026-09-25T00:00:00,2026-10-12T00:00:00
259.597,Architekturtheorie 1,https://tiss.tuwien.ac.at/course/courseDetails.xhtml?courseNr=259597,,2026-09-12T00:01:00,2026-10-18T23:59:00,2027-02-01T23:59:00
259.599,Technischer Ausbau,https://tiss.tuwien.ac.at/course/courseDetails.xhtml?courseNr=259599,,2026-09-10T12:00:00,,2026-12-25T12:00:00
259.600,Tragwerkslehre und Materialkunde 1,https://tiss.tuwien.ac.at/course/courseDetails.xhtml?courseNr=259600,,,,
259.603,Tragsysteme 2 - Optimierung,https://tiss.tuwien.ac.at/course/courseDetails.xhtml?courseNr=259603,,,,
259.605,Digitale Darstellungsmethoden 2,https://tiss.tuwien.ac.at/course/courseDetails.xhtml?courseNr=259605,,2026-09-22T10:00:00,2026-09-22T10:01:00,2026-09-22T10:01:00
259.607,Computer Aided Design,https://tiss.tuwien.ac.at/course/courseDetails.xhtml?courseNr=259607,,,,
259.609,Image Manipulation,https://tiss.tuwien.ac.at/course/courseDetails.xhtml?courseNr=259609,,,,
259.610,3D Visualization,https://tiss.tuwien.ac.at/course/courseDetails.xhtml?courseNr=259610,,,,
259.611,Seminar Bachelor Digitale Architektur und Raumplanung,https://tiss.tuwien.ac.at/course/courseDetails.xhtml?courseNr=259611,,,,
259.619,CAAD and Geometry,https://tiss.tuwien.ac.at/course/courseDetails.xhtml?courseNr=259619,,2026-09-17T00:00:00,2027-04-05T00:00:00,2027-04-05T00:00:00
259.631,Tutorium Tragwerkslehre 1,https://tiss.tuwien.ac.at/course/courseDetails.xhtml?courseNr=259631,,,,
259.632,Parametric structural design 1,https://tiss.tuwien.ac.at/course/courseDetails.xhtml?courseNr=259632,,,,
259.634,Architecture and Structural Design,https://tiss.tuwien.ac.at/course/courseDetails.xhtml?courseNr=259634,,,,
259.635,Structural Complexity and Design Methodologies,https://tiss.tuwien.ac.at/course/courseDetails.xhtml?courseNr=259635,,,,
259.636,Parametric Structural Design and Optimization Processes,https://tiss.tuwien.ac.at/course/courseDetails.xhtml?courseNr=259636,,,,
259.637,Contemporary Structural Design and Fabrication,https://tiss.tuwien.ac.at/course/courseDetails.xhtml?courseNr=259637,,,,
259.639,Digital and Analog Fabrication Processes,https://tiss.tuwien.ac.at/course/courseDetails.xhtml?courseNr=259639,,,,
259.640,Logics of Structures,https://tiss.tuwien.ac.at/course/courseDetails.xhtml?courseNr=259640,,,,
259.642,Nature-inspired Structures,https://tiss.tuwien.ac.at/course/courseDetails.xhtml?courseNr=259642,,,,
259.643,Agentenbasierte räumliche Simulation und Visualisierung,https://tiss.tuwien.ac.at/course/courseDetails.xhtml?courseNr=259643,,2026-09-03T12:00:00,2026-09-20T12:00:00,2026-09-20T12:00:00
259.646,Recent Research in the field of Ecology,https://tiss.tuwien.ac.at/course/courseDetails.xhtml?courseNr=259646,,2026-10-02T00:01:00,2028-01-01T23:59:00,2028-01-01T23:59:00
259.647,Seminar Bachelor Building Physics and Building Ecolog,https://tiss.tuwien.ac.at/course/courseDetails.xhtml?courseNr=259647,,2026-09-19T09:00:00,2026-09-22T13:00:00,2026-09-30T09:00:00
259.648,Seminar Bachelor Universal Seminar,https://tiss.tuwien.ac.at/course/courseDetails.xhtml?courseNr=259648,,2026-09-19T09:00:00,2026-09-22T13:00:00,2026-09-30T09:00:00
259.650,Seminar Bachelor Topos in architectural theory,https://tiss.tuwien.ac.at/course/courseDetails.xhtml?courseNr=259650,,,,
259.659,Building Physics UE - accompaning to 259.606,https://tiss.tuwien.ac.at/course/courseDetails.xhtml?courseNr=259659,,2026-10-07T23:59:00,2027-02-21T23:59:00,2027-02-21T23:59:00
259.663,Introduction to scientific research - Online VO,https://tiss.tuwien.ac.at/course/courseDetails.xhtml?courseNr=259663,,,,
259.664,Building Physics - Studio - Consultancy,https://tiss.tuwien.ac.at/course/courseDetails.xhtml?courseNr=259664,,2026-08-30T00:01:00,,
259.671,Seminar Bachelor Architekturtheorie,https://tiss.tuwien.ac.at/course/courseDetails.xhtml?courseNr=259671,,,,
259.677,Structural design - Materialspecific structural design with wood-based materials,https://tiss.tuwien.ac.at/course/courseDetails.xhtml?courseNr=259677,,,,
259.682,Design Studio Circular Wood in the City,https://tiss.tuwien.ac.at/course/courseDetails.xhtml?courseNr=259682,,,,
259.698,Fundamentals of AEC-Knowledge (what every student should know),https://tiss.tuwien.ac.at/course/courseDetails.xhtml?courseNr=259698,,,,
,,https://tiss.tuwien.ac.at/course/courseDetails.xhtml?courseNr=260,,,,
260.142,Basic Skills dealing with organizations – Essential knowledge of management and organizational psychology,https://tiss.tuwien.ac.at/course/courseDetails.xhtml?courseNr=260142,,2026-08-31T00:00:00,2026-10-04T00:00:00,2026-10-04T00:00:00
260.300,Business Administration Fundamentals for Real Estate Development,https://tiss.tuwien.ac.at/course/courseDetails.xhtml?courseNr=260300,,2026-09-10T08:00:00,2027-03-18T14:00:00,2027-03-18T23:59:00
260.658,Urban Developement,https://tiss.tuwien.ac.at/course/courseDetails.xhtml?courseNr=260658,,,,
260.659,Landschaftsarchitektur SPECIAL GROUP WS,https://tiss.tuwien.ac.at/course/courseDetails.xhtml?courseNr=260659,,2026-08-31T23:00:00,2026-09-01T23:00:00,
260.661,Landscape- and Environmental Planning,https://tiss.tuwien.ac.at/course/courseDetails.xhtml?courseNr=260661,,2026-09-16T10:00:00,2027-01-25T10:00:00,2027-01-25T10:00:00
260.698,Real Estate Development,https://tiss.tuwien.ac.at/course/courseDetails.xhtml?courseNr=260698,,2026-09-14T09:00:00,2026-09-17T23:59:00,2026-09-17T23:59:00
260.699,Real Estate Development,https://tiss.tuwien.ac.at/course/courseDetails.xhtml?courseNr=260699,,2026-09-10T09:00:00,2026-09-13T13:59:00,2026-09-20T13:59:00
260.701,Real Estate Development,https://tiss.tuwien.ac.at/course/courseDetails.xhtml?courseNr=260701,,2026-09-10T09:00:00,2026-09-13T23:59:00,2026-09-20T23:59:00
260.702,Real Estate Development,https://tiss.tuwien.ac.at/course/courseDetails.xhtml?courseNr=260702,,2026-09-03T12:00:00,2026-09-22T12:00:00,2026-09-27T12:00:00
260.705,Introduction to Real Estate Economics,https://tiss.tuwien.ac.at/course/courseDetails.xhtml?courseNr=260705,,2026-09-14T09:00:00,2026-09-17T13:24:00,
260.706,Module Real Estate Development and Economics,https://tiss.tuwien.ac.at/course/courseDetails.xhtml?courseNr=260706,,,,
260.763,Modul Urban Design in Southeast Europe,https://tiss.tuwien.ac.at/course/courseDetails.xhtml?courseNr=260763,,,,
260.764,Instruments for Urban Development in Central and South-East-Europe,https://tiss.tuwien.ac.at/course/courseDetails.xhtml?courseNr=260764,,,,
260.765,Seeing Space,https://tiss.tuwien.ac.at/course/courseDetails.xhtml?courseNr=260765,,,,
260.767,Lecture Series,https://tiss.tuwien.ac.at/course/courseDetails.xhtml?courseNr=260767,,,,
260.768,Space and Society in Time: Planning Culture in Transition,https://tiss.tuwien.ac.at/course/courseDetails.xhtml?courseNr=260768,,,,
260.823,Historic Gardens,https://tiss.tuwien.ac.at/course/courseDetails.xhtml?courseNr=260823,,2026-09-21T08:00:00,2026-10-05T23:00:00,
260.897,Diploma seminar urban design,https://tiss.tuwien.ac.at/course/courseDetails.xhtml?courseNr=260897,,2026-10-06T12:00:00,2026-10-07T12:00:00,2026-10-07T12:00:00
260.915,Excursion Urban Design,https://tiss.tuwien.ac.at/course/courseDetails.xhtml?courseNr=260915,,2026-08-11T20:00:00,2026-10-02T23:59:00,
264.031,Architectural Model Making II,https://tiss.tuwien.ac.at/course/courseDetails.xhtml?courseNr=264031,,,,
264.068,field trip around themes and places of contemporary art production,https://tiss.tuwien.ac.at/course/courseDetails.xhtml?courseNr=264068,,2026-08-30T18:00:00,2026-09-18T23:59:00,
264.093,Contemporary Culture,https://tiss.tuwien.ac.at/course/courseDetails.xhtml?courseNr=264093,,,,
264.094,Urban Visual Culture,https://tiss.tuwien.ac.at/course/courseDetails.xhtml?courseNr=264094,,2026-10-01T00:00:00,,
264.095,New Models of Culture and Art Production,https://tiss.tuwien.ac.at/course/courseDetails.xhtml?courseNr=264095,,2026-10-01T00:00:00,,
264.096,Applied Cultural Theory,https://tiss.tuwien.ac.at/course/courseDetails.xhtml?courseNr=264096,,2026-10-01T00:00:00,,
264.097,Regimes of the Visual,https://tiss.tuwien.ac.at/course/courseDetails.xhtml?courseNr=264097,,2026-10-01T00:00:00,,
264.098,Visual Culture Module,https://tiss.tuwien.ac.at/course/courseDetails.xhtml?courseNr=264098,,,,
264.101,Constructional and spatial freehand drawing 1,https://tiss.tuwien.ac.at/course/courseDetails.xhtml?courseNr=264101,,2026-08-31T00:00:00,,
264.107,communication in time- and web- based media,https://tiss.tuwien.ac.at/course/courseDetails.xhtml?courseNr=264107,,,,
264.109,Datas and Information,https://tiss.tuwien.ac.at/course/courseDetails.xhtml?courseNr=264109,,,,
264.122,Subjective Space / Spatial Utopia,https://tiss.tuwien.ac.at/course/courseDetails.xhtml?courseNr=264122,,2026-09-18T08:00:00,2026-10-08T23:55:00,2026-10-22T23:55:00
264.124,Freehand Drawing 1,https://tiss.tuwien.ac.at/course/courseDetails.xhtml?courseNr=264124,,2026-09-17T10:00:00,2026-10-15T15:30:00,
264.132,visual strategies in architectural presentation,https://tiss.tuwien.ac.at/course/courseDetails.xhtml?courseNr=264132,,,,
264.179,open artistic concept and practice - urban matters,https://tiss.tuwien.ac.at/course/courseDetails.xhtml?courseNr=264179,,2026-09-16T00:01:00,2026-10-11T22:59:00,
264.191,Social Learning in Ongoing Creative Processes,https://tiss.tuwien.ac.at/course/courseDetails.xhtml?courseNr=264191,,2026-09-14T09:00:00,2026-10-08T12:00:00,2026-10-08T12:00:00
264.213,Short Design Studio Assembling Lines,https://tiss.tuwien.ac.at/course/courseDetails.xhtml?courseNr=264213,,,,
264.218,Three-dimensional design,https://tiss.tuwien.ac.at/course/courseDetails.xhtml?courseNr=264218,,,,
264.219,Zeichnen und Visuelle Sprachen 1,https://tiss.tuwien.ac.at/course/courseDetails.xhtml?courseNr=264219,,,,
264.222,Seminar Bachelor Art and Design 2,https://tiss.tuwien.ac.at/course/courseDetails.xhtml?courseNr=264222,,,,
264.224,Seminar Bachelor Art and Cultural Theory,https://tiss.tuwien.ac.at/course/courseDetails.xhtml?courseNr=264224,,,,
264.225,Seminar Bachelor Art and Design,https://tiss.tuwien.ac.at/course/courseDetails.xhtml?courseNr=264225,,,,
264.236,Art as Architectural Concept,https://tiss.tuwien.ac.at/course/courseDetails.xhtml?courseNr=264236,,,,
264.237,Architectures of the Everyday,https://tiss.tuwien.ac.at/course/courseDetails.xhtml?courseNr=264237,,,,
264.252,Introduction Prefab-Lab / Workshop License,https://tiss.tuwien.ac.at/course/courseDetails.xhtml?courseNr=264252,,,,
264.255,Artistic Project M,https://tiss.tuwien.ac.at/course/courseDetails.xhtml?courseNr=264255,,,,
264.261,Negotiation Skills,https://tiss.tuwien.ac.at/course/courseDetails.xhtml?courseNr=264261,,2026-09-07T09:00:00,2026-09-30T23:59:00,2026-10-06T09:00:00
264.269,In-depth Seminar Architecture Sociology,https://tiss.tuwien.ac.at/course/courseDetails.xhtml?courseNr=264269,,2026-09-28T00:00:00,2026-10-08T23:59:00,
264.270,Diplomseminar - Visuelle Kultur,https://tiss.tuwien.ac.at/course/courseDetails.xhtml?courseNr=264270,,,,
264.271,Diplomseminar Drawing and Visual Languages,https://tiss.tuwien.ac.at/course/courseDetails.xhtml?courseNr=264271,,2026-09-07T09:00:00,2026-09-30T23:59:00,
264.280,Diplomseminar - Three-Dimensional Design,https://tiss.tuwien.ac.at/course/courseDetails.xhtml?courseNr=264280,,,,
264.289,Artistic Project Z / Walks (Erasmus+/Lyon-Belgrade-Vienna),https://tiss.tuwien.ac.at/course/courseDetails.xhtml?courseNr=264289,,,,
264.290,Tracing Potentials,https://tiss.tuwien.ac.at/course/courseDetails.xhtml?courseNr=264290,https://tuwel.tuwien.ac.at/course/view.php?id=83581,2026-08-03T10:00:00,2026-09-11T11:00:00,
264.291,Stegreifentwerfen HOPE exhibition design,https://tiss.tuwien.ac.at/course/courseDetails.xhtml?courseNr=264291,,,,
264.292,Artistic Project SchlossTeatr - Happening 2,https://tiss.tuwien.ac.at/course/courseDetails.xhtml?courseNr=264292,,,,
265.003,Private Law,https://tiss.tuwien.ac.at/course/courseDetails.xhtml?courseNr=265003,,2026-09-01T08:00:00,2026-10-14T23:59:00,2026-10-14T23:59:00
265.076,Contract and liability law,https://tiss.tuwien.ac.at/course/courseDetails.xhtml?courseNr=265076,,2026-09-14T10:00:00,2026-10-15T12:00:00,2026-10-15T12:00:00
265.980,Exercises in Constitutional law and administrative law,https://tiss.tuwien.ac.at/course/courseDetails.xhtml?courseNr=265980,,,,
,,https://tiss.tuwien.ac.at/course/courseDetails.xhtml?courseNr=280,,,,
280.081,Constitutional and Administrative Law,https://tiss.tuwien.ac.at/course/courseDetails.xhtml?courseNr=280081,https://tuwel.tuwien.ac.at/course/view.php?id=78909,2026-02-13T10:00:00,2026-04-29T23:59:00,2026-04-29T23:59:00
280.107,E-Govement and Information systems of the public sector,https://tiss.tuwien.ac.at/course/courseDetails.xhtml?courseNr=280107,,2026-07-04T00:00:00,2026-10-16T12:00:00,2026-10-19T12:00:00
280.108,E-Government and information systems of the public sector,https://tiss.tuwien.ac.at/course/courseDetails.xhtml?courseNr=280108,,2026-07-29T00:00:00,2026-10-16T16:00:00,2026-10-19T12:00:00
280.113,Bachelor Thesis,https://tiss.tuwien.ac.at/course/courseDetails.xhtml?courseNr=280113,,2026-08-06T00:00:00,2026-10-11T23:00:00,2026-10-11T23:00:00
280.118,Advanced Aspects of IT-Law,https://tiss.tuwien.ac.at/course/courseDetails.xhtml?courseNr=280118,,2026-09-07T00:00:00,2026-10-13T23:59:00,2026-10-13T23:59:00
280.169,Bachelor thesis in informatics and business informatics,https://tiss.tuwien.ac.at/course/courseDetails.xhtml?courseNr=280169,,2026-09-15T00:00:00,2026-10-14T23:59:00,2026-10-14T23:59:00
280.239,Law of IT-Contracts,https://tiss.tuwien.ac.at/course/courseDetails.xhtml?courseNr=280239,,2026-09-03T00:00:00,2026-11-24T23:59:00,2026-11-24T23:59:00
280.332,PhD Seminar - Spatial Research Lab,https://tiss.tuwien.ac.at/course/courseDetails.xhtml?courseNr=280332,,,,
280.561,Privatissimum,https://tiss.tuwien.ac.at/course/courseDetails.xhtml?courseNr=280561,,,,
280.601,Design Studio Reimagining rural downtowns - Weißkirchen an der Traun,https://tiss.tuwien.ac.at/course/courseDetails.xhtml?courseNr=280601,,,,
280.640,Settlement development and spatial planning,https://tiss.tuwien.ac.at/course/courseDetails.xhtml?courseNr=280640,,2026-09-18T09:00:00,2027-04-04T23:55:00,2027-04-04T23:55:00
280.767,Building and Planning Law,https://tiss.tuwien.ac.at/course/courseDetails.xhtml?courseNr=280767,https://tuwel.tuwien.ac.at/course/view.php?id=78894,2026-02-01T10:00:00,2026-04-28T23:59:00,2026-04-28T23:59:00
280.768,Introduction Week,https://tiss.tuwien.ac.at/course/courseDetails.xhtml?courseNr=280768,,2026-09-03T09:00:00,,2026-11-01T23:59:00
280.769,Planning Studio,https://tiss.tuwien.ac.at/course/courseDetails.xhtml?courseNr=280769,,2026-09-03T12:00:00,2026-09-22T12:00:00,2026-10-08T12:00:00
280.770,Introduction to Scientific Work,https://tiss.tuwien.ac.at/course/courseDetails.xhtml?courseNr=280770,https://tuwel.tuwien.ac.at/course/view.php?id=83041,2026-09-18T18:00:00,2026-10-20T23:55:00,2026-10-21T23:55:00
280.771,Introduction to Regional Science,https://tiss.tuwien.ac.at/course/courseDetails.xhtml?courseNr=280771,,2026-09-28T09:00:00,2026-10-30T23:59:00,2026-10-30T23:59:00
280.773,Economic foundations of Planning,https://tiss.tuwien.ac.at/course/courseDetails.xhtml?courseNr=280773,https://tuwel.tuwien.ac.at/course/view.php?id=83050,2026-10-06T10:00:00,2026-11-08T23:55:00,2026-11-08T23:55:00
280.775,Foundations of Urban Planning,https://tiss.tuwien.ac.at/course/courseDetails.xhtml?courseNr=280775,,2026-10-03T10:00:00,,
280.776,Introduction to Transport Planning,https://tiss.tuwien.ac.at/course/courseDetails.xhtml?courseNr=280776,,2026-09-16T00:00:00,2027-11-01T23:59:00,2027-11-01T23:59:00
280.777,Urban History,https://tiss.tuwien.ac.at/course/courseDetails.xhtml?courseNr=280777,,2026-10-03T09:00:00,,
280.779,Fundamentals of Regional Planning,https://tiss.tuwien.ac.at/course/courseDetails.xhtml?courseNr=280779,,2026-09-03T12:00:00,,
280.780,Spatial Analysis with GIS,https://tiss.tuwien.ac.at/course/courseDetails.xhtml?courseNr=280780,https://tuwel.tuwien.ac.at/course/view.php?id=82691,2026-09-03T12:00:00,2026-10-02T10:00:00,2026-10-02T10:00:00
280.782,Databases and Information Management,https://tiss.tuwien.ac.at/course/courseDetails.xhtml?courseNr=280782,,2026-07-28T16:00:00,2026-10-06T23:55:00,2026-10-13T16:00:00
280.788,Spatial Planning and Urban Design,https://tiss.tuwien.ac.at/course/courseDetails.xhtml?courseNr=280788,,2026-09-04T12:00:00,2026-09-29T12:00:00,2026-09-29T12:00:00
280.794,Spatial Development Planning - Region Hot Spring,https://tiss.tuwien.ac.at/course/courseDetails.xhtml?courseNr=280794,https://tuwel.tuwien.ac.at/course/view.php?id=82888,,,
280.796,Land-Use Law and Planning law,https://tiss.tuwien.ac.at/course/courseDetails.xhtml?courseNr=280796,,2026-09-03T12:00:00,2026-11-28T23:59:00,2026-11-28T23:59:00
280.799,Planning theory and ethics,https://tiss.tuwien.ac.at/course/courseDetails.xhtml?courseNr=280799,https://tuwel.tuwien.ac.at/course/view.php?id=82894,2026-09-03T12:00:00,2026-09-22T12:00:00,2026-09-28T23:55:00
280.800,Cohesion Policy of the EU,https://tiss.tuwien.ac.at/course/courseDetails.xhtml?courseNr=280800,,2026-09-02T09:00:00,,
280.802,Bachelor Thesis,https://tiss.tuwien.ac.at/course/courseDetails.xhtml?courseNr=280802,,,,
280.807,Traffic Safety and Environmental Impacts,https://tiss.tuwien.ac.at/course/courseDetails.xhtml?courseNr=280807,,2026-09-03T12:00:00,2026-09-22T12:00:00,2026-09-22T12:00:00
280.808,Public transport and freight transport logistics,https://tiss.tuwien.ac.at/course/courseDetails.xhtml?courseNr=280808,,2026-09-03T12:00:00,2026-09-22T12:00:00,2026-10-11T23:59:00
280.814,Tourism Analysis and Sustainable Planning of Tourism,https://tiss.tuwien.ac.at/course/courseDetails.xhtml?courseNr=280814,,2026-09-03T12:00:00,2026-09-22T12:00:00,2026-09-22T12:00:00
280.815,Tourism and Planning,https://tiss.tuwien.ac.at/course/courseDetails.xhtml?courseNr=280815,,2026-09-03T12:00:00,2026-09-22T12:00:00,2026-09-22T12:00:00
280.821,Planning Law,https://tiss.tuwien.ac.at/course/courseDetails.xhtml?courseNr=280821,,,,
280.822,Commercial and Environmental Law for Planners,https://tiss.tuwien.ac.at/course/courseDetails.xhtml?courseNr=280822,,,,
280.832,Methodology and Process Design,https://tiss.tuwien.ac.at/course/courseDetails.xhtml?courseNr=280832,,2026-09-03T12:00:00,2026-09-21T12:00:00,2026-10-12T12:00:00
280.833,Research Design and Planning Design,https://tiss.tuwien.ac.at/course/courseDetails.xhtml?courseNr=280833,https://tuwel.tuwien.ac.at/course/view.php?id=82885,2026-09-03T12:00:00,2026-09-22T12:00:00,2026-09-22T12:00:00
280.835,Qualitative Methods in Spatial Research and Planning,https://tiss.tuwien.ac.at/course/courseDetails.xhtml?courseNr=280835,,2026-09-04T12:00:00,2026-09-21T12:00:00,2026-10-29T12:00:00
280.836,Quantitative Methods in Spatial Research and Planning,https://tiss.tuwien.ac.at/course/courseDetails.xhtml?courseNr=280836,https://tuwel.tuwien.ac.at/course/view.php?id=83437,2026-09-02T09:00:00,2026-10-13T17:00:00,2026-11-01T23:59:00
280.837,Law Related to Spatial Planning,https://tiss.tuwien.ac.at/course/courseDetails.xhtml?courseNr=280837,,2026-09-03T12:00:00,2026-10-06T12:00:00,2026-10-06T12:00:00
280.839,Strategies for Sustainable and Resilient Spatial Development,https://tiss.tuwien.ac.at/course/courseDetails.xhtml?courseNr=280839,https://tuwel.tuwien.ac.at/course/view.php?id=82634,,,
280.841,"Sociological Theories of City, Space and Planning",https://tiss.tuwien.ac.at/course/courseDetails.xhtml?courseNr=280841,,2026-09-04T12:00:00,2026-09-21T12:00:00,2026-10-12T12:00:00
280.842,European Cities in a Global Context,https://tiss.tuwien.ac.at/course/courseDetails.xhtml?courseNr=280842,,2026-09-03T12:00:00,2026-09-22T12:00:00,2026-10-09T12:00:00
280.843,Strategic Planning and City Marketing,https://tiss.tuwien.ac.at/course/courseDetails.xhtml?courseNr=280843,,2026-09-04T12:00:00,2026-10-07T12:00:00,2026-10-16T12:00:00
280.844,Transformation processes and steering approaches in metropolitan regions,https://tiss.tuwien.ac.at/course/courseDetails.xhtml?courseNr=280844,,2026-09-15T09:00:00,2026-10-16T23:59:00,2026-10-16T23:59:00
280.853,Real Estate Economics,https://tiss.tuwien.ac.at/course/courseDetails.xhtml?courseNr=280853,,2026-09-15T10:00:00,2026-10-24T10:00:00,
280.863,Land Policy,https://tiss.tuwien.ac.at/course/courseDetails.xhtml?courseNr=280863,,2026-09-03T12:00:00,2026-10-04T12:00:00,2026-10-04T12:00:00
280.864,Law Related to Spatial Planning - Restoration in planning law,https://tiss.tuwien.ac.at/course/courseDetails.xhtml?courseNr=280864,,,,
280.865,Environmental and Spatial Impact Assessment,https://tiss.tuwien.ac.at/course/courseDetails.xhtml?courseNr=280865,,2026-09-03T12:00:00,2026-10-15T12:00:00,2026-10-15T23:59:00
280.868,Administrative Procedural Law,https://tiss.tuwien.ac.at/course/courseDetails.xhtml?courseNr=280868,,,,
280.909,Theories of Space in Social Sciences and Humanities,https://tiss.tuwien.ac.at/course/courseDetails.xhtml?courseNr=280909,,2026-09-03T12:00:00,2026-09-22T12:00:00,
280.910,"Urban Research, Lifeworlds and Everyday Life",https://tiss.tuwien.ac.at/course/courseDetails.xhtml?courseNr=280910,,2026-09-03T12:00:00,2026-09-22T12:00:00,
280.912,"Poverty, Precariousness and Socio-Spatial Inequality",https://tiss.tuwien.ac.at/course/courseDetails.xhtml?courseNr=280912,,2026-09-04T12:00:00,2026-09-21T12:00:00,2026-10-14T12:00:00
280.916,Spatial Development Planning – General Registration Project 2,https://tiss.tuwien.ac.at/course/courseDetails.xhtml?courseNr=280916,https://tuwel.tuwien.ac.at/course/view.php?id=82135,2026-06-22T13:00:00,2026-07-05T23:55:00,2026-07-12T23:55:00
280.920,Integrated Planning - A Planning Game on Transformation,https://tiss.tuwien.ac.at/course/courseDetails.xhtml?courseNr=280920,https://tuwel.tuwien.ac.at/course/view.php?id=82882,2026-09-03T12:00:00,2026-09-22T12:00:00,2026-09-22T12:00:00
280.922,Diploma Seminar,https://tiss.tuwien.ac.at/course/courseDetails.xhtml?courseNr=280922,,2026-09-02T00:00:00,2026-10-14T23:55:00,
280.923,Diplomseminar Region,https://tiss.tuwien.ac.at/course/courseDetails.xhtml?courseNr=280923,,2026-09-01T07:00:00,2026-09-22T23:55:00,
280.924,Spatial Development Planning - Groß St. Florian,https://tiss.tuwien.ac.at/course/courseDetails.xhtml?courseNr=280924,,2026-06-22T13:00:00,2026-07-05T23:55:00,
280.925,Seminar for Master Thesis Mobility and Transport,https://tiss.tuwien.ac.at/course/courseDetails.xhtml?courseNr=280925,,,,
280.934,Spatial Development Planning - Beyond Döblingbling,https://tiss.tuwien.ac.at/course/courseDetails.xhtml?courseNr=280934,,2026-06-22T13:00:00,2026-07-05T23:55:00,
280.939,Public Procurement and Construction Contract Law,https://tiss.tuwien.ac.at/course/courseDetails.xhtml?courseNr=280939,,,,
280.944,Benefit-Cost Analysis,https://tiss.tuwien.ac.at/course/courseDetails.xhtml?courseNr=280944,,2026-09-02T00:00:00,2026-10-21T00:00:00,
280.948,"Everyday Life, Difference and Intersectionality in Urban Studies",https://tiss.tuwien.ac.at/course/courseDetails.xhtml?courseNr=280948,,2026-09-03T12:00:00,2026-10-22T12:00:00,2026-11-30T12:00:00
280.956,Diplomseminar Sociology,https://tiss.tuwien.ac.at/course/courseDetails.xhtml?courseNr=280956,,2026-09-07T08:00:00,2026-10-18T23:59:00,2026-11-11T23:59:00
280.957,Focus spatial planning - Vienna's urban development,https://tiss.tuwien.ac.at/course/courseDetails.xhtml?courseNr=280957,,,,
280.963,Diploma seminar - Land policy and urban and regional development,https://tiss.tuwien.ac.at/course/courseDetails.xhtml?courseNr=280963,,2026-09-03T12:00:00,2026-10-05T09:00:00,2026-10-05T09:00:00
280.967,Bachelor Thesis General Registration,https://tiss.tuwien.ac.at/course/courseDetails.xhtml?courseNr=280967,,,,
280.982,Bachelorthesis Research Unit Sociology,https://tiss.tuwien.ac.at/course/courseDetails.xhtml?courseNr=280982,,,,
280.985,Evaluation as an Instrument for Spatial Planning,https://tiss.tuwien.ac.at/course/courseDetails.xhtml?courseNr=280985,,2026-09-03T12:00:00,2026-09-22T12:00:00,2026-10-10T12:00:00
299.001,Softskills for technicians communication of science and Co-creation,https://tiss.tuwien.ac.at/course/courseDetails.xhtml?courseNr=299001,,2026-07-01T09:00:00,2026-10-14T09:00:00,2026-10-25T09:00:00
299.002,Orientierungskurs und Gegenwartsarchitektur,https://tiss.tuwien.ac.at/course/courseDetails.xhtml?courseNr=299002,,,,
299.003,artistic project Cultural Collisions,https://tiss.tuwien.ac.at/course/courseDetails.xhtml?courseNr=299003,,,,
300.000,Introduction to mechanical and industrial engineering,https://tiss.tuwien.ac.at/course/courseDetails.xhtml?courseNr=300000,,2026-09-16T12:00:00,2026-11-27T12:00:00,2026-11-27T12:00:00
300.005,Optional Internship,https://tiss.tuwien.ac.at/course/courseDetails.xhtml?courseNr=300005,,,,
300.006,Optional Internship,https://tiss.tuwien.ac.at/course/courseDetails.xhtml?courseNr=300006,,,,
300.007,Optional Internship,https://tiss.tuwien.ac.at/course/courseDetails.xhtml?courseNr=300007,,,,
300.008,MB Ambassador,https://tiss.tuwien.ac.at/course/courseDetails.xhtml?courseNr=300008,,,,
300.009,H2 Technologies at TU Wien,https://tiss.tuwien.ac.at/course/courseDetails.xhtml?courseNr=300009,,2026-10-07T12:00:00,2026-12-06T12:00:00,2026-12-08T12:00:00
300.010,Robo Fetz,https://tiss.tuwien.ac.at/course/courseDetails.xhtml?courseNr=300010,,2026-10-15T20:00:00,2026-11-29T23:55:00,2026-11-29T23:55:00
301.018,Dynamics and Control of space vehicles,https://tiss.tuwien.ac.at/course/courseDetails.xhtml?courseNr=301018,,2026-02-16T17:00:00,2026-04-01T00:00:00,
301.036,Mechanics 3,https://tiss.tuwien.ac.at/course/courseDetails.xhtml?courseNr=301036,https://tuwel.tuwien.ac.at/course/view.php?id=79830,,,
301.038,Exercises in Mechanics 3,https://tiss.tuwien.ac.at/course/courseDetails.xhtml?courseNr=301038,https://tuwel.tuwien.ac.at/course/view.php?id=79827,2026-02-02T00:00:00,2026-11-03T00:00:00,2026-11-03T00:00:00
301.045,Applied Dynamics and nonlinear Oscillations,https://tiss.tuwien.ac.at/course/courseDetails.xhtml?courseNr=301045,https://tuwel.tuwien.ac.at/course/view.php?id=80535,2026-02-22T20:00:00,2026-07-03T23:59:00,
301.058,Mechanics of solid bodies for chemical engineers 2,https://tiss.tuwien.ac.at/course/courseDetails.xhtml?courseNr=301058,,2026-09-23T08:00:00,2026-11-27T10:00:00,2026-11-27T10:00:00
301.061,Presentation of methods in mechanics,https://tiss.tuwien.ac.at/course/courseDetails.xhtml?courseNr=301061,,,,
301.062,Presentation of methods in mechanics,https://tiss.tuwien.ac.at/course/courseDetails.xhtml?courseNr=301062,,,,
301.063,Computer aided methods for dynamical systems,https://tiss.tuwien.ac.at/course/courseDetails.xhtml?courseNr=301063,,2026-09-05T23:59:00,,
301.064,Computer aided methods for dynamical systems,https://tiss.tuwien.ac.at/course/courseDetails.xhtml?courseNr=301064,https://tuwel.tuwien.ac.at/course/view.php?id=9340,2026-09-05T23:59:00,,
302.034,Thermodynamics in power engineering,https://tiss.tuwien.ac.at/course/courseDetails.xhtml?courseNr=302034,,,,
302.048,Thermodynamics in power engineering,https://tiss.tuwien.ac.at/course/courseDetails.xhtml?courseNr=302048,,,,
302.053,Modern trends in thermal turbomachinery design,https://tiss.tuwien.ac.at/course/courseDetails.xhtml?courseNr=302053,,2026-10-06T00:00:00,2027-03-14T00:00:00,
302.058,Thermohydraulic Systems,https://tiss.tuwien.ac.at/course/courseDetails.xhtml?courseNr=302058,https://tuwel.tuwien.ac.at/course/view.php?id=74465,,,
302.061,Pollution control at thermal power systems,https://tiss.tuwien.ac.at/course/courseDetails.xhtml?courseNr=302061,https://tuwel.tuwien.ac.at/course/view.php?id=80643,,,
302.063,Design and calculation of thermal equipment,https://tiss.tuwien.ac.at/course/courseDetails.xhtml?courseNr=302063,,2026-10-01T00:00:00,2026-11-07T00:00:00,
302.074,Numerical Process Simulation of Thermal Power Plants,https://tiss.tuwien.ac.at/course/courseDetails.xhtml?courseNr=302074,,2026-10-01T09:00:00,2026-12-16T23:00:00,2026-12-16T23:00:00
302.086,Industrial seminar of energy technology,https://tiss.tuwien.ac.at/course/courseDetails.xhtml?courseNr=302086,,,,
302.088,Bachelor thesis,https://tiss.tuwien.ac.at/course/courseDetails.xhtml?courseNr=302088,,,,
302.089,Study trip in thermal turbomachines and power plants,https://tiss.tuwien.ac.at/course/courseDetails.xhtml?courseNr=302089,,,,
302.094,Study trip in hydraulic machinery and systems,https://tiss.tuwien.ac.at/course/courseDetails.xhtml?courseNr=302094,,,,
302.096,Computational Fluid Dynamics for Turbomachinery,https://tiss.tuwien.ac.at/course/courseDetails.xhtml?courseNr=302096,,2026-10-07T00:00:00,2026-11-06T00:00:00,
302.098,Energy systems,https://tiss.tuwien.ac.at/course/courseDetails.xhtml?courseNr=302098,,,,
302.099,Thermodynamics of selected Energy Technologies,https://tiss.tuwien.ac.at/course/courseDetails.xhtml?courseNr=302099,https://tuwel.tuwien.ac.at/course/view.php?id=81413,2026-03-01T00:00:00,2026-06-30T00:00:00,
302.100,Energy systems,https://tiss.tuwien.ac.at/course/courseDetails.xhtml?courseNr=302100,,,,
302.102,Blade design for turbomachinery,https://tiss.tuwien.ac.at/course/courseDetails.xhtml?courseNr=302102,https://tuwel.tuwien.ac.at/course/view.php?id=82084,2026-03-01T00:00:00,2026-05-31T00:00:00,2026-04-12T00:00:00
302.103,Energy storage,https://tiss.tuwien.ac.at/course/courseDetails.xhtml?courseNr=302103,,,,
302.105,Fundamentals of Energy Technology and Energy Systems,https://tiss.tuwien.ac.at/course/courseDetails.xhtml?courseNr=302105,,,,
302.106,Technologies for energy supply,https://tiss.tuwien.ac.at/course/courseDetails.xhtml?courseNr=302106,,,,
302.107,Design- and Operational Optimization,https://tiss.tuwien.ac.at/course/courseDetails.xhtml?courseNr=302107,,2026-09-01T09:00:00,2026-10-15T12:00:00,2026-10-15T12:00:00
302.108,Technologies for energy supply,https://tiss.tuwien.ac.at/course/courseDetails.xhtml?courseNr=302108,,,,
302.109,Energy Systems Modeling,https://tiss.tuwien.ac.at/course/courseDetails.xhtml?courseNr=302109,,2027-02-03T09:00:00,2027-03-17T12:00:00,2027-03-17T12:00:00
302.110,Hydraulic Fluid Flow Machinery,https://tiss.tuwien.ac.at/course/courseDetails.xhtml?courseNr=302110,,2026-09-01T00:00:00,2026-10-31T23:59:00,
302.111,Hydraulic Fluid Flow Machinery,https://tiss.tuwien.ac.at/course/courseDetails.xhtml?courseNr=302111,,,,
302.112,Measurement and Testing Technology for Fluid Flow Machinery,https://tiss.tuwien.ac.at/course/courseDetails.xhtml?courseNr=302112,,,,
302.113,Measurement and Testing Technology for Fluid Flow Machinery,https://tiss.tuwien.ac.at/course/courseDetails.xhtml?courseNr=302113,,,,
302.116,Industrial seminar of energy technology and systems,https://tiss.tuwien.ac.at/course/courseDetails.xhtml?courseNr=302116,,,,
302.117,Fundamentals of Fluid-Flow Machinery,https://tiss.tuwien.ac.at/course/courseDetails.xhtml?courseNr=302117,,,,
302.643,Excursion to thermic plants,https://tiss.tuwien.ac.at/course/courseDetails.xhtml?courseNr=302643,,,,
302.670,Thermodynamics for WIMB,https://tiss.tuwien.ac.at/course/courseDetails.xhtml?courseNr=302670,https://tuwel.tuwien.ac.at/course/view.php?id=82337,2026-08-31T12:00:00,,
302.671,Fundamentals in Thermodynamics,https://tiss.tuwien.ac.at/course/courseDetails.xhtml?courseNr=302671,,2026-09-17T12:00:00,,
302.672,Thermal Turbomachines,https://tiss.tuwien.ac.at/course/courseDetails.xhtml?courseNr=302672,https://tuwel.tuwien.ac.at/course/view.php?id=83632,2026-10-06T00:00:00,2027-03-14T00:00:00,
302.684,Thermal Turbomachines,https://tiss.tuwien.ac.at/course/courseDetails.xhtml?courseNr=302684,,2026-09-10T12:00:00,2026-10-19T12:00:00,2026-10-19T12:00:00
302.686,Thermal Turbomachines,https://tiss.tuwien.ac.at/course/courseDetails.xhtml?courseNr=302686,https://tuwel.tuwien.ac.at/course/view.php?id=79266,2026-02-18T00:00:00,,
302.694,Thermal Turbomachines,https://tiss.tuwien.ac.at/course/courseDetails.xhtml?courseNr=302694,https://tuwel.tuwien.ac.at/course/view.php?id=81728,,,
302.696,Applied Thermodynamics,https://tiss.tuwien.ac.at/course/courseDetails.xhtml?courseNr=302696,https://tuwel.tuwien.ac.at/course/view.php?id=79020,,,
302.701,Project Work Thermal Engineering Design,https://tiss.tuwien.ac.at/course/courseDetails.xhtml?courseNr=302701,,,,
302.704,Bachelor Thesis Energysystems A,https://tiss.tuwien.ac.at/course/courseDetails.xhtml?courseNr=302704,,,,
302.706,Project Work,https://tiss.tuwien.ac.at/course/courseDetails.xhtml?courseNr=302706,,,,
302.709,Educational Seminar,https://tiss.tuwien.ac.at/course/courseDetails.xhtml?courseNr=302709,,,,
302.716,Computational Fluid Dynamics for Turbomachinery,https://tiss.tuwien.ac.at/course/courseDetails.xhtml?courseNr=302716,,2026-09-02T00:00:00,,
302.719,Automation for Thermal Engineering,https://tiss.tuwien.ac.at/course/courseDetails.xhtml?courseNr=302719,,2026-07-30T12:00:00,2026-10-05T14:30:00,2026-10-05T14:30:00
302.723,Refrigeration and Heat Pumps,https://tiss.tuwien.ac.at/course/courseDetails.xhtml?courseNr=302723,,2026-09-21T00:00:00,2026-12-16T00:00:00,
302.725,Airing and Air Conditioning Technology,https://tiss.tuwien.ac.at/course/courseDetails.xhtml?courseNr=302725,https://tuwel.tuwien.ac.at/course/view.php?id=80379,2026-02-03T08:00:00,2026-05-22T08:00:00,
302.726,Computational Fluid Dynamics for Turbomachinery,https://tiss.tuwien.ac.at/course/courseDetails.xhtml?courseNr=302726,,2026-07-26T00:00:00,,
302.733,Energy Systems Modeling,https://tiss.tuwien.ac.at/course/courseDetails.xhtml?courseNr=302733,https://tuwel.tuwien.ac.at/course/view.php?id=79044,2026-01-05T12:00:00,2026-03-11T12:00:00,2026-03-11T12:00:00
303.009,Measurement and vibration technology,https://tiss.tuwien.ac.at/course/courseDetails.xhtml?courseNr=303009,https://tuwel.tuwien.ac.at/course/view.php?id=75666,2025-10-01T00:00:00,2025-11-23T23:59:00,2025-10-23T23:59:00
303.182,Machine dynamics,https://tiss.tuwien.ac.at/course/courseDetails.xhtml?courseNr=303182,,2026-09-16T00:00:00,2026-10-26T00:00:00,2026-10-26T00:00:00
303.336,Condition Monitoring of Machinery,https://tiss.tuwien.ac.at/course/courseDetails.xhtml?courseNr=303336,https://tuwel.tuwien.ac.at/course/view.php?id=81551,2026-03-06T00:00:00,2026-04-07T00:00:00,2026-04-20T00:00:00
304.524,Fluid Mechanics for Physicists,https://tiss.tuwien.ac.at/course/courseDetails.xhtml?courseNr=304524,,2026-10-05T12:00:00,2027-01-29T23:00:00,
306.005,rehabilitation technology laboratory course,https://tiss.tuwien.ac.at/course/courseDetails.xhtml?courseNr=306005,,2026-10-01T08:00:00,,
306.006,rehabilitation technology seminar,https://tiss.tuwien.ac.at/course/courseDetails.xhtml?courseNr=306006,,2026-02-01T09:00:00,2026-03-16T23:00:00,2026-03-16T23:00:00
306.024,Laboratory course the engine 'muscle',https://tiss.tuwien.ac.at/course/courseDetails.xhtml?courseNr=306024,,2026-02-01T00:01:00,2026-03-30T23:59:00,2026-03-30T23:59:00
307.039,Rehabilitation Technology Seminar,https://tiss.tuwien.ac.at/course/courseDetails.xhtml?courseNr=307039,,2026-02-01T08:00:00,2026-04-13T23:00:00,2026-05-13T23:00:00
307.095,Systems Engineering,https://tiss.tuwien.ac.at/course/courseDetails.xhtml?courseNr=307095,https://tuwel.tuwien.ac.at/course/view.php?id=79281,2026-01-19T00:00:00,2026-03-04T16:00:00,
307.101,Project Work Machine Design,https://tiss.tuwien.ac.at/course/courseDetails.xhtml?courseNr=307101,,,,
307.102,Flight Lab,https://tiss.tuwien.ac.at/course/courseDetails.xhtml?courseNr=307102,,2026-08-10T00:00:00,2026-10-11T23:59:00,
307.103,Project Work Aeronautical Engineering,https://tiss.tuwien.ac.at/course/courseDetails.xhtml?courseNr=307103,,2026-08-10T00:00:00,,
307.105,Seminar for Master and PhD students,https://tiss.tuwien.ac.at/course/courseDetails.xhtml?courseNr=307105,,,,
307.107,Nanomechanics and Tribochemistry,https://tiss.tuwien.ac.at/course/courseDetails.xhtml?courseNr=307107,,,,
307.111,Introduction to Aeronautical Engineering,https://tiss.tuwien.ac.at/course/courseDetails.xhtml?courseNr=307111,,2026-08-10T09:00:00,2026-10-01T08:00:00,2026-10-02T17:00:00
307.112,Simulation of Transport Systems,https://tiss.tuwien.ac.at/course/courseDetails.xhtml?courseNr=307112,,2026-08-01T08:00:00,2026-10-06T08:00:00,2026-10-06T08:00:00
307.113,"Introduction to Aeronautical Engineering: Aerodynamics, Lightweight Construction, and Flight Performance",https://tiss.tuwien.ac.at/course/courseDetails.xhtml?courseNr=307113,,2026-09-01T00:00:00,2026-10-15T23:59:00,
307.114,Scientific Machine and Reinforcement Learning for Engineers,https://tiss.tuwien.ac.at/course/courseDetails.xhtml?courseNr=307114,,,,
307.115,Chemistry for MB,https://tiss.tuwien.ac.at/course/courseDetails.xhtml?courseNr=307115,,2026-09-04T13:00:00,2026-10-05T12:00:00,
307.116,Introduction to academic work,https://tiss.tuwien.ac.at/course/courseDetails.xhtml?courseNr=307116,,2026-09-04T14:00:00,2026-10-05T12:00:00,
307.414,Virtual Product Development,https://tiss.tuwien.ac.at/course/courseDetails.xhtml?courseNr=307414,,2026-09-14T08:00:00,2027-01-11T23:55:00,
307.418,Bachelor Thesis Design Engineering (long),https://tiss.tuwien.ac.at/course/courseDetails.xhtml?courseNr=307418,,,,
307.420,Project Work Virtual Product Development,https://tiss.tuwien.ac.at/course/courseDetails.xhtml?courseNr=307420,,,,
307.422,Virtual Product Development,https://tiss.tuwien.ac.at/course/courseDetails.xhtml?courseNr=307422,,2026-10-06T08:00:00,2026-11-06T00:00:00,
307.425,Technical Logistics,https://tiss.tuwien.ac.at/course/courseDetails.xhtml?courseNr=307425,,2026-07-07T09:00:00,2026-10-29T00:00:00,2026-12-01T00:00:00
307.426,Technical Drawing/CAD,https://tiss.tuwien.ac.at/course/courseDetails.xhtml?courseNr=307426,https://tuwel.tuwien.ac.at/course/view.php?id=58061,2026-09-03T08:00:00,2026-10-04T08:01:00,
307.427,Technical Drawing/CAD Engineering Training,https://tiss.tuwien.ac.at/course/courseDetails.xhtml?courseNr=307427,https://tuwel.tuwien.ac.at/course/view.php?id=75333,2026-01-19T08:00:00,2026-03-09T08:01:00,
307.428,Fundamentals of Engineering Design,https://tiss.tuwien.ac.at/course/courseDetails.xhtml?courseNr=307428,https://tuwel.tuwien.ac.at/course/view.php?id=81988,,,
307.429,Materials Handling and Transport Technology,https://tiss.tuwien.ac.at/course/courseDetails.xhtml?courseNr=307429,,2025-12-31T00:00:00,2026-03-15T12:00:00,2026-03-30T12:00:00
307.430,Materials Handling and Transport Technology Construction Exercise,https://tiss.tuwien.ac.at/course/courseDetails.xhtml?courseNr=307430,,2026-01-05T08:00:00,2026-03-03T08:00:00,2026-03-03T08:00:00
307.431,Lifting and Handling Systems and Conveying Appliances (with Excursion),https://tiss.tuwien.ac.at/course/courseDetails.xhtml?courseNr=307431,,2026-01-05T08:00:00,2026-03-16T08:00:00,2026-03-16T08:00:00
307.432,Lifting and Handling Systems and Conveying Appliances Laboratory Exercise,https://tiss.tuwien.ac.at/course/courseDetails.xhtml?courseNr=307432,,2026-09-09T12:00:00,2026-10-04T12:00:00,2026-10-04T12:00:00
307.434,Continuous Handling Equipments,https://tiss.tuwien.ac.at/course/courseDetails.xhtml?courseNr=307434,,2026-01-28T08:00:00,2026-03-13T08:00:00,2026-03-13T08:00:00
307.435,Steel Structures,https://tiss.tuwien.ac.at/course/courseDetails.xhtml?courseNr=307435,https://tuwel.tuwien.ac.at/course/view.php?id=80916,2026-01-28T08:00:00,2026-03-19T12:00:00,2026-03-19T12:00:00
307.436,Ropeway Systems,https://tiss.tuwien.ac.at/course/courseDetails.xhtml?courseNr=307436,,2026-01-09T08:00:00,2026-03-16T23:59:00,2026-03-16T23:59:00
307.437,Engineering Design and Development of New Products,https://tiss.tuwien.ac.at/course/courseDetails.xhtml?courseNr=307437,,2026-07-07T09:00:00,2026-10-29T00:01:00,2026-10-30T00:01:00
307.438,Engineering Design and Development of New Products,https://tiss.tuwien.ac.at/course/courseDetails.xhtml?courseNr=307438,,2025-12-31T00:00:00,2026-03-29T23:59:00,2026-03-29T23:59:00
307.439,"Product Development, Innovation and ECO-Design",https://tiss.tuwien.ac.at/course/courseDetails.xhtml?courseNr=307439,,2026-01-28T08:00:00,2026-03-15T23:59:00,2026-03-15T23:59:00
307.440,"Ecodesign, Sustainable Product Development",https://tiss.tuwien.ac.at/course/courseDetails.xhtml?courseNr=307440,,2026-07-07T08:00:00,2026-10-28T00:59:00,2026-11-04T13:00:00
307.441,Rail Vehicle Design,https://tiss.tuwien.ac.at/course/courseDetails.xhtml?courseNr=307441,,2026-08-31T08:00:00,2026-09-10T09:00:00,2026-10-10T09:00:00
307.442,Rail Vehicle Design,https://tiss.tuwien.ac.at/course/courseDetails.xhtml?courseNr=307442,,2026-01-12T13:00:00,2026-03-20T22:59:00,2026-03-26T22:59:00
307.443,Rail Vehicle Design,https://tiss.tuwien.ac.at/course/courseDetails.xhtml?courseNr=307443,,2026-08-31T08:00:00,2026-10-12T09:00:00,2026-10-12T09:00:00
307.444,Rail Vehicle Design,https://tiss.tuwien.ac.at/course/courseDetails.xhtml?courseNr=307444,,2026-01-28T08:00:00,2026-03-13T23:59:00,2026-03-13T23:59:00
307.445,Rail Vehicle Design,https://tiss.tuwien.ac.at/course/courseDetails.xhtml?courseNr=307445,,2026-09-14T08:00:00,2026-10-29T12:00:00,2026-10-28T12:00:00
307.446,Simulation of Transport Systems,https://tiss.tuwien.ac.at/course/courseDetails.xhtml?courseNr=307446,,2026-07-26T08:00:00,2026-10-26T00:00:00,2026-10-26T00:00:00
307.447,Simulation of Transport Systems,https://tiss.tuwien.ac.at/course/courseDetails.xhtml?courseNr=307447,https://tuwel.tuwien.ac.at/course/view.php?id=78297,2026-01-28T08:00:00,2026-03-03T12:00:00,2026-03-03T12:00:00
307.450,Methodology of 3D-CAD Engineering,https://tiss.tuwien.ac.at/course/courseDetails.xhtml?courseNr=307450,https://tuwel.tuwien.ac.at/course/view.php?id=81407,2026-03-05T00:00:00,2026-05-03T23:55:00,
307.452,Maschinenelemente Engineering Design Training,https://tiss.tuwien.ac.at/course/courseDetails.xhtml?courseNr=307452,,2026-08-31T08:00:00,,
307.456,Specific Machine Design,https://tiss.tuwien.ac.at/course/courseDetails.xhtml?courseNr=307456,https://tuwel.tuwien.ac.at/course/view.php?id=78975,2026-01-26T00:00:00,2026-05-14T12:00:00,2026-05-15T08:00:00
307.457,Specific Machine Design,https://tiss.tuwien.ac.at/course/courseDetails.xhtml?courseNr=307457,,2026-09-07T08:00:00,2027-02-26T12:00:00,2027-02-25T12:00:00
307.459,Transmissions for Aviation,https://tiss.tuwien.ac.at/course/courseDetails.xhtml?courseNr=307459,,2026-01-28T00:00:00,,
307.460,Transmissions for Aviation,https://tiss.tuwien.ac.at/course/courseDetails.xhtml?courseNr=307460,,2026-08-30T00:00:00,2026-10-14T12:00:00,2026-10-14T12:00:00
307.461,Transmissions for Aviation,https://tiss.tuwien.ac.at/course/courseDetails.xhtml?courseNr=307461,,2026-03-04T18:00:00,,
307.462,Transmissions for Aviation,https://tiss.tuwien.ac.at/course/courseDetails.xhtml?courseNr=307462,,2026-09-02T08:00:00,,
307.463,Project Work Eco-Design/Sustainable Product Development,https://tiss.tuwien.ac.at/course/courseDetails.xhtml?courseNr=307463,,2026-10-02T00:00:00,2026-10-16T00:00:00,
307.464,Project Work Technical Logistics,https://tiss.tuwien.ac.at/course/courseDetails.xhtml?courseNr=307464,,,,
307.465,Technical Restoration of Body Functions by Means of FES,https://tiss.tuwien.ac.at/course/courseDetails.xhtml?courseNr=307465,,2026-09-14T11:00:00,2027-01-25T11:00:00,2026-10-25T10:00:00
307.466,Prosthesis,https://tiss.tuwien.ac.at/course/courseDetails.xhtml?courseNr=307466,,2026-02-01T00:01:00,2026-03-16T23:59:00,2026-03-16T23:59:00
307.467,Project Work Rehabilitation Technology,https://tiss.tuwien.ac.at/course/courseDetails.xhtml?courseNr=307467,,,,
307.468,Pressure Vessel Technology - Design Work,https://tiss.tuwien.ac.at/course/courseDetails.xhtml?courseNr=307468,,2026-09-05T08:00:00,2026-10-09T08:00:00,2026-10-09T08:00:00
307.470,Safety Engineering for Chemical Engineering,https://tiss.tuwien.ac.at/course/courseDetails.xhtml?courseNr=307470,,2026-02-18T15:00:00,2026-03-16T15:00:00,2026-03-16T15:00:00
307.471,Seminar for Master and PhD students,https://tiss.tuwien.ac.at/course/courseDetails.xhtml?courseNr=307471,,,,
307.479,Project Work Formula Student,https://tiss.tuwien.ac.at/course/courseDetails.xhtml?courseNr=307479,,,,
307.483,Tribology of Machine Elements,https://tiss.tuwien.ac.at/course/courseDetails.xhtml?courseNr=307483,https://tuwel.tuwien.ac.at/course/view.php?id=81194,2026-01-29T08:00:00,,
307.485,Lubricated contacts - an introduction to lubricant and surface interactions,https://tiss.tuwien.ac.at/course/courseDetails.xhtml?courseNr=307485,,2026-10-05T12:00:00,2026-11-04T12:00:00,
307.486,Project Work Pressure Vessel Design,https://tiss.tuwien.ac.at/course/courseDetails.xhtml?courseNr=307486,,2026-01-21T08:00:00,2026-03-27T22:59:00,2026-03-27T22:59:00
307.487,Rehabiltation Technology Rehabilitation Engineering,https://tiss.tuwien.ac.at/course/courseDetails.xhtml?courseNr=307487,,2026-02-01T00:00:00,2026-06-29T00:00:00,
307.492,Machine Elements 3,https://tiss.tuwien.ac.at/course/courseDetails.xhtml?courseNr=307492,,2026-10-07T01:00:00,,
307.493,Machine Design 3,https://tiss.tuwien.ac.at/course/courseDetails.xhtml?courseNr=307493,https://tuwel.tuwien.ac.at/course/view.php?id=82108,2026-01-29T12:00:00,2026-05-01T08:00:00,2026-05-01T12:00:00
307.494,Machine Design 1,https://tiss.tuwien.ac.at/course/courseDetails.xhtml?courseNr=307494,,2026-09-27T00:00:00,,
307.495,Machine Design 2,https://tiss.tuwien.ac.at/course/courseDetails.xhtml?courseNr=307495,https://tuwel.tuwien.ac.at/course/view.php?id=79743,2025-10-06T00:00:00,,
307.496,Machine Design,https://tiss.tuwien.ac.at/course/courseDetails.xhtml?courseNr=307496,https://tuwel.tuwien.ac.at/course/view.php?id=81803,2026-01-13T09:00:00,2026-03-10T09:00:00,2026-03-10T09:00:00
307.497,Project Work Triology,https://tiss.tuwien.ac.at/course/courseDetails.xhtml?courseNr=307497,,2026-10-05T08:00:00,,
307.498,Project Work Transmissions for Aviation,https://tiss.tuwien.ac.at/course/courseDetails.xhtml?courseNr=307498,,2026-03-06T08:00:00,,
307.502,Project Work Student Aerospace,https://tiss.tuwien.ac.at/course/courseDetails.xhtml?courseNr=307502,,,,
307.504,Aircraft Design I,https://tiss.tuwien.ac.at/course/courseDetails.xhtml?courseNr=307504,,2026-08-10T00:00:00,2026-10-18T23:59:00,
307.505,Mechanical Engineering Basics for Chemical and Process Engineering,https://tiss.tuwien.ac.at/course/courseDetails.xhtml?courseNr=307505,,2026-09-11T08:00:00,2026-10-15T08:00:00,2026-10-15T08:00:00
307.510,Computational Materials Tribology,https://tiss.tuwien.ac.at/course/courseDetails.xhtml?courseNr=307510,,2026-08-30T12:00:00,2026-11-02T12:00:00,
307.511,Aircraft Design II,https://tiss.tuwien.ac.at/course/courseDetails.xhtml?courseNr=307511,https://tuwel.tuwien.ac.at/course/view.php?id=80421,2026-01-05T00:00:00,2026-03-20T23:59:00,
307.513,Seminar on Aircraft Design,https://tiss.tuwien.ac.at/course/courseDetails.xhtml?courseNr=307513,,2026-08-10T00:00:00,2026-10-18T23:59:00,
307.514,bulk material simulation,https://tiss.tuwien.ac.at/course/courseDetails.xhtml?courseNr=307514,,2026-09-04T00:00:00,2026-10-20T00:00:00,
307.515,Lubricated contacts - an introduction to lubricant and surface interactions Solid Lubricants,https://tiss.tuwien.ac.at/course/courseDetails.xhtml?courseNr=307515,,,,
307.516,Aircraft Systems Technology,https://tiss.tuwien.ac.at/course/courseDetails.xhtml?courseNr=307516,https://tuwel.tuwien.ac.at/course/view.php?id=80808,2026-01-05T00:00:00,2026-03-20T23:59:00,
307.520,Mobile Robotics,https://tiss.tuwien.ac.at/course/courseDetails.xhtml?courseNr=307520,,2025-12-31T00:00:00,2026-03-30T00:00:00,2026-03-30T00:00:00
307.521,Motion Analysis,https://tiss.tuwien.ac.at/course/courseDetails.xhtml?courseNr=307521,,2026-02-01T00:00:00,2026-03-25T00:00:00,
308.032,Light Metals,https://tiss.tuwien.ac.at/course/courseDetails.xhtml?courseNr=308032,,2026-03-02T10:30:00,2026-03-22T23:50:00,2026-03-22T23:50:00
308.075,Master thesis colloquium,https://tiss.tuwien.ac.at/course/courseDetails.xhtml?courseNr=308075,,,,
308.094,Materials for Mechanical Engineering,https://tiss.tuwien.ac.at/course/courseDetails.xhtml?courseNr=308094,,,,
308.098,Joining Technology,https://tiss.tuwien.ac.at/course/courseDetails.xhtml?courseNr=308098,,2026-10-03T10:00:00,2026-10-19T22:00:00,2026-10-25T20:00:00
308.101,Metallic High Temperature Materials,https://tiss.tuwien.ac.at/course/courseDetails.xhtml?courseNr=308101,,2026-03-04T14:00:00,2027-05-12T23:59:00,2027-05-12T23:59:00
308.106,Biocompatible Materials,https://tiss.tuwien.ac.at/course/courseDetails.xhtml?courseNr=308106,,2026-09-03T00:00:00,2027-03-04T23:59:00,2027-03-31T23:59:00
308.107,Polymers for Special Applications,https://tiss.tuwien.ac.at/course/courseDetails.xhtml?courseNr=308107,,2026-06-29T13:00:00,2026-11-23T13:00:00,2026-11-13T23:30:00
308.109,Analysis of Component Damage,https://tiss.tuwien.ac.at/course/courseDetails.xhtml?courseNr=308109,,2026-08-20T09:00:00,2026-09-30T23:55:00,2026-09-30T23:55:00
308.114,Service Strength,https://tiss.tuwien.ac.at/course/courseDetails.xhtml?courseNr=308114,,,,
308.117,Plastics Processing,https://tiss.tuwien.ac.at/course/courseDetails.xhtml?courseNr=308117,,2026-09-14T00:00:00,2026-12-03T00:00:00,2027-02-02T00:00:00
308.118,Materials Selection,https://tiss.tuwien.ac.at/course/courseDetails.xhtml?courseNr=308118,,2026-08-20T09:00:00,2027-06-28T23:55:00,2027-06-28T23:55:00
308.119,Biomaterials,https://tiss.tuwien.ac.at/course/courseDetails.xhtml?courseNr=308119,https://tuwel.tuwien.ac.at/course/view.php?id=81086,2026-02-10T09:00:00,2026-06-09T12:00:00,2026-06-09T12:00:00
308.120,Fracture Mechanics,https://tiss.tuwien.ac.at/course/courseDetails.xhtml?courseNr=308120,,2026-03-04T12:00:00,2026-04-06T16:00:00,2026-04-16T23:00:00
308.124,Materials Processing,https://tiss.tuwien.ac.at/course/courseDetails.xhtml?courseNr=308124,,,,
308.128,Materials Testing,https://tiss.tuwien.ac.at/course/courseDetails.xhtml?courseNr=308128,,2026-02-18T00:00:00,2026-03-05T23:59:00,
308.129,Materials Characterisation and Nondestructive Testing,https://tiss.tuwien.ac.at/course/courseDetails.xhtml?courseNr=308129,,2026-10-05T10:00:00,2026-10-28T16:00:00,
308.130,Damage analyses,https://tiss.tuwien.ac.at/course/courseDetails.xhtml?courseNr=308130,,2025-09-15T10:00:00,2025-10-03T08:00:00,2025-10-17T23:59:00
308.138,"Imaging metals by X-rays. electrons, and neutrons",https://tiss.tuwien.ac.at/course/courseDetails.xhtml?courseNr=308138,,2026-09-01T13:00:00,2026-12-01T00:00:00,2026-12-02T00:00:00
308.140,Examination of material failures in production plants,https://tiss.tuwien.ac.at/course/courseDetails.xhtml?courseNr=308140,,2026-03-01T00:00:00,2026-04-20T14:00:00,
308.142,Materials for hydrogen technologies,https://tiss.tuwien.ac.at/course/courseDetails.xhtml?courseNr=308142,https://tuwel.tuwien.ac.at/course/view.php?id=81617,2026-03-02T14:00:00,2026-05-29T23:59:00,2026-06-17T23:59:00
308.144,Advanced Cell Culture,https://tiss.tuwien.ac.at/course/courseDetails.xhtml?courseNr=308144,,2026-08-31T10:00:00,2026-10-05T22:00:00,2026-10-07T22:00:00
308.147,Field trip Materials in nuclear applications Field trip nuclear power plant Zwentdorf,https://tiss.tuwien.ac.at/course/courseDetails.xhtml?courseNr=308147,,2026-03-09T12:00:00,2026-06-01T06:00:00,2026-05-30T23:00:00
308.148,Sustainable materials engineering,https://tiss.tuwien.ac.at/course/courseDetails.xhtml?courseNr=308148,https://tuwel.tuwien.ac.at/course/view.php?id=78996,2026-02-01T12:00:00,2026-03-31T12:00:00,2026-03-31T12:00:00
308.149,Mechanics of Fracture and Fatigue,https://tiss.tuwien.ac.at/course/courseDetails.xhtml?courseNr=308149,https://tuwel.tuwien.ac.at/course/view.php?id=82051,2026-05-08T08:00:00,2026-06-01T12:00:00,2026-06-05T12:00:00
308.150,Materials in Nuclear Applications – Advanced Topics,https://tiss.tuwien.ac.at/course/courseDetails.xhtml?courseNr=308150,https://tuwel.tuwien.ac.at/course/view.php?id=82063,2025-02-25T12:00:00,2026-06-03T15:45:00,
308.152,xxx,https://tiss.tuwien.ac.at/course/courseDetails.xhtml?courseNr=308152,,,,
308.153,Atomistic Materials Modeling,https://tiss.tuwien.ac.at/course/courseDetails.xhtml?courseNr=308153,,,,
308.155,xxx,https://tiss.tuwien.ac.at/course/courseDetails.xhtml?courseNr=308155,,,,
308.156,xxx,https://tiss.tuwien.ac.at/course/courseDetails.xhtml?courseNr=308156,,,,
308.157,Predicting Material Properties Using Atoms and Electrons,https://tiss.tuwien.ac.at/course/courseDetails.xhtml?courseNr=308157,,,,
308.158,xxx,https://tiss.tuwien.ac.at/course/courseDetails.xhtml?courseNr=308158,,,,
308.159,Elasticity and Dislocations,https://tiss.tuwien.ac.at/course/courseDetails.xhtml?courseNr=308159,,,,
308.160,Material Testing 1 for Chemical and Process Engineering,https://tiss.tuwien.ac.at/course/courseDetails.xhtml?courseNr=308160,,,,
308.161,Light Metals,https://tiss.tuwien.ac.at/course/courseDetails.xhtml?courseNr=308161,,,,
308.162,Materials for high-temperature applications,https://tiss.tuwien.ac.at/course/courseDetails.xhtml?courseNr=308162,,,,
308.163,Applications of phase diagram computations in material science,https://tiss.tuwien.ac.at/course/courseDetails.xhtml?courseNr=308163,,,,
308.164,metastabilities in materials processing and application,https://tiss.tuwien.ac.at/course/courseDetails.xhtml?courseNr=308164,,,,
308.693,Methods for material assessment,https://tiss.tuwien.ac.at/course/courseDetails.xhtml?courseNr=308693,,,,
308.859,Materials Testing 2,https://tiss.tuwien.ac.at/course/courseDetails.xhtml?courseNr=308859,,2026-09-04T12:00:00,2026-10-06T12:00:00,2026-10-06T12:00:00
308.860,Material Science of Non-metalic Materials,https://tiss.tuwien.ac.at/course/courseDetails.xhtml?courseNr=308860,https://tuwel.tuwien.ac.at/course/view.php?id=80412,2026-02-11T00:00:00,2027-02-13T00:00:00,2027-02-13T00:00:00
308.861,Material Testing 1,https://tiss.tuwien.ac.at/course/courseDetails.xhtml?courseNr=308861,https://tuwel.tuwien.ac.at/course/view.php?id=83194,2026-09-01T00:00:00,2026-10-08T20:00:00,2026-10-12T00:00:00
308.862,Materials Science of Metallic Materials,https://tiss.tuwien.ac.at/course/courseDetails.xhtml?courseNr=308862,,2026-09-03T12:00:00,2026-12-19T12:00:00,2026-12-19T12:00:00
308.863,Materials Science of Steels,https://tiss.tuwien.ac.at/course/courseDetails.xhtml?courseNr=308863,https://tuwel.tuwien.ac.at/course/view.php?id=64592,2026-02-16T00:00:00,2027-03-11T00:00:00,2027-03-11T00:00:00
308.865,Additive Manufacturing Technologies,https://tiss.tuwien.ac.at/course/courseDetails.xhtml?courseNr=308865,,2026-03-03T14:00:00,2026-03-04T10:00:00,
308.866,Materials Processing,https://tiss.tuwien.ac.at/course/courseDetails.xhtml?courseNr=308866,,2026-10-12T13:30:00,2027-01-15T12:00:00,2027-01-16T12:00:00
308.867,Materials Processing,https://tiss.tuwien.ac.at/course/courseDetails.xhtml?courseNr=308867,,,,
308.868,Engineering Materials,https://tiss.tuwien.ac.at/course/courseDetails.xhtml?courseNr=308868,,2026-09-03T12:00:00,2026-12-19T12:00:00,2026-12-19T12:00:00
308.869,Life cycle of materials,https://tiss.tuwien.ac.at/course/courseDetails.xhtml?courseNr=308869,https://tuwel.tuwien.ac.at/course/view.php?id=81299,2026-02-11T00:00:00,2026-06-29T00:00:00,2026-06-29T00:00:00
308.870,Materials Diagnostics,https://tiss.tuwien.ac.at/course/courseDetails.xhtml?courseNr=308870,,2026-03-05T14:00:00,2026-03-19T13:00:00,
308.871,Bachelor Thesis Materials Science &Technology,https://tiss.tuwien.ac.at/course/courseDetails.xhtml?courseNr=308871,,,,
308.874,Project Work Materials,https://tiss.tuwien.ac.at/course/courseDetails.xhtml?courseNr=308874,,2026-08-20T09:00:00,2026-09-30T23:55:00,2026-09-30T23:55:00
308.875,Surface Technology,https://tiss.tuwien.ac.at/course/courseDetails.xhtml?courseNr=308875,https://tuwel.tuwien.ac.at/course/view.php?id=81488,2026-01-20T08:00:00,2026-03-17T23:59:00,2026-03-17T23:59:00
308.878,Materials Selection,https://tiss.tuwien.ac.at/course/courseDetails.xhtml?courseNr=308878,https://tuwel.tuwien.ac.at/course/view.php?id=81623,2026-01-29T10:00:00,2026-04-01T10:00:00,
308.880,Corrosion,https://tiss.tuwien.ac.at/course/courseDetails.xhtml?courseNr=308880,,2026-09-21T00:00:00,2026-10-16T23:59:00,
308.882,Atomistic Materials Modelling,https://tiss.tuwien.ac.at/course/courseDetails.xhtml?courseNr=308882,,2026-08-31T00:00:00,2026-10-05T07:00:00,2026-10-02T00:00:00
308.884,Dissertation privatissimum,https://tiss.tuwien.ac.at/course/courseDetails.xhtml?courseNr=308884,,,,
308.885,Elasticity and Dislocations,https://tiss.tuwien.ac.at/course/courseDetails.xhtml?courseNr=308885,https://tuwel.tuwien.ac.at/course/view.php?id=81311,2026-01-28T00:00:00,2026-04-16T23:59:00,2026-02-26T23:59:00
308.886,Computer Use in Materials Technology,https://tiss.tuwien.ac.at/course/courseDetails.xhtml?courseNr=308886,,2026-09-09T16:00:00,2026-11-22T23:55:00,2026-11-22T23:55:00
308.889,Short courses in materials technology,https://tiss.tuwien.ac.at/course/courseDetails.xhtml?courseNr=308889,,2026-11-24T00:00:00,2026-12-15T20:00:00,2026-12-18T00:00:00
308.892,Surface Technology,https://tiss.tuwien.ac.at/course/courseDetails.xhtml?courseNr=308892,,2026-08-20T10:00:00,2026-10-12T23:00:00,2026-10-28T14:00:00
308.894,Tribology and wear under harsh environments,https://tiss.tuwien.ac.at/course/courseDetails.xhtml?courseNr=308894,,2026-08-12T15:00:00,2027-05-08T12:00:00,2027-05-07T12:00:00
308.895,Materials in Nuclear Applications – Fundamentals,https://tiss.tuwien.ac.at/course/courseDetails.xhtml?courseNr=308895,https://tuwel.tuwien.ac.at/course/view.php?id=79848,2026-03-03T12:00:00,2026-06-10T10:00:00,2026-05-31T23:00:00
309.005,Injury Mechanics,https://tiss.tuwien.ac.at/course/courseDetails.xhtml?courseNr=309005,,2026-10-05T00:00:00,2027-01-28T00:00:00,2027-01-28T00:00:00
309.019,Mechanics of solid bodies 1,https://tiss.tuwien.ac.at/course/courseDetails.xhtml?courseNr=309019,,,,
309.020,Mechanics of solid bodies 2,https://tiss.tuwien.ac.at/course/courseDetails.xhtml?courseNr=309020,,,,
309.021,"Mechanics of solid bodies, exercises 1",https://tiss.tuwien.ac.at/course/courseDetails.xhtml?courseNr=309021,,2026-09-14T08:00:00,2026-10-07T12:00:00,2026-10-07T12:00:00
309.022,"Mechanics of solid bodies, exercises 2",https://tiss.tuwien.ac.at/course/courseDetails.xhtml?courseNr=309022,,2026-09-03T00:00:00,2026-10-29T09:00:00,2026-11-13T09:00:00
309.023,Stability of motion,https://tiss.tuwien.ac.at/course/courseDetails.xhtml?courseNr=309023,,2026-09-14T10:00:00,2026-11-02T00:00:00,
309.029,Fundamentals of Multibody System Dynamics,https://tiss.tuwien.ac.at/course/courseDetails.xhtml?courseNr=309029,https://tuwel.tuwien.ac.at/course/view.php?id=80127,2026-02-03T00:00:00,2026-04-06T00:00:00,
309.033,Biomechanics of the Human Locomotor System,https://tiss.tuwien.ac.at/course/courseDetails.xhtml?courseNr=309033,https://tuwel.tuwien.ac.at/course/view.php?id=80199,2026-02-23T16:00:00,2026-03-27T23:59:00,
309.038,Modelling of the Human Locomotor System,https://tiss.tuwien.ac.at/course/courseDetails.xhtml?courseNr=309038,https://tuwel.tuwien.ac.at/course/view.php?id=80163,2026-02-23T10:00:00,,
309.041,Spezielle Probleme der Mehrkörpersystemdynamik,https://tiss.tuwien.ac.at/course/courseDetails.xhtml?courseNr=309041,,2026-10-04T08:00:00,2026-10-30T12:00:00,
309.518,Finite elasticity,https://tiss.tuwien.ac.at/course/courseDetails.xhtml?courseNr=309518,,2026-09-21T08:00:00,2026-11-06T08:00:00,
311.063,Co-ordinate Measuring Machine,https://tiss.tuwien.ac.at/course/courseDetails.xhtml?courseNr=311063,,2026-09-02T08:00:00,2026-10-12T23:00:00,2026-12-01T23:00:00
311.066,Fundamentals of Appropriate Technology and Development Technology,https://tiss.tuwien.ac.at/course/courseDetails.xhtml?courseNr=311066,,2026-02-09T06:00:00,2026-05-18T12:00:00,
311.067,Fundamentals of Appropriate Technology and Development Technology,https://tiss.tuwien.ac.at/course/courseDetails.xhtml?courseNr=311067,,2026-02-16T06:00:00,2026-05-04T18:00:00,
311.078,Production Planning and Control Systems,https://tiss.tuwien.ac.at/course/courseDetails.xhtml?courseNr=311078,https://tuwel.tuwien.ac.at/course/view.php?id=81960,2026-02-24T10:00:00,2026-05-04T23:59:00,2026-05-04T23:59:00
311.089,PLC: Programming and Industrial Communication,https://tiss.tuwien.ac.at/course/courseDetails.xhtml?courseNr=311089,https://tuwel.tuwien.ac.at/course/view.php?id=81950,2026-02-12T00:00:00,2026-04-07T00:00:00,2026-04-07T00:00:00
311.092,Automation and Drives,https://tiss.tuwien.ac.at/course/courseDetails.xhtml?courseNr=311092,https://tuwel.tuwien.ac.at/course/view.php?id=81575,2026-02-12T00:00:00,2026-03-11T00:00:00,2026-03-11T00:00:00
311.093,Design of Machine Tools,https://tiss.tuwien.ac.at/course/courseDetails.xhtml?courseNr=311093,,2026-07-07T08:00:00,2027-07-07T17:00:00,2026-10-31T17:00:00
311.106,Machining and Forming,https://tiss.tuwien.ac.at/course/courseDetails.xhtml?courseNr=311106,,2026-09-15T08:00:00,2026-10-12T17:00:00,2026-10-31T17:00:00
311.108,Workshop on Production Technology,https://tiss.tuwien.ac.at/course/courseDetails.xhtml?courseNr=311108,https://tuwel.tuwien.ac.at/course/view.php?id=82238,,,
311.110,Testing of Production Equipment,https://tiss.tuwien.ac.at/course/courseDetails.xhtml?courseNr=311110,,2026-01-28T08:00:00,2026-05-20T23:59:00,2026-05-20T23:59:00
311.114,Industrial Manufacturing Systems,https://tiss.tuwien.ac.at/course/courseDetails.xhtml?courseNr=311114,,2026-09-10T00:00:00,2027-03-01T00:00:00,2027-03-01T00:00:00
311.117,Geometrical Product Specifications and Verification,https://tiss.tuwien.ac.at/course/courseDetails.xhtml?courseNr=311117,,2026-03-03T08:00:00,2026-03-18T20:00:00,2026-03-18T20:00:00
311.120,Industrial Manufacturing Systems,https://tiss.tuwien.ac.at/course/courseDetails.xhtml?courseNr=311120,,,,
311.121,Testing of Production Equipment,https://tiss.tuwien.ac.at/course/courseDetails.xhtml?courseNr=311121,,2026-02-16T08:00:00,2026-05-15T23:59:00,2026-05-16T23:59:00
311.122,Manufacturing Systems,https://tiss.tuwien.ac.at/course/courseDetails.xhtml?courseNr=311122,,2026-02-23T00:00:00,2026-03-23T23:59:00,2026-03-23T23:59:00
311.123,Physics for MB,https://tiss.tuwien.ac.at/course/courseDetails.xhtml?courseNr=311123,,2026-10-05T10:00:00,2027-12-29T10:00:00,
311.125,Precision Machining with Lasers,https://tiss.tuwien.ac.at/course/courseDetails.xhtml?courseNr=311125,,2026-09-05T10:00:00,2026-12-02T00:00:00,
311.126,Laser Processing Technology,https://tiss.tuwien.ac.at/course/courseDetails.xhtml?courseNr=311126,https://tuwel.tuwien.ac.at/course/view.php?id=82105,2026-02-03T09:00:00,,
311.131,Project Work Laser material processing,https://tiss.tuwien.ac.at/course/courseDetails.xhtml?courseNr=311131,,,,
311.132,Laser technology,https://tiss.tuwien.ac.at/course/courseDetails.xhtml?courseNr=311132,https://tuwel.tuwien.ac.at/course/view.php?id=9427,2026-10-02T10:00:00,,
311.133,Bachelor Thesis Production Engineering and Laser Technology,https://tiss.tuwien.ac.at/course/courseDetails.xhtml?courseNr=311133,,,,
311.136,Basics of Laser Technology,https://tiss.tuwien.ac.at/course/courseDetails.xhtml?courseNr=311136,,,,
311.137,Modelling and Simulation in Production Technology,https://tiss.tuwien.ac.at/course/courseDetails.xhtml?courseNr=311137,https://tuwel.tuwien.ac.at/course/view.php?id=79152,,,
311.138,Production Metrology,https://tiss.tuwien.ac.at/course/courseDetails.xhtml?courseNr=311138,,2026-03-03T08:00:00,2026-04-03T20:00:00,2026-04-03T20:00:00
311.139,Production Metrology,https://tiss.tuwien.ac.at/course/courseDetails.xhtml?courseNr=311139,,,,
311.140,Production Metrology - Seminar,https://tiss.tuwien.ac.at/course/courseDetails.xhtml?courseNr=311140,https://tuwel.tuwien.ac.at/course/view.php?id=81632,2026-01-28T08:00:00,2026-04-30T23:00:00,2026-04-30T23:00:00
311.143,Project Work Production Metrology,https://tiss.tuwien.ac.at/course/courseDetails.xhtml?courseNr=311143,,,,
311.144,Project Work Automation in Production Facilities,https://tiss.tuwien.ac.at/course/courseDetails.xhtml?courseNr=311144,,,,
311.147,Project Work Computer Integrated Manufacturing,https://tiss.tuwien.ac.at/course/courseDetails.xhtml?courseNr=311147,,2026-01-30T08:00:00,2026-04-07T23:59:00,2026-04-07T23:59:00
311.149,Project Work Manufacturing Systems,https://tiss.tuwien.ac.at/course/courseDetails.xhtml?courseNr=311149,,2026-10-06T00:00:00,2026-11-20T00:00:00,2026-11-20T00:00:00
311.160,Energy- and resource-efficient production – in-depth,https://tiss.tuwien.ac.at/course/courseDetails.xhtml?courseNr=311160,,2026-02-15T07:00:00,2026-06-25T12:00:00,2026-06-25T12:00:00
311.170,Mechanical behaviour of 3D printed components: Opportunities and challenges in future design,https://tiss.tuwien.ac.at/course/courseDetails.xhtml?courseNr=311170,,2026-09-01T08:00:00,2026-10-31T23:00:00,2026-10-31T23:00:00
311.173,Seminar for PHD students,https://tiss.tuwien.ac.at/course/courseDetails.xhtml?courseNr=311173,,2026-11-18T08:00:00,2027-02-03T16:00:00,2027-02-03T16:00:00
311.178,"An introduction to the design, measurement and operation of large mechanical engineering plants using the example of CERN",https://tiss.tuwien.ac.at/course/courseDetails.xhtml?courseNr=311178,,2025-10-29T08:00:00,2026-04-28T20:00:00,2026-04-28T20:00:00
311.181,Seminar for Master and PhD students,https://tiss.tuwien.ac.at/course/courseDetails.xhtml?courseNr=311181,,,,
311.186,Robotics in Manufacturing,https://tiss.tuwien.ac.at/course/courseDetails.xhtml?courseNr=311186,https://tuwel.tuwien.ac.at/course/view.php?id=81188,2026-03-03T00:00:00,2026-06-02T00:00:00,2026-06-02T00:00:00
311.188,Energy and Resource-Efficient Production – Basics,https://tiss.tuwien.ac.at/course/courseDetails.xhtml?courseNr=311188,,2026-08-27T16:00:00,2026-10-17T19:00:00,
311.189,Programming and Simulation of Manufacturing Processes (CAD/CAM/CAE),https://tiss.tuwien.ac.at/course/courseDetails.xhtml?courseNr=311189,,2026-10-06T09:00:00,2026-11-05T23:59:00,2026-11-05T23:59:00
311.191,Forming,https://tiss.tuwien.ac.at/course/courseDetails.xhtml?courseNr=311191,https://tuwel.tuwien.ac.at/course/view.php?id=74063,2026-09-15T08:00:00,2026-10-12T08:00:00,2026-10-31T08:00:00
311.192,Industrial Additive Manufacturing,https://tiss.tuwien.ac.at/course/courseDetails.xhtml?courseNr=311192,,,,
311.193,Precision Machining,https://tiss.tuwien.ac.at/course/courseDetails.xhtml?courseNr=311193,,2026-09-01T12:00:00,,
311.194,Statistical Quality Assurance and PMI/CAQ,https://tiss.tuwien.ac.at/course/courseDetails.xhtml?courseNr=311194,,2026-09-01T08:00:00,2026-10-31T23:00:00,2026-10-31T23:00:00
311.196,Machining,https://tiss.tuwien.ac.at/course/courseDetails.xhtml?courseNr=311196,,,,
311.197,Integrative Product Creation,https://tiss.tuwien.ac.at/course/courseDetails.xhtml?courseNr=311197,,,,
311.198,Integrative Product Creation,https://tiss.tuwien.ac.at/course/courseDetails.xhtml?courseNr=311198,,,,
311.199,Sustainable Materials and Manufacturing Technologies: In-Depth Study and Application,https://tiss.tuwien.ac.at/course/courseDetails.xhtml?courseNr=311199,,,,
311.564,NC Programming,https://tiss.tuwien.ac.at/course/courseDetails.xhtml?courseNr=311564,,2026-10-07T08:00:00,2026-10-23T12:00:00,2026-10-23T12:00:00
311.620,Fundamentals of Manufacturing Engineering,https://tiss.tuwien.ac.at/course/courseDetails.xhtml?courseNr=311620,,2026-09-23T23:59:00,2026-12-31T23:59:00,2026-12-31T23:59:00
311.745,Intelligent Manufacturing Systems,https://tiss.tuwien.ac.at/course/courseDetails.xhtml?courseNr=311745,,2026-02-03T00:00:00,2026-07-02T00:00:00,2026-07-02T00:00:00
311.998,Manufacturing Systems,https://tiss.tuwien.ac.at/course/courseDetails.xhtml?courseNr=311998,,2026-09-03T00:00:00,2026-11-28T00:00:00,2026-11-28T00:00:00
311.999,Machining laboratory,https://tiss.tuwien.ac.at/course/courseDetails.xhtml?courseNr=311999,,,,
314.018,Gruppendynamisches Seminar,https://tiss.tuwien.ac.at/course/courseDetails.xhtml?courseNr=314018,https://tuwel.tuwien.ac.at/course/view.php?id=78465,2026-01-30T09:00:00,2026-03-23T12:00:00,2026-03-23T12:00:00
315.032,Future development of gasoline engines,https://tiss.tuwien.ac.at/course/courseDetails.xhtml?courseNr=315032,,2026-01-12T08:00:00,2026-05-08T17:00:00,2026-05-08T17:00:00
315.049,Project Work in Environmental Impacts of Automotive Engines,https://tiss.tuwien.ac.at/course/courseDetails.xhtml?courseNr=315049,,,,
315.054,Criteria of future automobiles I,https://tiss.tuwien.ac.at/course/courseDetails.xhtml?courseNr=315054,,2026-09-05T08:00:00,2026-11-27T17:00:00,2026-11-27T17:00:00
315.055,Criteria of future automobiles II,https://tiss.tuwien.ac.at/course/courseDetails.xhtml?courseNr=315055,,2026-01-12T08:00:00,2026-03-13T17:00:00,2026-03-13T17:00:00
315.059,Future Drive Concepts,https://tiss.tuwien.ac.at/course/courseDetails.xhtml?courseNr=315059,,2026-01-12T08:00:00,2026-05-01T17:00:00,2026-05-01T17:00:00
315.061,Fundamentals of Electronics for MB and WIMB,https://tiss.tuwien.ac.at/course/courseDetails.xhtml?courseNr=315061,,2026-09-07T08:00:00,2027-09-11T23:59:00,2027-09-11T23:59:00
315.063,Large Engines,https://tiss.tuwien.ac.at/course/courseDetails.xhtml?courseNr=315063,,,,
315.064,Fundamentals of Electrical Engineering and Electronics part 1-2 for MB and WIMB,https://tiss.tuwien.ac.at/course/courseDetails.xhtml?courseNr=315064,,2027-01-04T08:00:00,2027-01-31T00:00:00,2027-02-05T12:00:00
315.065,Sustainable Mobility,https://tiss.tuwien.ac.at/course/courseDetails.xhtml?courseNr=315065,,,,
315.066,Applied Electronics for MB and WIMB,https://tiss.tuwien.ac.at/course/courseDetails.xhtml?courseNr=315066,,,,
315.067,Electric Drive Systems for MB and WIMB,https://tiss.tuwien.ac.at/course/courseDetails.xhtml?courseNr=315067,,,,
315.282,Automotive Engineering,https://tiss.tuwien.ac.at/course/courseDetails.xhtml?courseNr=315282,,2026-08-24T08:00:00,,
315.436,Racing engines and racing cars,https://tiss.tuwien.ac.at/course/courseDetails.xhtml?courseNr=315436,,2026-01-12T08:00:00,2026-04-24T17:00:00,2026-04-24T17:00:00
315.725,Alternative Powertrains,https://tiss.tuwien.ac.at/course/courseDetails.xhtml?courseNr=315725,,2026-01-12T08:00:00,2026-06-02T08:00:00,2026-06-02T08:00:00
315.726,Automotive Engineering,https://tiss.tuwien.ac.at/course/courseDetails.xhtml?courseNr=315726,,2026-08-24T08:00:00,2026-11-02T17:00:00,2026-11-02T17:00:00
315.728,Automotive Powertrains,https://tiss.tuwien.ac.at/course/courseDetails.xhtml?courseNr=315728,,2026-08-24T08:00:00,,
315.729,Automotive Powertrains,https://tiss.tuwien.ac.at/course/courseDetails.xhtml?courseNr=315729,,2026-09-05T08:00:00,2026-10-08T13:00:00,2026-10-08T13:00:00
315.732,Automotive Powertrains,https://tiss.tuwien.ac.at/course/courseDetails.xhtml?courseNr=315732,,2026-07-31T08:00:00,2026-10-02T11:00:00,
315.733,Car Design,https://tiss.tuwien.ac.at/course/courseDetails.xhtml?courseNr=315733,,2026-09-05T08:00:00,2026-10-08T13:00:00,2026-10-08T13:00:00
315.734,Commercial and Special Vehicles,https://tiss.tuwien.ac.at/course/courseDetails.xhtml?courseNr=315734,,2026-09-01T08:00:00,2026-10-03T17:00:00,
315.735,Design of Automotive Suspension Systems,https://tiss.tuwien.ac.at/course/courseDetails.xhtml?courseNr=315735,,2026-07-31T08:00:00,2026-10-23T12:00:00,2026-10-23T12:00:00
315.737,Automotive Powertrains - Advanced,https://tiss.tuwien.ac.at/course/courseDetails.xhtml?courseNr=315737,,2025-10-31T08:00:00,,
315.738,Automotive Powertrains,https://tiss.tuwien.ac.at/course/courseDetails.xhtml?courseNr=315738,,2026-09-05T08:00:00,2026-10-08T13:00:00,2026-10-08T13:00:00
315.740,Bachelor Thesis Powertrains and Automotive Technology,https://tiss.tuwien.ac.at/course/courseDetails.xhtml?courseNr=315740,,,,
315.744,Project Work,https://tiss.tuwien.ac.at/course/courseDetails.xhtml?courseNr=315744,,,,
315.745,Engine Cycle Simulation - Programming Exercise,https://tiss.tuwien.ac.at/course/courseDetails.xhtml?courseNr=315745,https://tuwel.tuwien.ac.at/course/view.php?id=81896,2026-01-12T08:00:00,2026-05-05T16:00:00,2026-05-05T16:00:00
315.746,Off-road vehicles technology,https://tiss.tuwien.ac.at/course/courseDetails.xhtml?courseNr=315746,,2026-01-12T08:00:00,2026-03-06T16:00:00,
315.750,Automated driving and alternative vehicle technology,https://tiss.tuwien.ac.at/course/courseDetails.xhtml?courseNr=315750,,2026-01-12T08:00:00,2026-04-10T17:00:00,2026-04-10T17:00:00
315.751,Systems and components of electromobility,https://tiss.tuwien.ac.at/course/courseDetails.xhtml?courseNr=315751,,2026-09-05T08:00:00,2026-11-13T17:00:00,2026-11-13T17:00:00
315.752,Hydrogen and fuel cells,https://tiss.tuwien.ac.at/course/courseDetails.xhtml?courseNr=315752,,2026-01-12T08:00:00,2026-03-20T17:00:00,2026-03-20T17:00:00
315.753,Engine and Vehicle Control Systems,https://tiss.tuwien.ac.at/course/courseDetails.xhtml?courseNr=315753,,2026-01-12T08:00:00,2026-03-13T17:00:00,2026-03-13T17:00:00
315.754,Fuel cell,https://tiss.tuwien.ac.at/course/courseDetails.xhtml?courseNr=315754,,2026-01-12T08:00:00,2026-03-05T16:00:00,
315.756,"New mobility, vehicle body and technology concepts",https://tiss.tuwien.ac.at/course/courseDetails.xhtml?courseNr=315756,,2026-09-05T08:00:00,2026-11-20T17:00:00,2026-11-20T17:00:00
315.757,Fuel Cell Programming,https://tiss.tuwien.ac.at/course/courseDetails.xhtml?courseNr=315757,,2026-09-05T08:00:00,2026-11-05T13:00:00,
315.758,Hybrid Drives,https://tiss.tuwien.ac.at/course/courseDetails.xhtml?courseNr=315758,,2026-08-17T08:00:00,,
315.759,Automotive Exhaust Emissions,https://tiss.tuwien.ac.at/course/courseDetails.xhtml?courseNr=315759,,2026-09-05T08:00:00,2026-12-06T16:00:00,2026-12-07T16:00:00
315.760,Automotive Powertrains - Emissions and Energy,https://tiss.tuwien.ac.at/course/courseDetails.xhtml?courseNr=315760,,2026-09-05T08:00:00,2026-10-08T13:00:00,2026-10-08T13:00:00
315.761,"Automobile, Energy and Environment",https://tiss.tuwien.ac.at/course/courseDetails.xhtml?courseNr=315761,,2026-09-05T08:00:00,2026-10-08T13:00:00,2026-10-08T13:00:00
315.762,Catalytic pollutant reduction of internal combustion engines,https://tiss.tuwien.ac.at/course/courseDetails.xhtml?courseNr=315762,,2026-01-12T08:00:00,2026-05-15T17:00:00,2026-05-15T17:00:00
315.763,Motor Vehicle Noise Emissions,https://tiss.tuwien.ac.at/course/courseDetails.xhtml?courseNr=315763,https://tuwel.tuwien.ac.at/course/view.php?id=78312,2026-01-29T09:00:00,2026-03-11T14:00:00,2026-03-12T16:00:00
315.764,Thermodynamic Principles of Automotive Propulsion Systems,https://tiss.tuwien.ac.at/course/courseDetails.xhtml?courseNr=315764,https://tuwel.tuwien.ac.at/course/view.php?id=79278,2026-01-12T08:00:00,2026-03-30T12:00:00,
317.004,Applied Hydrostatics and Hydrodynamics of Ships,https://tiss.tuwien.ac.at/course/courseDetails.xhtml?courseNr=317004,,2026-08-18T08:00:00,2026-11-01T22:00:00,2026-11-01T22:00:00
317.007,Seminar for PhD Students,https://tiss.tuwien.ac.at/course/courseDetails.xhtml?courseNr=317007,,,,
317.014,Advanced Space Propulsion Systems,https://tiss.tuwien.ac.at/course/courseDetails.xhtml?courseNr=317014,,,,
317.026,Tissue Biomechanics,https://tiss.tuwien.ac.at/course/courseDetails.xhtml?courseNr=317026,https://tuwel.tuwien.ac.at/course/view.php?id=80562,2026-01-03T00:00:00,2026-03-27T00:00:00,2026-03-27T23:00:00
317.028,Tissue Biomechanics,https://tiss.tuwien.ac.at/course/courseDetails.xhtml?courseNr=317028,https://tuwel.tuwien.ac.at/course/view.php?id=80583,2026-01-12T08:00:00,2026-03-11T10:00:00,2026-03-12T09:00:00
317.029,Sandwich Structures,https://tiss.tuwien.ac.at/course/courseDetails.xhtml?courseNr=317029,,,,
317.032,Tissue Biomechanics,https://tiss.tuwien.ac.at/course/courseDetails.xhtml?courseNr=317032,,2026-09-09T14:00:00,2026-10-07T12:00:00,2026-10-14T00:59:00
317.039,Introduction to Finite Element Methods in Solid Mechanics,https://tiss.tuwien.ac.at/course/courseDetails.xhtml?courseNr=317039,https://tuwel.tuwien.ac.at/course/view.php?id=80166,2026-02-11T00:00:00,2026-03-11T12:00:00,2026-03-11T12:00:00
317.043,Introduction to Biomechanics,https://tiss.tuwien.ac.at/course/courseDetails.xhtml?courseNr=317043,,2026-08-24T08:00:00,2026-10-16T23:00:00,2026-10-21T23:00:00
317.047,Computational Bionics,https://tiss.tuwien.ac.at/course/courseDetails.xhtml?courseNr=317047,,2026-07-20T23:59:00,2026-10-26T23:59:00,2026-10-26T23:59:00
317.048,Mechanics 1 for PE,https://tiss.tuwien.ac.at/course/courseDetails.xhtml?courseNr=317048,https://tuwel.tuwien.ac.at/course/view.php?id=74447,2026-01-08T14:00:00,2026-03-30T23:55:00,2026-04-06T23:55:00
317.051,Finite elements in the application,https://tiss.tuwien.ac.at/course/courseDetails.xhtml?courseNr=317051,https://tuwel.tuwien.ac.at/course/view.php?id=79059,2026-02-16T10:00:00,2026-04-28T10:00:00,2026-04-28T10:00:00
317.052,Computational Biomechanics,https://tiss.tuwien.ac.at/course/courseDetails.xhtml?courseNr=317052,https://tuwel.tuwien.ac.at/course/view.php?id=80178,2026-02-11T00:00:00,2026-03-11T12:00:00,2026-03-11T12:00:00
317.056,Project: Biomaterials and Biomechanics,https://tiss.tuwien.ac.at/course/courseDetails.xhtml?courseNr=317056,,,,
317.057,Optimization in Lightweight Design,https://tiss.tuwien.ac.at/course/courseDetails.xhtml?courseNr=317057,,,,
317.058,Optimization in Lightweight Design,https://tiss.tuwien.ac.at/course/courseDetails.xhtml?courseNr=317058,,,,
317.059,Fundamentals of Finite Element Methods,https://tiss.tuwien.ac.at/course/courseDetails.xhtml?courseNr=317059,,2026-09-01T09:00:00,2026-10-31T18:00:00,2026-10-31T18:00:00
317.060,Isogeometric Analysis,https://tiss.tuwien.ac.at/course/courseDetails.xhtml?courseNr=317060,,,,
317.061,Numerical Methods in Engineering 1 for WIMB,https://tiss.tuwien.ac.at/course/courseDetails.xhtml?courseNr=317061,,,,
317.062,Fundamentals of Continuum Mechanics,https://tiss.tuwien.ac.at/course/courseDetails.xhtml?courseNr=317062,,,,
317.063,Numerical Analysis of Stability Problems,https://tiss.tuwien.ac.at/course/courseDetails.xhtml?courseNr=317063,,,,
317.065,Advanced Materials Modeling,https://tiss.tuwien.ac.at/course/courseDetails.xhtml?courseNr=317065,,,,
317.066,Nonlinear Finite Element Methods,https://tiss.tuwien.ac.at/course/courseDetails.xhtml?courseNr=317066,,,,
317.108,Seminar in Light Weight Structures,https://tiss.tuwien.ac.at/course/courseDetails.xhtml?courseNr=317108,https://tuwel.tuwien.ac.at/course/view.php?id=80508,2026-02-09T08:00:00,2026-03-23T23:00:00,2026-03-23T23:00:00
317.512,Project Work Design Project Light Weight Structures and Finite Element Methods,https://tiss.tuwien.ac.at/course/courseDetails.xhtml?courseNr=317512,,2026-09-01T13:15:00,2026-11-27T00:00:00,2026-11-27T00:00:00
317.513,Bachelor Thesis Lightweight Design and Structural Biomechanics,https://tiss.tuwien.ac.at/course/courseDetails.xhtml?courseNr=317513,,,,
317.525,Project Work Tissue Biomechanics,https://tiss.tuwien.ac.at/course/courseDetails.xhtml?courseNr=317525,,,,
317.526,Finite Element Methods in Biomechanics,https://tiss.tuwien.ac.at/course/courseDetails.xhtml?courseNr=317526,https://tuwel.tuwien.ac.at/course/view.php?id=79896,2026-02-11T00:00:00,2026-03-11T12:00:00,2026-03-11T12:00:00
317.530,"Fundamentals in Programming for MB, WIMB and VT",https://tiss.tuwien.ac.at/course/courseDetails.xhtml?courseNr=317530,,2026-09-15T08:00:00,2026-10-29T23:59:00,2026-10-29T23:59:00
317.532,Experimental Mechanics and Characterization of the Hierarchical Structure of Biological Tissues,https://tiss.tuwien.ac.at/course/courseDetails.xhtml?courseNr=317532,,2026-01-29T09:00:00,2026-03-27T22:00:00,2026-03-27T22:00:00
317.534,Structural Analyses of Railway Vehicles Constructions,https://tiss.tuwien.ac.at/course/courseDetails.xhtml?courseNr=317534,,2026-10-06T10:00:00,2026-11-30T20:00:00,2026-12-03T20:00:00
317.541,Privatissimum for Doctor's Thesis,https://tiss.tuwien.ac.at/course/courseDetails.xhtml?courseNr=317541,,,,
317.542,Analytical Methods in Lightweight Design,https://tiss.tuwien.ac.at/course/courseDetails.xhtml?courseNr=317542,,2026-08-25T08:00:00,2026-11-02T08:00:00,2026-11-02T08:00:00
317.543,Analytical Methods in Lightweight Design,https://tiss.tuwien.ac.at/course/courseDetails.xhtml?courseNr=317543,https://tuwel.tuwien.ac.at/course/view.php?id=80103,2026-02-09T08:00:00,2026-03-15T08:00:00,2026-04-01T08:00:00
317.547,Machine Learning in Engineering Applications,https://tiss.tuwien.ac.at/course/courseDetails.xhtml?courseNr=317547,https://tuwel.tuwien.ac.at/course/view.php?id=80007,2026-02-03T09:00:00,2026-07-02T17:00:00,2026-07-02T17:00:00
317.552,Lightweight Design with Fiber-Reinforced-Polymers,https://tiss.tuwien.ac.at/course/courseDetails.xhtml?courseNr=317552,,2026-08-25T08:00:00,2026-11-13T08:00:00,2026-11-13T08:00:00
317.553,Design of Composite Structures using Finite Element Methods,https://tiss.tuwien.ac.at/course/courseDetails.xhtml?courseNr=317553,https://tuwel.tuwien.ac.at/course/view.php?id=80013,2025-09-23T08:00:00,2026-03-13T08:00:00,2026-03-18T08:00:00
317.554,Composites Engineering,https://tiss.tuwien.ac.at/course/courseDetails.xhtml?courseNr=317554,,2026-10-07T00:00:00,2026-12-23T00:00:00,2027-02-06T00:00:00
317.556,Numerical Methods in Engineering 1,https://tiss.tuwien.ac.at/course/courseDetails.xhtml?courseNr=317556,https://tuwel.tuwien.ac.at/course/view.php?id=79389,2026-01-28T00:00:00,2026-03-13T09:00:00,2026-03-13T09:00:00
319.032,Multiphase Flows,https://tiss.tuwien.ac.at/course/courseDetails.xhtml?courseNr=319032,,2026-08-31T13:00:00,2026-10-14T08:34:00,2026-10-27T14:15:00
321.001,The motor 'muscle',https://tiss.tuwien.ac.at/course/courseDetails.xhtml?courseNr=321001,,2026-02-01T00:01:00,2026-03-30T23:59:00,2026-03-30T23:59:00
322.018,Cardiovascular System Dynamics,https://tiss.tuwien.ac.at/course/courseDetails.xhtml?courseNr=322018,,,,
322.019,Basics of lung physiology and vertilation technique in the intensive care medicine,https://tiss.tuwien.ac.at/course/courseDetails.xhtml?courseNr=322019,,,,
322.021,Project study in fluid mechanics,https://tiss.tuwien.ac.at/course/courseDetails.xhtml?courseNr=322021,,,,
322.029,Boundary layer theory,https://tiss.tuwien.ac.at/course/courseDetails.xhtml?courseNr=322029,,2026-10-05T07:00:00,,
322.046,Heat Transfer,https://tiss.tuwien.ac.at/course/courseDetails.xhtml?courseNr=322046,,2026-09-03T18:00:00,2026-10-28T17:00:00,2026-10-30T08:00:00
322.047,Applied Fluid Mechanics Laboratory,https://tiss.tuwien.ac.at/course/courseDetails.xhtml?courseNr=322047,,2026-09-01T15:00:00,2026-10-14T14:55:00,
322.048,Fundamentals in Fluid Mechanics,https://tiss.tuwien.ac.at/course/courseDetails.xhtml?courseNr=322048,https://tuwel.tuwien.ac.at/course/view.php?id=80241,,,
322.055,Bachelor Thesis Fluid Mechanics and Heat Transfer,https://tiss.tuwien.ac.at/course/courseDetails.xhtml?courseNr=322055,,,,
322.057,Calculating Turbulent Flows with CFD-Codes,https://tiss.tuwien.ac.at/course/courseDetails.xhtml?courseNr=322057,,2026-09-09T12:00:00,2026-10-27T23:00:00,
322.058,Turbulent flows,https://tiss.tuwien.ac.at/course/courseDetails.xhtml?courseNr=322058,,2026-08-31T00:00:00,2026-11-28T00:00:00,
322.059,Seminar on Turbulence,https://tiss.tuwien.ac.at/course/courseDetails.xhtml?courseNr=322059,,,,
322.060,Seminar of Biofluidmechanics Seminar on Fluid Mechanics,https://tiss.tuwien.ac.at/course/courseDetails.xhtml?courseNr=322060,,,,
322.063,Heat and Mass Transfer 2,https://tiss.tuwien.ac.at/course/courseDetails.xhtml?courseNr=322063,https://tuwel.tuwien.ac.at/course/view.php?id=80655,2026-03-04T00:00:00,2026-05-02T00:00:00,2026-05-21T23:55:00
322.068,Project Fluid Dynamics and Heat Transfer,https://tiss.tuwien.ac.at/course/courseDetails.xhtml?courseNr=322068,,,,
322.069,Project Work Fluid Mechanics,https://tiss.tuwien.ac.at/course/courseDetails.xhtml?courseNr=322069,,,,
322.071,Transport phenomena in biological systems,https://tiss.tuwien.ac.at/course/courseDetails.xhtml?courseNr=322071,,2026-09-18T12:00:00,2026-10-12T09:00:00,2026-10-12T09:00:00
322.072,Transport phenomena in biological systems,https://tiss.tuwien.ac.at/course/courseDetails.xhtml?courseNr=322072,,2026-09-18T12:00:00,2026-10-19T12:00:00,2026-10-19T12:00:00
322.073,Seminar for Master and PhD students,https://tiss.tuwien.ac.at/course/courseDetails.xhtml?courseNr=322073,,,,
322.074,Asymptotic Methods of Fluid Mechanics,https://tiss.tuwien.ac.at/course/courseDetails.xhtml?courseNr=322074,https://tuwel.tuwien.ac.at/course/view.php?id=80091,2026-02-09T00:00:00,2026-03-10T22:22:00,
322.076,Applied Fluid Mechanics,https://tiss.tuwien.ac.at/course/courseDetails.xhtml?courseNr=322076,,,,
322.078,CFD Applied Fluidmechanics,https://tiss.tuwien.ac.at/course/courseDetails.xhtml?courseNr=322078,https://tuwel.tuwien.ac.at/course/view.php?id=80796,2026-01-26T00:00:00,2026-03-20T23:59:00,
322.082,Heat and Mass Transfer 1,https://tiss.tuwien.ac.at/course/courseDetails.xhtml?courseNr=322082,,2026-08-31T12:34:00,2026-10-28T12:34:00,2026-10-29T23:45:00
322.083,Numerical Methods in Engineering 2,https://tiss.tuwien.ac.at/course/courseDetails.xhtml?courseNr=322083,https://tuwel.tuwien.ac.at/course/view.php?id=81662,2026-01-04T00:01:00,2026-05-03T23:59:00,
322.084,Cardiovascular fluid mechanics,https://tiss.tuwien.ac.at/course/courseDetails.xhtml?courseNr=322084,,2026-09-04T00:01:00,2026-10-18T23:59:00,
322.085,Numerical Methods for Fluid Mechanics,https://tiss.tuwien.ac.at/course/courseDetails.xhtml?courseNr=322085,,2026-08-31T00:01:00,2026-10-11T23:59:00,
322.087,Fundamentals of numerical thermo-fluid dynamics,https://tiss.tuwien.ac.at/course/courseDetails.xhtml?courseNr=322087,https://tuwel.tuwien.ac.at/course/view.php?id=78366,2026-02-02T10:00:00,2026-03-20T10:00:00,2026-04-03T11:00:00
322.088,Numerical Modelling of Turbulent Flows,https://tiss.tuwien.ac.at/course/courseDetails.xhtml?courseNr=322088,https://tuwel.tuwien.ac.at/course/view.php?id=73019,2025-01-20T00:01:00,2025-03-21T23:59:00,
322.090,Fluid Mechanics 2,https://tiss.tuwien.ac.at/course/courseDetails.xhtml?courseNr=322090,,2026-09-22T00:00:00,2026-10-05T00:00:00,2026-10-05T00:00:00
322.091,Gasdynamics,https://tiss.tuwien.ac.at/course/courseDetails.xhtml?courseNr=322091,https://tuwel.tuwien.ac.at/course/view.php?id=80865,2026-02-16T09:00:00,2026-03-08T23:00:00,2026-03-05T23:00:00
322.092,Aerodynamics,https://tiss.tuwien.ac.at/course/courseDetails.xhtml?courseNr=322092,,2026-08-31T00:01:00,2026-10-15T23:59:00,
322.093,Fluid Mechanics for Industrial Applications,https://tiss.tuwien.ac.at/course/courseDetails.xhtml?courseNr=322093,,,,
322.094,Applied Fluid Mechanics,https://tiss.tuwien.ac.at/course/courseDetails.xhtml?courseNr=322094,,,,
325.001,Process Control,https://tiss.tuwien.ac.at/course/courseDetails.xhtml?courseNr=325001,,2026-09-07T00:00:00,2027-01-27T00:00:00,2027-01-27T00:00:00
325.017,Digital Control,https://tiss.tuwien.ac.at/course/courseDetails.xhtml?courseNr=325017,https://tuwel.tuwien.ac.at/course/view.php?id=79224,2026-02-19T00:00:00,2026-04-16T00:00:00,2026-04-16T00:00:00
325.019,State space control of MIMO systems,https://tiss.tuwien.ac.at/course/courseDetails.xhtml?courseNr=325019,https://tuwel.tuwien.ac.at/course/view.php?id=79749,2026-01-28T00:00:00,2026-05-12T00:00:00,2026-05-12T00:00:00
325.025,Adaptive and predictive control,https://tiss.tuwien.ac.at/course/courseDetails.xhtml?courseNr=325025,https://tuwel.tuwien.ac.at/course/view.php?id=40818,2026-09-14T00:00:00,2026-10-29T23:59:00,2026-10-29T23:59:00
325.038,Fundamentals of Automatic Control,https://tiss.tuwien.ac.at/course/courseDetails.xhtml?courseNr=325038,,2026-08-07T14:00:00,2027-01-26T09:00:00,2027-01-26T09:00:00
325.039,Machine Dynamics,https://tiss.tuwien.ac.at/course/courseDetails.xhtml?courseNr=325039,,2026-09-18T08:00:00,2026-10-30T22:55:00,2026-10-30T22:55:00
325.042,Rotordynamics,https://tiss.tuwien.ac.at/course/courseDetails.xhtml?courseNr=325042,https://tuwel.tuwien.ac.at/course/view.php?id=80709,2026-02-27T13:00:00,2026-04-06T12:00:00,2026-04-16T12:00:00
325.043,Rotordynamics,https://tiss.tuwien.ac.at/course/courseDetails.xhtml?courseNr=325043,https://tuwel.tuwien.ac.at/course/view.php?id=80706,2026-02-27T12:00:00,2026-04-06T12:00:00,2026-04-16T12:00:00
325.045,Engineering dynamics - laboratory course,https://tiss.tuwien.ac.at/course/courseDetails.xhtml?courseNr=325045,,2026-10-04T00:00:00,2026-11-26T23:59:00,2026-12-12T23:59:00
325.046,Seminar engineering dynamics,https://tiss.tuwien.ac.at/course/courseDetails.xhtml?courseNr=325046,,2026-10-04T00:00:00,2027-02-03T00:00:00,2027-02-03T00:00:00
325.047,Vehicle Dynamics Seminar,https://tiss.tuwien.ac.at/course/courseDetails.xhtml?courseNr=325047,https://tuwel.tuwien.ac.at/course/view.php?id=80118,2026-02-23T12:00:00,2026-04-02T12:00:00,2026-04-02T12:00:00
325.048,Project Work Engineering dynamics,https://tiss.tuwien.ac.at/course/courseDetails.xhtml?courseNr=325048,,,,
325.055,Feedback Control,https://tiss.tuwien.ac.at/course/courseDetails.xhtml?courseNr=325055,https://tuwel.tuwien.ac.at/course/view.php?id=78774,2026-02-13T00:00:00,2026-05-06T23:59:00,2026-03-29T23:59:00
325.056,Fundamentals of Multibody System Dynamics,https://tiss.tuwien.ac.at/course/courseDetails.xhtml?courseNr=325056,https://tuwel.tuwien.ac.at/course/view.php?id=80124,2026-03-05T15:00:00,2026-03-09T23:59:00,2026-03-09T23:59:00
325.057,Special Problems of Vehicle Dynamics,https://tiss.tuwien.ac.at/course/courseDetails.xhtml?courseNr=325057,https://tuwel.tuwien.ac.at/course/view.php?id=80121,2026-02-23T12:00:00,2026-04-02T12:00:00,2026-04-02T12:00:00
325.058,Vehicle System Dynamics,https://tiss.tuwien.ac.at/course/courseDetails.xhtml?courseNr=325058,,2026-09-14T10:00:00,2026-11-09T00:00:00,
325.059,Bachelor Thesis Mechanics and Mechatronics,https://tiss.tuwien.ac.at/course/courseDetails.xhtml?courseNr=325059,,,,
325.061,Project Work in Vehicle System Dynamics or Biomechanics,https://tiss.tuwien.ac.at/course/courseDetails.xhtml?courseNr=325061,,2026-07-03T00:00:00,,
325.062,Stochastics,https://tiss.tuwien.ac.at/course/courseDetails.xhtml?courseNr=325062,https://tuwel.tuwien.ac.at/course/view.php?id=79470,2026-02-16T00:00:00,2026-05-19T23:59:00,2026-05-19T23:59:00
325.064,Strength of Materials,https://tiss.tuwien.ac.at/course/courseDetails.xhtml?courseNr=325064,,2026-09-15T00:00:00,2026-11-19T15:00:00,2027-01-29T00:00:00
325.065,Identification - Experimental Modeling,https://tiss.tuwien.ac.at/course/courseDetails.xhtml?courseNr=325065,,,,
325.077,Supervision of PhD students,https://tiss.tuwien.ac.at/course/courseDetails.xhtml?courseNr=325077,,,,
325.079,Project Work Measurement and Actuator Technology,https://tiss.tuwien.ac.at/course/courseDetails.xhtml?courseNr=325079,,,,
325.090,Seminar Mechatronic Systems,https://tiss.tuwien.ac.at/course/courseDetails.xhtml?courseNr=325090,,2026-08-30T00:00:00,2026-10-23T23:55:00,2026-10-23T23:55:00
325.094,Privatissimum for PhD-Students,https://tiss.tuwien.ac.at/course/courseDetails.xhtml?courseNr=325094,,,,
325.095,Finite Element Methods for Multi-Physics I,https://tiss.tuwien.ac.at/course/courseDetails.xhtml?courseNr=325095,,2026-09-05T00:00:00,2026-10-23T23:55:00,2026-10-23T23:55:00
325.099,Finite Element Methods for Multi-Physics II,https://tiss.tuwien.ac.at/course/courseDetails.xhtml?courseNr=325099,https://tuwel.tuwien.ac.at/course/view.php?id=79494,2026-02-16T00:00:00,2026-08-02T23:55:00,2026-08-02T23:00:00
325.100,Modal analysis,https://tiss.tuwien.ac.at/course/courseDetails.xhtml?courseNr=325100,https://tuwel.tuwien.ac.at/course/view.php?id=79500,2026-01-30T00:00:00,2026-03-15T23:55:00,2026-03-15T23:55:00
325.101,Finite Element Methods for Multi-Physics II,https://tiss.tuwien.ac.at/course/courseDetails.xhtml?courseNr=325101,https://tuwel.tuwien.ac.at/course/view.php?id=79938,2026-02-11T00:00:00,2026-03-14T23:00:00,2026-03-13T00:00:00
325.104,Structural Plasticity,https://tiss.tuwien.ac.at/course/courseDetails.xhtml?courseNr=325104,,2026-02-10T11:00:00,2026-04-30T00:00:00,
325.105,Mechatronic Systems Lab,https://tiss.tuwien.ac.at/course/courseDetails.xhtml?courseNr=325105,https://tuwel.tuwien.ac.at/course/view.php?id=80859,2026-02-23T00:00:00,2026-04-02T23:59:00,
325.107,Modelling and System Identification for Model Based Control,https://tiss.tuwien.ac.at/course/courseDetails.xhtml?courseNr=325107,https://tuwel.tuwien.ac.at/course/view.php?id=80253,2026-02-12T00:00:00,2026-05-15T23:59:00,
325.108,Project Work Control,https://tiss.tuwien.ac.at/course/courseDetails.xhtml?courseNr=325108,,,,
325.112,Robot Control,https://tiss.tuwien.ac.at/course/courseDetails.xhtml?courseNr=325112,https://tuwel.tuwien.ac.at/course/view.php?id=79512,2026-02-16T00:00:00,2026-04-03T23:59:00,2026-04-03T23:59:00
325.113,Structural mechanics of rods,https://tiss.tuwien.ac.at/course/courseDetails.xhtml?courseNr=325113,,2026-09-04T12:00:00,,
325.114,Structural mechanics of plates and shells,https://tiss.tuwien.ac.at/course/courseDetails.xhtml?courseNr=325114,,2026-09-04T12:00:00,,
325.115,Computational methods for structural mechanics,https://tiss.tuwien.ac.at/course/courseDetails.xhtml?courseNr=325115,https://tuwel.tuwien.ac.at/course/view.php?id=76851,2026-01-05T12:00:00,,
325.116,Structural mechanics,https://tiss.tuwien.ac.at/course/courseDetails.xhtml?courseNr=325116,https://tuwel.tuwien.ac.at/course/view.php?id=76851,2026-01-05T12:00:00,2026-03-20T12:00:00,
325.117,Structural mechanics,https://tiss.tuwien.ac.at/course/courseDetails.xhtml?courseNr=325117,https://tuwel.tuwien.ac.at/course/view.php?id=76851,,,
325.118,Continous Simulation,https://tiss.tuwien.ac.at/course/courseDetails.xhtml?courseNr=325118,https://tuwel.tuwien.ac.at/course/view.php?id=79671,2026-03-03T10:00:00,2026-04-05T23:59:00,2026-04-17T10:00:00
325.119,Project Work mechanics of structures,https://tiss.tuwien.ac.at/course/courseDetails.xhtml?courseNr=325119,,,,
325.120,Simulation and Optimization,https://tiss.tuwien.ac.at/course/courseDetails.xhtml?courseNr=325120,,2026-09-08T00:00:00,2026-10-29T00:00:00,
325.121,Forum Mechanics 1,https://tiss.tuwien.ac.at/course/courseDetails.xhtml?courseNr=325121,,,,
325.123,Forum Mechanic 2,https://tiss.tuwien.ac.at/course/courseDetails.xhtml?courseNr=325123,https://tuwel.tuwien.ac.at/course/view.php?id=75084,2025-10-03T12:00:00,2025-11-10T12:00:00,2025-11-10T18:00:00
325.124,Intelligent Systems in Decision Support,https://tiss.tuwien.ac.at/course/courseDetails.xhtml?courseNr=325124,,2026-10-12T00:00:00,,
325.125,Process Measurement Technology,https://tiss.tuwien.ac.at/course/courseDetails.xhtml?courseNr=325125,,,,
325.126,Measuring and vibration technology,https://tiss.tuwien.ac.at/course/courseDetails.xhtml?courseNr=325126,,,,
328.011,Digital Control,https://tiss.tuwien.ac.at/course/courseDetails.xhtml?courseNr=328011,https://tuwel.tuwien.ac.at/course/view.php?id=79224,2026-02-24T00:00:00,2026-06-29T00:00:00,2026-06-29T00:00:00
328.032,Identifikation - Experimentelle Modellbildung,https://tiss.tuwien.ac.at/course/courseDetails.xhtml?courseNr=328032,,2026-08-31T16:00:00,2026-12-18T12:00:00,2026-12-18T13:00:00
328.034,Laboratory Advanced Automatic Control,https://tiss.tuwien.ac.at/course/courseDetails.xhtml?courseNr=328034,,,,
328.036,Adaptive and predictive control,https://tiss.tuwien.ac.at/course/courseDetails.xhtml?courseNr=328036,,2026-09-14T00:00:00,2026-10-29T23:59:00,2026-10-29T23:59:00
328.284,Seminar Automatic Control,https://tiss.tuwien.ac.at/course/courseDetails.xhtml?courseNr=328284,,,,
329.020,Basics of Pressure Vessel and Plant Technology,https://tiss.tuwien.ac.at/course/courseDetails.xhtml?courseNr=329020,https://tuwel.tuwien.ac.at/course/view.php?id=74528,2025-08-30T12:00:00,2025-10-03T08:00:00,2026-01-23T08:00:00
329.023,Pressure Equipment - Modell and Admissiblity Analysis,https://tiss.tuwien.ac.at/course/courseDetails.xhtml?courseNr=329023,https://tuwel.tuwien.ac.at/course/view.php?id=80133,2026-01-30T08:00:00,2026-03-03T08:00:00,2026-03-03T08:00:00
329.024,Pressure Vessel Technology,https://tiss.tuwien.ac.at/course/courseDetails.xhtml?courseNr=329024,,2026-08-31T08:00:00,2026-10-07T08:00:00,2026-10-07T08:00:00
330.001,Fundamentals of Business Management,https://tiss.tuwien.ac.at/course/courseDetails.xhtml?courseNr=330001,https://tuwel.tuwien.ac.at/course/view.php?id=75168,2026-09-17T07:00:00,2027-02-28T23:59:00,2027-02-28T23:59:00
330.008,General Philosophy of Science,https://tiss.tuwien.ac.at/course/courseDetails.xhtml?courseNr=330008,,2026-09-03T00:00:00,2027-01-27T23:59:00,2027-01-27T23:59:00
330.049,Doctoral Seminar (including Diploma Thesis),https://tiss.tuwien.ac.at/course/courseDetails.xhtml?courseNr=330049,,,,
330.072,Doctoral and Diploma Seminar,https://tiss.tuwien.ac.at/course/courseDetails.xhtml?courseNr=330072,,,,
330.130,Strategic Management,https://tiss.tuwien.ac.at/course/courseDetails.xhtml?courseNr=330130,https://tuwel.tuwien.ac.at/course/view.php?id=79995,2026-01-29T09:00:00,2026-02-27T17:00:00,2026-02-27T17:00:00
330.131,International Negotiations,https://tiss.tuwien.ac.at/course/courseDetails.xhtml?courseNr=330131,,2026-08-31T09:00:00,2026-10-06T23:00:00,2026-11-25T18:00:00
330.136,Organisational Lab,https://tiss.tuwien.ac.at/course/courseDetails.xhtml?courseNr=330136,,2026-01-30T09:00:00,2026-03-31T12:00:00,2026-03-31T12:00:00
330.140,Career Planning and Self-Management,https://tiss.tuwien.ac.at/course/courseDetails.xhtml?courseNr=330140,https://tuwel.tuwien.ac.at/course/view.php?id=78486,2026-01-30T09:00:00,2026-03-20T12:00:00,2026-03-20T12:00:00
330.144,Management and Leadership,https://tiss.tuwien.ac.at/course/courseDetails.xhtml?courseNr=330144,https://tuwel.tuwien.ac.at/course/view.php?id=78489,2026-01-28T09:00:00,2026-02-23T12:00:00,2026-02-23T12:00:00
330.156,Project Management,https://tiss.tuwien.ac.at/course/courseDetails.xhtml?courseNr=330156,,2026-01-30T00:00:00,2026-06-29T09:30:00,2026-06-29T09:30:00
330.159,Production- and Quality Management 1,https://tiss.tuwien.ac.at/course/courseDetails.xhtml?courseNr=330159,https://tuwel.tuwien.ac.at/course/view.php?id=75168,2026-08-30T00:00:00,2027-01-29T00:00:00,2027-01-29T00:00:00
330.162,Production and Quality Management 2,https://tiss.tuwien.ac.at/course/courseDetails.xhtml?courseNr=330162,https://tuwel.tuwien.ac.at/course/view.php?id=80130,2026-02-02T08:00:00,2026-07-01T08:00:00,2026-07-01T08:00:00
330.163,Production and Quality Management 2,https://tiss.tuwien.ac.at/course/courseDetails.xhtml?courseNr=330163,https://tuwel.tuwien.ac.at/course/view.php?id=79698,2026-02-02T08:00:00,2026-03-06T12:00:00,2026-03-20T12:00:00
330.164,Logistics,https://tiss.tuwien.ac.at/course/courseDetails.xhtml?courseNr=330164,https://tuwel.tuwien.ac.at/course/view.php?id=75168,2026-08-30T00:00:00,2027-01-29T00:00:00,2027-01-29T00:00:00
330.165,Logistics,https://tiss.tuwien.ac.at/course/courseDetails.xhtml?courseNr=330165,https://tuwel.tuwien.ac.at/course/view.php?id=77817,2026-08-30T00:00:00,2027-01-29T00:00:00,2027-01-29T00:00:00
330.169,Maintenance and Reliability Management,https://tiss.tuwien.ac.at/course/courseDetails.xhtml?courseNr=330169,https://tuwel.tuwien.ac.at/course/view.php?id=75168,2026-08-30T00:00:00,2027-01-29T00:00:00,2027-01-29T00:00:00
330.175,Industrial Engineering,https://tiss.tuwien.ac.at/course/courseDetails.xhtml?courseNr=330175,,,,
330.176,Supply Chain Management,https://tiss.tuwien.ac.at/course/courseDetails.xhtml?courseNr=330176,https://tuwel.tuwien.ac.at/course/view.php?id=81707,2026-02-21T08:00:00,2026-07-01T08:00:00,2026-07-01T08:00:00
330.177,Logistics in Automotive Industry,https://tiss.tuwien.ac.at/course/courseDetails.xhtml?courseNr=330177,https://tuwel.tuwien.ac.at/course/view.php?id=75168,2026-02-21T08:00:00,2026-07-01T08:00:00,2026-07-01T08:00:00
330.179,PROST,https://tiss.tuwien.ac.at/course/courseDetails.xhtml?courseNr=330179,https://tuwel.tuwien.ac.at/course/view.php?id=80115,2026-02-21T08:00:00,2026-04-01T08:00:00,2026-04-01T08:00:00
330.180,Logistics Management,https://tiss.tuwien.ac.at/course/courseDetails.xhtml?courseNr=330180,,,,
330.181,Project and Process Management,https://tiss.tuwien.ac.at/course/courseDetails.xhtml?courseNr=330181,https://tuwel.tuwien.ac.at/course/view.php?id=75168,2026-07-06T08:00:00,2026-10-19T23:59:00,2026-10-19T23:59:00
330.182,Project Work Production and Logistics Management,https://tiss.tuwien.ac.at/course/courseDetails.xhtml?courseNr=330182,,2026-08-01T12:00:00,,
330.188,Human Resource Management and Leadership,https://tiss.tuwien.ac.at/course/courseDetails.xhtml?courseNr=330188,,2026-08-31T09:00:00,2027-01-30T09:00:00,2027-01-30T09:00:00
330.189,Organization Theory,https://tiss.tuwien.ac.at/course/courseDetails.xhtml?courseNr=330189,,2026-08-31T09:00:00,2026-10-15T23:55:00,2026-10-15T23:55:00
330.190,Managing People and Organizations,https://tiss.tuwien.ac.at/course/courseDetails.xhtml?courseNr=330190,,,,
330.195,Human Resource Management and Leadership,https://tiss.tuwien.ac.at/course/courseDetails.xhtml?courseNr=330195,https://tuwel.tuwien.ac.at/course/view.php?id=78474,2026-01-30T09:00:00,2026-03-10T09:00:00,2026-03-16T12:00:00
330.196,Bachelor Thesis Management Science,https://tiss.tuwien.ac.at/course/courseDetails.xhtml?courseNr=330196,,,,
330.200,Fundamentals of Work Science,https://tiss.tuwien.ac.at/course/courseDetails.xhtml?courseNr=330200,,2026-08-31T09:00:00,2026-10-05T10:00:00,2026-10-05T10:00:00
330.206,Strategies in Automotive Industry,https://tiss.tuwien.ac.at/course/courseDetails.xhtml?courseNr=330206,https://tuwel.tuwien.ac.at/course/view.php?id=75168,2026-08-30T00:00:00,2027-01-29T00:00:00,2027-01-29T00:00:00
330.211,Digital Factory Planning,https://tiss.tuwien.ac.at/course/courseDetails.xhtml?courseNr=330211,,2026-02-02T08:00:00,2026-03-07T08:00:00,2026-03-27T08:00:00
330.214,Project and Enterprise Financing,https://tiss.tuwien.ac.at/course/courseDetails.xhtml?courseNr=330214,https://tuwel.tuwien.ac.at/course/view.php?id=78549,2026-02-03T12:00:00,2026-03-16T23:59:00,2026-03-16T23:59:00
330.215,Financial Management and Reporting,https://tiss.tuwien.ac.at/course/courseDetails.xhtml?courseNr=330215,https://tuwel.tuwien.ac.at/course/view.php?id=78552,2026-02-03T08:00:00,2026-03-08T23:59:00,2026-03-08T23:59:00
330.216,Financial Management,https://tiss.tuwien.ac.at/course/courseDetails.xhtml?courseNr=330216,,2026-08-31T08:00:00,2026-10-08T23:59:00,2026-10-23T23:59:00
330.218,Risk Management Risk Management,https://tiss.tuwien.ac.at/course/courseDetails.xhtml?courseNr=330218,,2026-02-10T00:00:00,2026-03-10T09:00:00,2026-03-10T09:00:00
330.219,Organization Theory,https://tiss.tuwien.ac.at/course/courseDetails.xhtml?courseNr=330219,https://tuwel.tuwien.ac.at/course/view.php?id=78492,2026-01-28T09:00:00,2026-03-01T09:00:00,2026-03-01T09:00:00
330.222,Investment and Financing 2,https://tiss.tuwien.ac.at/course/courseDetails.xhtml?courseNr=330222,,2026-09-01T00:00:00,2026-10-07T23:55:00,2026-11-17T23:55:00
330.224,Investment and Financing 1,https://tiss.tuwien.ac.at/course/courseDetails.xhtml?courseNr=330224,https://tuwel.tuwien.ac.at/course/view.php?id=78546,2026-02-03T12:00:00,2026-03-17T23:59:00,2026-03-17T23:59:00
330.227,Optimization in Business and Economics,https://tiss.tuwien.ac.at/course/courseDetails.xhtml?courseNr=330227,,2026-10-07T09:00:00,2026-10-29T08:00:00,2026-10-29T08:00:00
330.228,Risk-based Performance Management,https://tiss.tuwien.ac.at/course/courseDetails.xhtml?courseNr=330228,,2026-09-14T00:00:00,2026-10-06T23:59:00,2026-11-17T23:59:00
330.229,Cost Accounting,https://tiss.tuwien.ac.at/course/courseDetails.xhtml?courseNr=330229,,2026-08-31T06:00:00,2026-10-04T23:59:00,2026-10-21T16:15:00
330.230,Entrepreneurship and Innovation,https://tiss.tuwien.ac.at/course/courseDetails.xhtml?courseNr=330230,https://tuwel.tuwien.ac.at/course/view.php?id=79992,2026-01-28T09:00:00,2026-02-23T17:00:00,2026-02-23T17:00:00
330.232,IT-based Management,https://tiss.tuwien.ac.at/course/courseDetails.xhtml?courseNr=330232,https://tuwel.tuwien.ac.at/course/view.php?id=83569,2026-09-05T00:00:00,2026-10-15T23:59:00,2026-10-22T23:59:00
330.233,Project Work Labor Science and Organization,https://tiss.tuwien.ac.at/course/courseDetails.xhtml?courseNr=330233,,2026-09-07T09:00:00,2027-02-23T09:00:00,2027-02-23T09:00:00
330.236,Advanced Financial Planning and Control,https://tiss.tuwien.ac.at/course/courseDetails.xhtml?courseNr=330236,,2026-09-08T09:15:00,2026-10-08T09:15:00,2026-10-08T09:15:00
330.238,Risk Model Management,https://tiss.tuwien.ac.at/course/courseDetails.xhtml?courseNr=330238,,2026-10-06T00:00:00,2026-10-25T22:59:00,2026-10-25T22:59:00
330.239,Enterprise Risk Management (Fundamentals),https://tiss.tuwien.ac.at/course/courseDetails.xhtml?courseNr=330239,https://tuwel.tuwien.ac.at/course/view.php?id=81122,2026-01-29T08:00:00,2026-03-10T23:59:00,2026-03-10T23:59:00
330.240,Controlling,https://tiss.tuwien.ac.at/course/courseDetails.xhtml?courseNr=330240,,2026-09-05T12:00:00,2026-10-14T23:59:00,2026-10-21T23:59:00
330.242,Bacholor Thesis for Informatics and Business Informatics,https://tiss.tuwien.ac.at/course/courseDetails.xhtml?courseNr=330242,,,,
330.246,Project Work Financial Management and Controlling,https://tiss.tuwien.ac.at/course/courseDetails.xhtml?courseNr=330246,,,,
330.247,Seminar for Master and PhD students,https://tiss.tuwien.ac.at/course/courseDetails.xhtml?courseNr=330247,,,,
330.250,Innovation Lab - Smart Innovation,https://tiss.tuwien.ac.at/course/courseDetails.xhtml?courseNr=330250,https://tuwel.tuwien.ac.at/course/view.php?id=78477,2026-02-02T00:00:00,2026-04-27T12:00:00,2026-04-27T12:00:00
330.255,E&I Garage - Business Model Development,https://tiss.tuwien.ac.at/course/courseDetails.xhtml?courseNr=330255,https://tuwel.tuwien.ac.at/course/view.php?id=78468,2026-01-23T09:00:00,2026-02-20T17:00:00,2026-03-02T17:00:00
330.258,Innovation Theory,https://tiss.tuwien.ac.at/course/courseDetails.xhtml?courseNr=330258,,2026-09-01T23:55:00,2026-09-27T23:55:00,2026-09-27T23:55:00
330.259,Accounting,https://tiss.tuwien.ac.at/course/courseDetails.xhtml?courseNr=330259,,2026-09-14T08:00:00,2026-10-04T23:59:00,2026-10-22T10:00:00
330.260,Inspirational Leadership in the 21st century,https://tiss.tuwien.ac.at/course/courseDetails.xhtml?courseNr=330260,https://tuwel.tuwien.ac.at/course/view.php?id=83143,2026-09-02T09:00:00,2026-11-27T12:00:00,2026-11-27T12:00:00
330.265,Assistance Systems in Manufacturing 1,https://tiss.tuwien.ac.at/course/courseDetails.xhtml?courseNr=330265,https://tuwel.tuwien.ac.at/course/view.php?id=75168,2026-09-01T08:00:00,2026-09-24T09:00:00,2026-09-24T09:00:00
330.267,Knowledge Management 4.0,https://tiss.tuwien.ac.at/course/courseDetails.xhtml?courseNr=330267,https://tuwel.tuwien.ac.at/course/view.php?id=78408,2026-02-23T08:00:00,2026-07-08T08:00:00,2026-07-08T08:00:00
330.271,Teambuilding and Leadership,https://tiss.tuwien.ac.at/course/courseDetails.xhtml?courseNr=330271,,2026-08-31T09:00:00,2026-10-08T09:00:00,2026-10-08T09:00:00
330.273,Assistance Systems in Manufacturing 2,https://tiss.tuwien.ac.at/course/courseDetails.xhtml?courseNr=330273,https://tuwel.tuwien.ac.at/course/view.php?id=79932,2026-02-09T08:00:00,2026-03-20T23:59:00,2026-03-17T23:59:00
330.282,Industrial Data Science,https://tiss.tuwien.ac.at/course/courseDetails.xhtml?courseNr=330282,https://tuwel.tuwien.ac.at/course/view.php?id=80646,2026-01-31T08:00:00,2026-04-01T08:00:00,2026-04-01T08:00:00
330.284,Fundamentals of assembly planning and design,https://tiss.tuwien.ac.at/course/courseDetails.xhtml?courseNr=330284,https://tuwel.tuwien.ac.at/course/view.php?id=79140,2026-02-09T08:00:00,2027-02-10T23:59:00,
330.285,Industrial Information Systems,https://tiss.tuwien.ac.at/course/courseDetails.xhtml?courseNr=330285,https://tuwel.tuwien.ac.at/course/view.php?id=82268,2026-09-01T10:00:00,2026-10-04T23:00:00,2026-10-04T23:00:00
330.286,Industrial Information Systems,https://tiss.tuwien.ac.at/course/courseDetails.xhtml?courseNr=330286,https://tuwel.tuwien.ac.at/course/view.php?id=82271,2026-09-04T08:00:00,2026-10-04T23:00:00,2026-10-04T23:00:00
330.287,"Technology, Work and Organization",https://tiss.tuwien.ac.at/course/courseDetails.xhtml?courseNr=330287,,2026-09-14T09:00:00,2026-10-05T15:00:00,2026-10-09T15:00:00
330.288,Assembly Systems 2: Advanced Manufacturing,https://tiss.tuwien.ac.at/course/courseDetails.xhtml?courseNr=330288,,2026-08-03T08:00:00,2026-11-22T23:59:00,2026-11-22T23:59:00
330.296,Cobot Studio @Pilotfabrik Industrie 4.0,https://tiss.tuwien.ac.at/course/courseDetails.xhtml?courseNr=330296,https://tuwel.tuwien.ac.at/course/view.php?id=75168,2026-08-25T09:00:00,2026-09-23T09:00:00,2026-09-23T09:00:00
330.297,Strategy,https://tiss.tuwien.ac.at/course/courseDetails.xhtml?courseNr=330297,,2026-08-15T08:00:00,2026-10-30T20:00:00,2026-11-15T20:00:00
330.299,Master Thesis Seminar,https://tiss.tuwien.ac.at/course/courseDetails.xhtml?courseNr=330299,,2026-09-02T09:00:00,2026-11-30T00:00:00,
330.301,Transferable Skill - Multidisciplinary Communication in Engineering Projects,https://tiss.tuwien.ac.at/course/courseDetails.xhtml?courseNr=330301,,2026-10-01T08:00:00,2027-01-30T22:59:00,2026-10-30T22:59:00
330.302,Transferable Skill - Account Management,https://tiss.tuwien.ac.at/course/courseDetails.xhtml?courseNr=330302,,2026-10-01T08:00:00,2026-11-15T22:59:00,2026-10-30T22:59:00
330.304,Circular Economy Management,https://tiss.tuwien.ac.at/course/courseDetails.xhtml?courseNr=330304,https://tuwel.tuwien.ac.at/course/view.php?id=75168,2026-07-27T00:00:00,2026-10-26T00:00:00,2026-10-26T00:00:00
330.305,Factory Planning and Operating,https://tiss.tuwien.ac.at/course/courseDetails.xhtml?courseNr=330305,https://tuwel.tuwien.ac.at/course/view.php?id=81185,2026-03-02T00:00:00,2026-03-30T13:00:00,2026-03-30T13:00:00
330.306,Quality Management,https://tiss.tuwien.ac.at/course/courseDetails.xhtml?courseNr=330306,https://tuwel.tuwien.ac.at/course/view.php?id=75168,2026-08-31T09:00:00,2026-10-06T09:00:00,2026-10-06T09:00:00
330.308,Production Information Management Systems,https://tiss.tuwien.ac.at/course/courseDetails.xhtml?courseNr=330308,,2026-08-25T09:00:00,2026-09-30T09:00:00,2026-09-30T09:00:00
330.309,Leadership,https://tiss.tuwien.ac.at/course/courseDetails.xhtml?courseNr=330309,,2026-07-30T09:00:00,2026-11-16T23:00:00,2026-11-27T09:00:00
330.310,Change Management,https://tiss.tuwien.ac.at/course/courseDetails.xhtml?courseNr=330310,,2026-08-04T09:00:00,2026-10-30T00:00:00,2026-10-31T00:00:00
330.312,Sustainable value systems,https://tiss.tuwien.ac.at/course/courseDetails.xhtml?courseNr=330312,https://tuwel.tuwien.ac.at/course/view.php?id=75168,2025-10-04T00:00:00,2026-07-03T00:00:00,2026-07-03T00:00:00
330.313,"Leadership, Strategy & Change Management",https://tiss.tuwien.ac.at/course/courseDetails.xhtml?courseNr=330313,,2025-09-03T00:00:00,2026-10-13T13:45:00,2026-10-20T15:00:00
330.317,Digital Simulation of Ergonomics and Robotics (DSER),https://tiss.tuwien.ac.at/course/courseDetails.xhtml?courseNr=330317,,2026-11-19T09:00:00,2027-01-01T14:00:00,2027-01-01T14:00:00
330.318,Seminararbeit Smart Production Systems,https://tiss.tuwien.ac.at/course/courseDetails.xhtml?courseNr=330318,,,,
330.321,Leading Strategic Change,https://tiss.tuwien.ac.at/course/courseDetails.xhtml?courseNr=330321,,2026-06-30T00:00:00,2026-09-29T00:00:00,2026-09-30T00:00:00
330.322,Research Seminar Organization,https://tiss.tuwien.ac.at/course/courseDetails.xhtml?courseNr=330322,https://tuwel.tuwien.ac.at/course/view.php?id=78495,2026-01-30T09:00:00,2026-03-03T09:00:00,2026-03-03T09:00:00
330.324,"Project Work Leadership, Strategy & Change",https://tiss.tuwien.ac.at/course/courseDetails.xhtml?courseNr=330324,,,,
330.326,Introduction to Robotic Systems,https://tiss.tuwien.ac.at/course/courseDetails.xhtml?courseNr=330326,https://tuwel.tuwien.ac.at/course/view.php?id=75168,2026-10-15T09:00:00,2027-02-25T09:00:00,2027-02-25T09:00:00
330.328,Robot Challenge,https://tiss.tuwien.ac.at/course/courseDetails.xhtml?courseNr=330328,,2026-09-01T08:00:00,2026-09-22T09:00:00,2026-09-22T09:00:00
330.329,Business Law,https://tiss.tuwien.ac.at/course/courseDetails.xhtml?courseNr=330329,,,,
330.331,Maintenance Management,https://tiss.tuwien.ac.at/course/courseDetails.xhtml?courseNr=330331,https://tuwel.tuwien.ac.at/course/view.php?id=81356,,,
330.332,Transfer Seminar Engineering and Management,https://tiss.tuwien.ac.at/course/courseDetails.xhtml?courseNr=330332,,,,
330.334,Interdisciplinary Research Seminar on Production and Logistics Management,https://tiss.tuwien.ac.at/course/courseDetails.xhtml?courseNr=330334,,,,
330.335,Industrial Engineering,https://tiss.tuwien.ac.at/course/courseDetails.xhtml?courseNr=330335,https://tuwel.tuwien.ac.at/course/view.php?id=80712,2026-03-03T09:00:00,2026-07-01T09:00:00,2026-07-01T09:00:00
330.336,Digital Work Design with MTM,https://tiss.tuwien.ac.at/course/courseDetails.xhtml?courseNr=330336,,,,
330.337,Programming and Simulation of Robotic Systems,https://tiss.tuwien.ac.at/course/courseDetails.xhtml?courseNr=330337,https://tuwel.tuwien.ac.at/course/view.php?id=75168,2026-04-16T09:00:00,2026-06-01T09:00:00,2026-06-01T09:00:00
330.338,Supervising Exchange Student Projects,https://tiss.tuwien.ac.at/course/courseDetails.xhtml?courseNr=330338,,,,
330.340,AI for Mechanical and Industrial Engineering (AI4MIE),https://tiss.tuwien.ac.at/course/courseDetails.xhtml?courseNr=330340,,2027-02-01T09:00:00,2027-03-02T09:00:00,2027-03-02T09:00:00
330.342,Sustainable Business Management,https://tiss.tuwien.ac.at/course/courseDetails.xhtml?courseNr=330342,,2026-10-01T09:00:00,2026-11-16T10:00:00,2026-11-16T10:00:00
330.348,Maintenance Management,https://tiss.tuwien.ac.at/course/courseDetails.xhtml?courseNr=330348,https://tuwel.tuwien.ac.at/course/view.php?id=75168,,,
330.351,Technology Entrepreneurship,https://tiss.tuwien.ac.at/course/courseDetails.xhtml?courseNr=330351,,2026-09-01T09:00:00,2026-09-30T17:00:00,2026-09-30T17:00:00
330.352,Entrepreneurship & Sales: From Customer Discovery to Scalable Business,https://tiss.tuwien.ac.at/course/courseDetails.xhtml?courseNr=330352,,2026-12-01T09:00:00,2027-02-22T09:00:00,2027-02-22T09:00:00
349.001,Equipment for Thermal Energy 1,https://tiss.tuwien.ac.at/course/courseDetails.xhtml?courseNr=349001,https://tuwel.tuwien.ac.at/course/view.php?id=80214,,,
349.002,Thermal Equipment 1,https://tiss.tuwien.ac.at/course/courseDetails.xhtml?courseNr=349002,https://tuwel.tuwien.ac.at/course/view.php?id=80229,,,
349.003,Equipment for Thermal Energy 2,https://tiss.tuwien.ac.at/course/courseDetails.xhtml?courseNr=349003,,,,
350.002,Orientation ETIT,https://tiss.tuwien.ac.at/course/courseDetails.xhtml?courseNr=350002,https://tuwel.tuwien.ac.at/course/view.php?id=83374,2026-08-31T08:00:00,,
350.003,Standardization and legal aspects in electrical engineering,https://tiss.tuwien.ac.at/course/courseDetails.xhtml?courseNr=350003,,2026-01-04T09:00:00,2026-04-27T18:00:00,2026-04-20T18:00:00
350.004,Responsible Research Practice,https://tiss.tuwien.ac.at/course/courseDetails.xhtml?courseNr=350004,,2026-09-04T08:00:00,2026-10-03T23:59:00,2026-10-18T23:59:00
350.005,Internship,https://tiss.tuwien.ac.at/course/courseDetails.xhtml?courseNr=350005,,,,
350.006,Internship,https://tiss.tuwien.ac.at/course/courseDetails.xhtml?courseNr=350006,,,,
350.007,Science & Society: Making Electrical Engineering Accessible,https://tiss.tuwien.ac.at/course/courseDetails.xhtml?courseNr=350007,,,,
350.008,Science & Society: Making Electrical Engineering Accessible,https://tiss.tuwien.ac.at/course/courseDetails.xhtml?courseNr=350008,,,,
351.018,Technology and Society,https://tiss.tuwien.ac.at/course/courseDetails.xhtml?courseNr=351018,,,,
352.031,Getting agreement in negotiations,https://tiss.tuwien.ac.at/course/courseDetails.xhtml?courseNr=352031,,,,
352.490,Rhetoric body language and training in assertiveness and argumentation,https://tiss.tuwien.ac.at/course/courseDetails.xhtml?courseNr=352490,,2027-01-02T08:00:00,2027-01-31T18:00:00,2027-01-31T18:00:00
353.008,Seminar on power supplies and DC/DC converters,https://tiss.tuwien.ac.at/course/courseDetails.xhtml?courseNr=353008,,,,
353.016,Supervision of Dr.techn. students,https://tiss.tuwien.ac.at/course/courseDetails.xhtml?courseNr=353016,,,,
353.095,"Power supplies, especially switched mode power supplies",https://tiss.tuwien.ac.at/course/courseDetails.xhtml?courseNr=353095,,,,
354.001,Fast Signal Processing in High-Energy Physics,https://tiss.tuwien.ac.at/course/courseDetails.xhtml?courseNr=354001,,,,
354.005,Special Seminar for doctoral students,https://tiss.tuwien.ac.at/course/courseDetails.xhtml?courseNr=354005,,,,
354.007,for doctoral students,https://tiss.tuwien.ac.at/course/courseDetails.xhtml?courseNr=354007,,,,
354.058,RF Techniques,https://tiss.tuwien.ac.at/course/courseDetails.xhtml?courseNr=354058,https://tuwel.tuwien.ac.at/course/view.php?id=83653,,,
354.060,Advanced RF Techniques,https://tiss.tuwien.ac.at/course/courseDetails.xhtml?courseNr=354060,,,,
354.061,Seminar RF Techniques,https://tiss.tuwien.ac.at/course/courseDetails.xhtml?courseNr=354061,,,,
354.070,Special Seminar f. Doctoral Students,https://tiss.tuwien.ac.at/course/courseDetails.xhtml?courseNr=354070,,,,
354.083,PhD-student seminar,https://tiss.tuwien.ac.at/course/courseDetails.xhtml?courseNr=354083,,,,
354.089,THz electronics and systems,https://tiss.tuwien.ac.at/course/courseDetails.xhtml?courseNr=354089,,2026-09-01T08:00:00,,
354.096,Introduction to THz Techniques,https://tiss.tuwien.ac.at/course/courseDetails.xhtml?courseNr=354096,,2026-07-27T08:00:00,2026-11-01T23:00:00,2026-12-01T08:00:00
354.995,Bachelor Thesis and Seminar,https://tiss.tuwien.ac.at/course/courseDetails.xhtml?courseNr=354995,,,,
355.674,Removal and recycling in electrical engineering,https://tiss.tuwien.ac.at/course/courseDetails.xhtml?courseNr=355674,,2026-08-31T08:00:00,2027-01-27T23:59:00,2027-01-27T23:59:00
357.863,Economic and ecological optimization of space heating,https://tiss.tuwien.ac.at/course/courseDetails.xhtml?courseNr=357863,,2026-09-18T12:00:00,2026-10-20T00:00:00,
360.012,Industrial property rights for technicians,https://tiss.tuwien.ac.at/course/courseDetails.xhtml?courseNr=360012,https://tuwel.tuwien.ac.at/course/view.php?id=80505,2026-02-02T12:00:00,2026-05-03T13:00:00,2026-04-17T12:00:00
360.014,Private course for PhD students,https://tiss.tuwien.ac.at/course/courseDetails.xhtml?courseNr=360014,,,,
360.033,Device Modeling,https://tiss.tuwien.ac.at/course/courseDetails.xhtml?courseNr=360033,https://tuwel.tuwien.ac.at/course/view.php?id=79920,2026-02-19T12:00:00,2026-03-13T12:00:00,2026-03-27T11:00:00
360.051,Electrodynamics,https://tiss.tuwien.ac.at/course/courseDetails.xhtml?courseNr=360051,https://tuwel.tuwien.ac.at/course/view.php?id=74664,2026-02-01T00:00:00,2026-03-09T23:59:00,2026-04-28T23:59:00
360.054,Bachelor Thesis and Seminar,https://tiss.tuwien.ac.at/course/courseDetails.xhtml?courseNr=360054,,,,
360.056,Private course for PhD students,https://tiss.tuwien.ac.at/course/courseDetails.xhtml?courseNr=360056,,,,
360.058,Introduction to Scientific Programming,https://tiss.tuwien.ac.at/course/courseDetails.xhtml?courseNr=360058,,,,
360.066,Selected Topics - Advanced Programming,https://tiss.tuwien.ac.at/course/courseDetails.xhtml?courseNr=360066,,2026-09-01T00:00:00,2026-10-04T23:59:00,2026-11-01T23:59:00
360.195,Technology-CAD for PhD students,https://tiss.tuwien.ac.at/course/courseDetails.xhtml?courseNr=360195,,,,
360.220,Bachelor Thesis and Seminar,https://tiss.tuwien.ac.at/course/courseDetails.xhtml?courseNr=360220,,,,
360.222,Selected Topics - Numerical aspects for the simulation of micro-structures,https://tiss.tuwien.ac.at/course/courseDetails.xhtml?courseNr=360222,,2026-08-31T09:00:00,2026-10-05T23:59:00,2026-10-05T23:59:00
360.227,Quantum Electronics,https://tiss.tuwien.ac.at/course/courseDetails.xhtml?courseNr=360227,,2026-09-04T00:00:00,2026-12-02T23:59:00,2026-12-02T23:59:00
360.229,Methods of Calculating in Quantum Electronics,https://tiss.tuwien.ac.at/course/courseDetails.xhtml?courseNr=360229,https://tuwel.tuwien.ac.at/course/view.php?id=9043,2026-09-04T00:00:00,2026-11-02T23:59:00,2026-11-05T00:00:00
360.230,Emerging Devices,https://tiss.tuwien.ac.at/course/courseDetails.xhtml?courseNr=360230,,,,
360.231,Emerging memory and logic devices,https://tiss.tuwien.ac.at/course/courseDetails.xhtml?courseNr=360231,,,,
360.232,Process Reliability in Microelectronics,https://tiss.tuwien.ac.at/course/courseDetails.xhtml?courseNr=360232,,2026-02-02T20:00:00,2026-03-09T23:00:00,2026-03-09T23:00:00
360.233,Microelectronic Relibility: Devices,https://tiss.tuwien.ac.at/course/courseDetails.xhtml?courseNr=360233,,2026-09-04T00:00:00,2026-10-16T00:00:00,2026-10-30T00:00:00
360.234,Microelectronic Reliability,https://tiss.tuwien.ac.at/course/courseDetails.xhtml?courseNr=360234,,,,
360.241,Introduction to Semiconductor Physics and Devices,https://tiss.tuwien.ac.at/course/courseDetails.xhtml?courseNr=360241,,2026-08-10T08:00:00,2026-11-01T08:00:00,
360.242,Numerical Simulation and Scientific Computing I,https://tiss.tuwien.ac.at/course/courseDetails.xhtml?courseNr=360242,,2026-07-30T12:00:00,2026-10-01T12:00:00,2026-10-01T12:00:00
360.248,Semiconductor Sensors,https://tiss.tuwien.ac.at/course/courseDetails.xhtml?courseNr=360248,,2026-07-04T12:00:00,2026-11-01T23:59:00,2026-11-15T00:59:00
360.251,Advanced Programming with C++,https://tiss.tuwien.ac.at/course/courseDetails.xhtml?courseNr=360251,,2026-09-01T23:59:00,2026-10-04T23:59:00,2026-11-01T23:59:00
360.252,Computational Science on Many-Core Architectures,https://tiss.tuwien.ac.at/course/courseDetails.xhtml?courseNr=360252,,2026-09-21T00:00:00,2026-10-15T23:59:00,2026-10-15T23:59:00
362.041,Electronic properties of nanostructures,https://tiss.tuwien.ac.at/course/courseDetails.xhtml?courseNr=362041,,2026-10-05T00:00:00,2026-11-04T00:00:00,
362.046,Supervision of PhD Students,https://tiss.tuwien.ac.at/course/courseDetails.xhtml?courseNr=362046,,,,
362.048,Supervision of PhD students,https://tiss.tuwien.ac.at/course/courseDetails.xhtml?courseNr=362048,,,,
362.060,Labcourse on silicon technology,https://tiss.tuwien.ac.at/course/courseDetails.xhtml?courseNr=362060,,2026-12-31T06:00:00,2028-01-30T23:00:00,
362.072,Electronic Devices,https://tiss.tuwien.ac.at/course/courseDetails.xhtml?courseNr=362072,https://tuwel.tuwien.ac.at/course/view.php?id=79503,,,
362.082,Semiconductor electronics and devices,https://tiss.tuwien.ac.at/course/courseDetails.xhtml?courseNr=362082,,2026-10-05T00:00:00,2026-11-04T00:00:00,
362.084,Semiconductor Technology Labcourse,https://tiss.tuwien.ac.at/course/courseDetails.xhtml?courseNr=362084,,2026-09-16T09:00:00,2026-12-02T21:00:00,2027-02-01T21:00:00
362.086,Supervision of PhD students,https://tiss.tuwien.ac.at/course/courseDetails.xhtml?courseNr=362086,,,,
362.088,Integrated circuits,https://tiss.tuwien.ac.at/course/courseDetails.xhtml?courseNr=362088,https://tuwel.tuwien.ac.at/course/view.php?id=68396,2026-08-14T12:00:00,2026-11-30T23:59:00,
362.089,"Technology and Materials, Seminar",https://tiss.tuwien.ac.at/course/courseDetails.xhtml?courseNr=362089,,,,
362.092,Project Work Semiconductor Technology,https://tiss.tuwien.ac.at/course/courseDetails.xhtml?courseNr=362092,,,,
362.099,Supervision of PhD student,https://tiss.tuwien.ac.at/course/courseDetails.xhtml?courseNr=362099,,,,
362.100,Testing of semiconductor devices and ICs,https://tiss.tuwien.ac.at/course/courseDetails.xhtml?courseNr=362100,,2026-03-02T11:30:00,2026-03-20T12:00:00,
362.106,Semiconductor Physics for Materials Engineering,https://tiss.tuwien.ac.at/course/courseDetails.xhtml?courseNr=362106,https://tuwel.tuwien.ac.at/course/view.php?id=67577,2026-10-04T00:00:00,,
362.118,Biomedical Microsystems,https://tiss.tuwien.ac.at/course/courseDetails.xhtml?courseNr=362118,,2026-08-24T09:00:00,2026-11-05T14:00:00,
362.124,Fundamentals of Chemistry for Micro- and Nanoengineers,https://tiss.tuwien.ac.at/course/courseDetails.xhtml?courseNr=362124,,2025-08-31T14:00:00,2026-10-07T15:00:00,2026-10-23T14:00:00
362.128,Labcourse on semiconductor electronics,https://tiss.tuwien.ac.at/course/courseDetails.xhtml?courseNr=362128,,,,
362.129,Semiconductor Physics,https://tiss.tuwien.ac.at/course/courseDetails.xhtml?courseNr=362129,,2026-10-04T00:00:00,,
362.133,Bachelor Thesis and Seminar,https://tiss.tuwien.ac.at/course/courseDetails.xhtml?courseNr=362133,,2027-02-22T00:00:00,,
362.135,Selected Topics - Nanoelectronics and Information Technology,https://tiss.tuwien.ac.at/course/courseDetails.xhtml?courseNr=362135,,2026-08-31T00:00:00,2026-10-13T23:59:00,2026-10-26T23:59:00
362.136,Selected Topics - Microelectronic Devices Lab-course,https://tiss.tuwien.ac.at/course/courseDetails.xhtml?courseNr=362136,https://tuwel.tuwien.ac.at/course/view.php?id=81620,2026-03-01T00:00:00,2026-05-01T00:00:00,2026-07-06T00:00:00
362.138,Selected Topics - Biophysics,https://tiss.tuwien.ac.at/course/courseDetails.xhtml?courseNr=362138,https://tuwel.tuwien.ac.at/course/view.php?id=81476,2026-02-16T08:00:00,2026-03-03T08:00:00,2026-06-02T09:00:00
362.142,Solid State Electronics,https://tiss.tuwien.ac.at/course/courseDetails.xhtml?courseNr=362142,,2026-03-05T00:00:00,,
362.143,"Materials for Microelectronics, Photonics and Microsystems",https://tiss.tuwien.ac.at/course/courseDetails.xhtml?courseNr=362143,,2026-10-05T10:00:00,2027-02-03T10:00:00,
362.144,"Process Technologies for Microelectronics, Photonics and Microsystems",https://tiss.tuwien.ac.at/course/courseDetails.xhtml?courseNr=362144,,2026-09-03T06:00:00,2027-01-29T20:00:00,
362.145,Heterostructures for Nanoelectronics and Photonics,https://tiss.tuwien.ac.at/course/courseDetails.xhtml?courseNr=362145,https://tuwel.tuwien.ac.at/course/view.php?id=80664,2026-02-03T01:00:00,2026-07-02T23:00:00,2026-07-02T23:00:00
362.147,Nanostructuring of low domenional systems,https://tiss.tuwien.ac.at/course/courseDetails.xhtml?courseNr=362147,,2026-10-07T08:00:00,2026-12-28T08:00:00,
362.148,Nanoelectronics,https://tiss.tuwien.ac.at/course/courseDetails.xhtml?courseNr=362148,,2026-10-04T00:00:00,,
362.152,"Materials, processes and technologies of microelectronics",https://tiss.tuwien.ac.at/course/courseDetails.xhtml?courseNr=362152,https://tuwel.tuwien.ac.at/course/view.php?id=81377,2026-03-02T00:00:00,2026-04-23T23:59:00,
362.154,"Photonics materials, processes and technologies",https://tiss.tuwien.ac.at/course/courseDetails.xhtml?courseNr=362154,,2026-03-07T00:00:00,2026-07-16T00:00:00,2026-07-16T00:00:00
362.155,Mikro- & nanoelektronische & optische Bauelemente,https://tiss.tuwien.ac.at/course/courseDetails.xhtml?courseNr=362155,,2026-09-14T12:00:00,2027-01-29T18:00:00,2027-01-29T20:00:00
362.156,Software Programming,https://tiss.tuwien.ac.at/course/courseDetails.xhtml?courseNr=362156,,,,
362.157,Supervision for PhD students,https://tiss.tuwien.ac.at/course/courseDetails.xhtml?courseNr=362157,,,,
362.160,Electron Devices for Informatics,https://tiss.tuwien.ac.at/course/courseDetails.xhtml?courseNr=362160,,,,
362.161,Supervision for PhD students,https://tiss.tuwien.ac.at/course/courseDetails.xhtml?courseNr=362161,,,,
362.162,Selected Topics - Microelectronic Concepts for Biomedical Interfaces Practical Project to the corresponding lecture,https://tiss.tuwien.ac.at/course/courseDetails.xhtml?courseNr=362162,,2026-06-28T08:00:00,2027-01-26T22:20:00,2027-01-26T22:00:00
362.163,Microelectrodes & Microfluidics for Biomedical Applications,https://tiss.tuwien.ac.at/course/courseDetails.xhtml?courseNr=362163,,2025-12-31T00:00:00,2026-05-28T23:59:00,2026-05-28T23:59:00
362.166,Prvattissimum for Dortor's Thesis Privatissimum f. PhD-Students,https://tiss.tuwien.ac.at/course/courseDetails.xhtml?courseNr=362166,,,,
362.172,Emerging Devices in Power Applications,https://tiss.tuwien.ac.at/course/courseDetails.xhtml?courseNr=362172,https://tuwel.tuwien.ac.at/course/view.php?id=81437,2026-02-09T00:00:00,2026-04-06T01:00:00,
362.176,Modeling and design of semiconductor lasers,https://tiss.tuwien.ac.at/course/courseDetails.xhtml?courseNr=362176,https://tuwel.tuwien.ac.at/course/view.php?id=80835,2026-02-25T00:00:00,2026-03-10T13:00:00,2026-03-10T14:00:00
362.177,Biophysics,https://tiss.tuwien.ac.at/course/courseDetails.xhtml?courseNr=362177,,2026-08-31T06:00:00,2027-01-30T22:00:00,2027-01-30T21:00:00
362.178,Processing chemistry for Micro- and Nanoelectronics,https://tiss.tuwien.ac.at/course/courseDetails.xhtml?courseNr=362178,,2026-01-26T10:00:00,2026-03-15T23:00:00,2026-04-04T23:00:00
362.185,Quantum Technology and Devices: Experimental Techniques and Platforms,https://tiss.tuwien.ac.at/course/courseDetails.xhtml?courseNr=362185,,2026-08-30T23:00:00,2026-10-26T23:00:00,2026-10-26T23:00:00
362.186,PhD student seminar,https://tiss.tuwien.ac.at/course/courseDetails.xhtml?courseNr=362186,,2026-09-15T10:00:00,2026-10-23T10:00:00,
362.188,Exercise class Semiconductor Physics for Material Engeineers,https://tiss.tuwien.ac.at/course/courseDetails.xhtml?courseNr=362188,,,,
362.189,Supervision of PhD students,https://tiss.tuwien.ac.at/course/courseDetails.xhtml?courseNr=362189,,,,
362.190,Supervision of PhD Students,https://tiss.tuwien.ac.at/course/courseDetails.xhtml?courseNr=362190,,,,
363.001,Bachelor Thesis and Seminar,https://tiss.tuwien.ac.at/course/courseDetails.xhtml?courseNr=363001,,,,
363.002,Computational Methods in Neural Engineering,https://tiss.tuwien.ac.at/course/courseDetails.xhtml?courseNr=363002,,2026-07-31T00:00:00,,
363.003,Field trip Healing Gallery - Hyperthermia and radon therapy,https://tiss.tuwien.ac.at/course/courseDetails.xhtml?courseNr=363003,,2026-10-01T00:00:00,2026-10-11T23:59:00,2026-10-11T23:59:00
363.006,Biomedical Sensors and Signals,https://tiss.tuwien.ac.at/course/courseDetails.xhtml?courseNr=363006,,,,
363.007,Supervision of PhD Students,https://tiss.tuwien.ac.at/course/courseDetails.xhtml?courseNr=363007,,,,
363.008,Biomedical Sensors and Signals,https://tiss.tuwien.ac.at/course/courseDetails.xhtml?courseNr=363008,,2026-09-04T00:00:00,2026-12-04T23:59:00,2026-12-04T23:59:00
363.012,Functional Electrostimulation: theory and praxis 1,https://tiss.tuwien.ac.at/course/courseDetails.xhtml?courseNr=363012,,2026-09-03T00:00:00,,
363.014,Electrical Engineering 1,https://tiss.tuwien.ac.at/course/courseDetails.xhtml?courseNr=363014,,,,
363.015,Electrical Engineering 1,https://tiss.tuwien.ac.at/course/courseDetails.xhtml?courseNr=363015,,,,
363.020,Project: Biomedical Instrumentation & Signals,https://tiss.tuwien.ac.at/course/courseDetails.xhtml?courseNr=363020,,,,
366.009,Supervision of PhD students,https://tiss.tuwien.ac.at/course/courseDetails.xhtml?courseNr=366009,,,,
366.058,Privatissimum for dissertants,https://tiss.tuwien.ac.at/course/courseDetails.xhtml?courseNr=366058,,,,
366.072,Bachelor Thesis and Seminar,https://tiss.tuwien.ac.at/course/courseDetails.xhtml?courseNr=366072,,,,
366.074,Selected Topics - Microsensortechnology,https://tiss.tuwien.ac.at/course/courseDetails.xhtml?courseNr=366074,,,,
366.087,Actuators,https://tiss.tuwien.ac.at/course/courseDetails.xhtml?courseNr=366087,,,,
366.088,Lab Microsystems Technology,https://tiss.tuwien.ac.at/course/courseDetails.xhtml?courseNr=366088,,,,
366.090,Micro- and nanoelectromechanical systems,https://tiss.tuwien.ac.at/course/courseDetails.xhtml?courseNr=366090,,2026-10-05T08:00:00,2027-01-12T23:59:00,2027-01-12T23:59:00
366.094,Micro- and Nanosensors,https://tiss.tuwien.ac.at/course/courseDetails.xhtml?courseNr=366094,,2026-09-28T08:00:00,2026-10-29T23:59:00,2026-10-29T23:59:00
366.101,Supervision of PhD Students,https://tiss.tuwien.ac.at/course/courseDetails.xhtml?courseNr=366101,,,,
366.103,"Theory, modelling and simulation of MEMS and NEMS devices",https://tiss.tuwien.ac.at/course/courseDetails.xhtml?courseNr=366103,,2026-09-23T08:00:00,2026-11-04T23:59:00,2026-11-04T23:59:00
366.107,Selected Topics - MEMS and NEMS,https://tiss.tuwien.ac.at/course/courseDetails.xhtml?courseNr=366107,,2026-09-25T08:00:00,2027-02-05T23:59:00,2027-02-05T23:59:00
366.108,Supervision of PhD Students,https://tiss.tuwien.ac.at/course/courseDetails.xhtml?courseNr=366108,,,,
366.110,Materials for electrical engineering,https://tiss.tuwien.ac.at/course/courseDetails.xhtml?courseNr=366110,,2026-10-01T00:00:00,2027-03-01T00:00:00,2027-03-01T00:00:00
366.111,Communication and presentation,https://tiss.tuwien.ac.at/course/courseDetails.xhtml?courseNr=366111,,,,
366.112,"Selected topics on MEMS/NEMS technology, characterization and lab safety",https://tiss.tuwien.ac.at/course/courseDetails.xhtml?courseNr=366112,,,,
366.115,Modern Sensor Technologies,https://tiss.tuwien.ac.at/course/courseDetails.xhtml?courseNr=366115,,2026-09-28T08:00:00,2026-10-30T23:59:00,2026-10-30T23:59:00
366.116,Projektarbeit Quantum Sensing,https://tiss.tuwien.ac.at/course/courseDetails.xhtml?courseNr=366116,,,,
369.001,Mechatronic Systems,https://tiss.tuwien.ac.at/course/courseDetails.xhtml?courseNr=369001,,2026-09-15T12:00:00,2026-10-23T23:59:00,
369.002,Mechatronic Systems Laboratory,https://tiss.tuwien.ac.at/course/courseDetails.xhtml?courseNr=369002,https://tuwel.tuwien.ac.at/course/view.php?id=78513,2026-02-01T00:00:00,2026-03-10T13:15:00,2026-03-10T13:00:00
369.003,Power electronics,https://tiss.tuwien.ac.at/course/courseDetails.xhtml?courseNr=369003,,2026-09-20T00:00:00,2026-10-16T00:00:00,
369.004,"Power Electronics and EMC, Advanced Studies",https://tiss.tuwien.ac.at/course/courseDetails.xhtml?courseNr=369004,,2026-01-29T00:00:00,,
369.005,EMC-optimized Circuit Design,https://tiss.tuwien.ac.at/course/courseDetails.xhtml?courseNr=369005,,2026-09-20T00:00:00,2026-09-30T23:59:00,
369.006,Industrial Automation,https://tiss.tuwien.ac.at/course/courseDetails.xhtml?courseNr=369006,,2026-09-14T23:59:00,2026-10-05T23:59:00,2026-10-05T23:59:00
369.007,Analog Integrated Circuits,https://tiss.tuwien.ac.at/course/courseDetails.xhtml?courseNr=369007,,2026-09-22T12:00:00,2026-11-11T00:00:00,2026-11-11T00:00:00
369.008,Analog Integrated Circuits - lab course,https://tiss.tuwien.ac.at/course/courseDetails.xhtml?courseNr=369008,,2026-01-15T05:00:00,2026-03-05T00:00:00,2026-03-05T00:00:00
369.009,Advanced Course Circuit Design,https://tiss.tuwien.ac.at/course/courseDetails.xhtml?courseNr=369009,,2026-09-08T00:00:00,2026-10-01T17:00:00,2026-10-01T17:00:00
369.010,Measurement and Instrumentation,https://tiss.tuwien.ac.at/course/courseDetails.xhtml?courseNr=369010,,,,
369.011,Measurement and Instrumentation Laboratory,https://tiss.tuwien.ac.at/course/courseDetails.xhtml?courseNr=369011,,,,
369.012,Circuit Design,https://tiss.tuwien.ac.at/course/courseDetails.xhtml?courseNr=369012,https://tuwel.tuwien.ac.at/course/view.php?id=79581,2026-03-05T00:00:00,2026-06-24T00:00:00,2026-06-24T00:00:00
369.013,Selected Topics - Mechatronics and Instrumentation,https://tiss.tuwien.ac.at/course/courseDetails.xhtml?courseNr=369013,,2026-02-19T09:00:00,2026-03-02T23:59:00,2026-03-03T14:00:00
369.014,Selected Topics - Computer controlled measurement systems - Virtual Instrumentation,https://tiss.tuwien.ac.at/course/courseDetails.xhtml?courseNr=369014,,2026-09-14T20:00:00,,
369.015,Mechatronics and Power Electronics Project,https://tiss.tuwien.ac.at/course/courseDetails.xhtml?courseNr=369015,https://tuwel.tuwien.ac.at/course/view.php?id=83518,,,
369.016,Optical Metrology,https://tiss.tuwien.ac.at/course/courseDetails.xhtml?courseNr=369016,,2026-02-03T00:00:00,2026-06-08T09:00:00,2026-06-08T09:00:00
369.017,Nanometrology,https://tiss.tuwien.ac.at/course/courseDetails.xhtml?courseNr=369017,,2026-01-30T00:00:00,2026-05-20T22:59:00,2026-05-20T22:59:00
369.018,Seminar on Power Electronics and EMC,https://tiss.tuwien.ac.at/course/courseDetails.xhtml?courseNr=369018,,2026-04-13T00:00:00,2026-04-20T00:00:00,
369.019,Circuit Design,https://tiss.tuwien.ac.at/course/courseDetails.xhtml?courseNr=369019,,2026-09-10T00:00:00,2026-10-15T18:00:00,2026-10-15T18:00:00
369.020,Seminar Mixed-Signal ICs,https://tiss.tuwien.ac.at/course/courseDetails.xhtml?courseNr=369020,,2026-01-30T00:00:00,2026-03-06T23:59:00,2026-03-06T23:59:00
369.021,Measurement Equipment - an introduction,https://tiss.tuwien.ac.at/course/courseDetails.xhtml?courseNr=369021,,,,
369.022,Electronic-photonic Integration and its Applications,https://tiss.tuwien.ac.at/course/courseDetails.xhtml?courseNr=369022,https://tuwel.tuwien.ac.at/course/view.php?id=80874,,,
369.023,Power electronics - Laboratory exercises,https://tiss.tuwien.ac.at/course/courseDetails.xhtml?courseNr=369023,,2026-03-03T00:00:00,2026-03-12T00:00:00,
369.024,Power Electronics Systems Scientific Review,https://tiss.tuwien.ac.at/course/courseDetails.xhtml?courseNr=369024,,,,
369.025,Supervision of PhD students,https://tiss.tuwien.ac.at/course/courseDetails.xhtml?courseNr=369025,,,,
369.026,Seminar for PhD-students,https://tiss.tuwien.ac.at/course/courseDetails.xhtml?courseNr=369026,,,,
369.027,Advanced Methods in Mechatronics and Instrumentation for PhD-Students,https://tiss.tuwien.ac.at/course/courseDetails.xhtml?courseNr=369027,,,,
369.029,Supervision of PhD students,https://tiss.tuwien.ac.at/course/courseDetails.xhtml?courseNr=369029,,,,
369.030,Seminar for PhD-students,https://tiss.tuwien.ac.at/course/courseDetails.xhtml?courseNr=369030,,,,
369.031,Bachelor thesis with seminar,https://tiss.tuwien.ac.at/course/courseDetails.xhtml?courseNr=369031,,,,
370.005,Bachelor Thesis and Seminar,https://tiss.tuwien.ac.at/course/courseDetails.xhtml?courseNr=370005,,,,
370.015,Electrical Machines and Drives,https://tiss.tuwien.ac.at/course/courseDetails.xhtml?courseNr=370015,https://tuwel.tuwien.ac.at/course/view.php?id=83503,2026-09-21T00:00:00,2027-02-16T23:59:00,2027-02-16T23:59:00
370.019,Supervision of PhD Students,https://tiss.tuwien.ac.at/course/courseDetails.xhtml?courseNr=370019,,,,
370.026,Power Plants,https://tiss.tuwien.ac.at/course/courseDetails.xhtml?courseNr=370026,,2026-09-14T09:00:00,2027-02-05T00:00:00,2027-02-05T00:00:00
370.027,Electrical Drives,https://tiss.tuwien.ac.at/course/courseDetails.xhtml?courseNr=370027,https://tuwel.tuwien.ac.at/course/view.php?id=83506,2026-09-17T00:00:00,2026-11-11T23:59:00,2026-11-11T23:59:00
370.029,Seminar Power Supply,https://tiss.tuwien.ac.at/course/courseDetails.xhtml?courseNr=370029,,2026-09-14T08:00:00,2026-09-30T23:59:00,2026-10-04T23:59:00
370.034,Seminar Smart Grids,https://tiss.tuwien.ac.at/course/courseDetails.xhtml?courseNr=370034,,2026-08-31T12:00:00,2026-10-10T12:00:00,
370.035,Renewable Power Systems,https://tiss.tuwien.ac.at/course/courseDetails.xhtml?courseNr=370035,,2026-09-14T09:00:00,2026-11-03T23:59:00,2026-11-03T23:59:00
370.036,Electrical machines - Advanced studies,https://tiss.tuwien.ac.at/course/courseDetails.xhtml?courseNr=370036,,2026-03-07T00:00:00,2026-04-06T23:00:00,
370.037,Seminar on electrical machines,https://tiss.tuwien.ac.at/course/courseDetails.xhtml?courseNr=370037,,2026-10-07T00:00:00,2026-11-06T23:00:00,
370.039,Special topics on electrical drives,https://tiss.tuwien.ac.at/course/courseDetails.xhtml?courseNr=370039,,2026-03-03T16:00:00,2026-03-19T12:00:00,2026-03-19T18:00:00
370.040,Seminar on electrical drives,https://tiss.tuwien.ac.at/course/courseDetails.xhtml?courseNr=370040,,2026-03-03T16:00:00,2026-03-19T12:00:00,2026-03-19T18:00:00
370.042,Laboratory exercises on electrical drives,https://tiss.tuwien.ac.at/course/courseDetails.xhtml?courseNr=370042,https://tuwel.tuwien.ac.at/course/view.php?id=81515,2026-02-16T12:00:00,2026-03-05T12:00:00,2026-03-05T12:00:00
370.043,Selected Topics in Energy Economics and Environment,https://tiss.tuwien.ac.at/course/courseDetails.xhtml?courseNr=370043,,2026-08-31T00:00:00,2026-10-29T23:59:00,2026-10-29T23:59:00
370.052,Special and small-power electrical machines,https://tiss.tuwien.ac.at/course/courseDetails.xhtml?courseNr=370052,,2026-03-01T00:00:00,2026-03-31T23:00:00,
370.055,Energy economics in transport,https://tiss.tuwien.ac.at/course/courseDetails.xhtml?courseNr=370055,,2026-09-04T00:00:00,2026-10-28T16:00:00,2026-10-28T16:00:00
370.056,Supervision of PhD Students,https://tiss.tuwien.ac.at/course/courseDetails.xhtml?courseNr=370056,,,,
370.062,Open Source Energy System Modeling,https://tiss.tuwien.ac.at/course/courseDetails.xhtml?courseNr=370062,,2026-02-01T00:00:00,2026-03-30T23:59:00,
370.063,Economic and environmental aspects of energy systems (Winter/Summer School),https://tiss.tuwien.ac.at/course/courseDetails.xhtml?courseNr=370063,,2025-11-27T07:00:00,2026-01-23T23:00:00,
370.065,Electric road vehicles and e-mobility,https://tiss.tuwien.ac.at/course/courseDetails.xhtml?courseNr=370065,,2026-01-29T12:00:00,2026-03-02T12:00:00,2026-03-03T22:00:00
370.072,Supervision of PhD Students,https://tiss.tuwien.ac.at/course/courseDetails.xhtml?courseNr=370072,,,,
370.074,high dynamic control of PM-synchronous machines,https://tiss.tuwien.ac.at/course/courseDetails.xhtml?courseNr=370074,,2026-02-09T00:00:00,2026-03-09T23:59:00,2026-03-09T23:59:00
370.075,Laboratory exercises on electrical drives for robotics and automation,https://tiss.tuwien.ac.at/course/courseDetails.xhtml?courseNr=370075,https://tuwel.tuwien.ac.at/course/view.php?id=81521,2026-02-09T12:00:00,2026-03-05T12:00:00,2026-03-05T18:00:00
370.076,Environmental protection in the energy sector,https://tiss.tuwien.ac.at/course/courseDetails.xhtml?courseNr=370076,,2026-01-28T00:00:00,,
370.077,Economics of Electricity Generation from Hydropower,https://tiss.tuwien.ac.at/course/courseDetails.xhtml?courseNr=370077,,2026-08-31T00:00:00,2026-11-29T23:59:00,2026-11-29T23:59:00
370.078,Numerical analysis of electrical machines,https://tiss.tuwien.ac.at/course/courseDetails.xhtml?courseNr=370078,,2026-10-07T00:00:00,2026-12-10T23:00:00,2026-12-10T23:00:00
370.080,Energy Network Economics,https://tiss.tuwien.ac.at/course/courseDetails.xhtml?courseNr=370080,,2026-08-31T00:00:00,2026-10-29T23:59:00,2026-10-29T23:59:00
370.081,Renewable Energy System Economics,https://tiss.tuwien.ac.at/course/courseDetails.xhtml?courseNr=370081,,2026-01-28T00:00:00,,
370.082,Energy Systems and Climate Change,https://tiss.tuwien.ac.at/course/courseDetails.xhtml?courseNr=370082,https://tuwel.tuwien.ac.at/course/view.php?id=80700,2026-01-28T00:00:00,2026-03-08T23:00:00,2026-03-08T23:00:00
370.086,Doubly fed induction machine drives,https://tiss.tuwien.ac.at/course/courseDetails.xhtml?courseNr=370086,,2026-09-17T00:00:00,2026-10-26T23:00:00,2026-10-26T23:00:00
370.088,High voltage technology,https://tiss.tuwien.ac.at/course/courseDetails.xhtml?courseNr=370088,,2026-09-14T09:00:00,2026-10-14T23:59:00,2026-11-15T23:59:00
370.089,Power transmission and distribution,https://tiss.tuwien.ac.at/course/courseDetails.xhtml?courseNr=370089,,2026-09-14T09:00:00,2027-02-05T00:00:00,2027-02-05T00:00:00
370.090,Servodrives,https://tiss.tuwien.ac.at/course/courseDetails.xhtml?courseNr=370090,,2026-09-14T00:00:00,2026-10-25T00:00:00,2026-10-27T00:00:00
370.091,Operating processes in transmission and distribution networks,https://tiss.tuwien.ac.at/course/courseDetails.xhtml?courseNr=370091,,2026-02-17T13:00:00,2026-03-15T13:00:00,
370.092,Smart grids from power grid perspective,https://tiss.tuwien.ac.at/course/courseDetails.xhtml?courseNr=370092,,2026-02-17T13:00:00,2026-03-15T13:00:00,
370.093,High dynamic control of induction machines,https://tiss.tuwien.ac.at/course/courseDetails.xhtml?courseNr=370093,,2026-10-07T00:00:00,2026-11-10T23:59:00,2026-11-10T23:59:00
370.094,Practice on high dynamic three-phase drives,https://tiss.tuwien.ac.at/course/courseDetails.xhtml?courseNr=370094,,2026-02-09T00:00:00,2026-03-09T23:59:00,2026-03-09T23:59:00
370.095,Seminar on three-phase drives,https://tiss.tuwien.ac.at/course/courseDetails.xhtml?courseNr=370095,,2026-10-07T00:00:00,2026-11-09T23:59:00,2026-11-09T23:59:00
370.097,Power Systems Laboratory,https://tiss.tuwien.ac.at/course/courseDetails.xhtml?courseNr=370097,,2026-09-14T09:00:00,2026-10-01T13:00:00,2026-10-02T11:00:00
370.098,Introduction to Scientific Work and Publishing,https://tiss.tuwien.ac.at/course/courseDetails.xhtml?courseNr=370098,,2026-08-31T00:00:00,2026-10-29T23:59:00,2026-10-29T23:59:00
370.100,Advanced Energy System Optimization,https://tiss.tuwien.ac.at/course/courseDetails.xhtml?courseNr=370100,,2026-01-29T00:00:00,2026-05-01T12:00:00,
370.101,Winter/Summer School on Energy Transition,https://tiss.tuwien.ac.at/course/courseDetails.xhtml?courseNr=370101,,,,
370.102,Supervision of PhD students,https://tiss.tuwien.ac.at/course/courseDetails.xhtml?courseNr=370102,,,,
370.107,Economics of Hydrogen in Energy Transition,https://tiss.tuwien.ac.at/course/courseDetails.xhtml?courseNr=370107,,2026-09-07T00:00:00,,
370.108,Renewable Energy Economics,https://tiss.tuwien.ac.at/course/courseDetails.xhtml?courseNr=370108,,2026-09-14T10:00:00,2026-10-24T10:00:00,
370.110,Bachelor Thesis and Seminar,https://tiss.tuwien.ac.at/course/courseDetails.xhtml?courseNr=370110,,,,
370.111,Large electrical machines,https://tiss.tuwien.ac.at/course/courseDetails.xhtml?courseNr=370111,,2027-02-15T00:00:00,2027-03-29T23:00:00,2027-03-29T23:00:00
371.486,Supervision of PhD students,https://tiss.tuwien.ac.at/course/courseDetails.xhtml?courseNr=371486,,2026-10-07T10:00:00,2026-10-31T14:00:00,
371.497,Selected methods of system theory for power systems,https://tiss.tuwien.ac.at/course/courseDetails.xhtml?courseNr=371497,,2026-10-07T11:00:00,2026-10-31T12:00:00,
371.728,Computer methods for power system calculation,https://tiss.tuwien.ac.at/course/courseDetails.xhtml?courseNr=371728,,2026-03-04T10:00:00,2026-03-25T16:00:00,
371.827,Lightning Protection and Lightning Physics,https://tiss.tuwien.ac.at/course/courseDetails.xhtml?courseNr=371827,,2026-09-08T00:00:00,2026-10-16T23:59:00,2026-10-16T23:59:00
372.023,Simulation of electrical machines and drives,https://tiss.tuwien.ac.at/course/courseDetails.xhtml?courseNr=372023,,2026-09-17T00:00:00,2026-10-30T23:59:00,2026-12-21T00:00:00
372.025,Electrical machines,https://tiss.tuwien.ac.at/course/courseDetails.xhtml?courseNr=372025,,2026-03-01T00:00:00,2026-03-31T23:00:00,
372.028,Numerical analysis of electrical machines and devices,https://tiss.tuwien.ac.at/course/courseDetails.xhtml?courseNr=372028,,2026-10-07T00:00:00,2026-11-06T23:00:00,
372.036,Supervision of Dr.techn. students,https://tiss.tuwien.ac.at/course/courseDetails.xhtml?courseNr=372036,,,,
372.037,Supervision of Dr.techn. students,https://tiss.tuwien.ac.at/course/courseDetails.xhtml?courseNr=372037,,,,
372.045,Supervision of Dr.techn. students,https://tiss.tuwien.ac.at/course/courseDetails.xhtml?courseNr=372045,,,,
372.724,Supervision of Dr.techn. students,https://tiss.tuwien.ac.at/course/courseDetails.xhtml?courseNr=372724,,,,
372.748,Fundamentals in Electrical Engineering for MB and WIMB,https://tiss.tuwien.ac.at/course/courseDetails.xhtml?courseNr=372748,,2026-10-07T00:00:00,2026-11-06T23:00:00,
372.750,Advanced course - Electrical drive engineering,https://tiss.tuwien.ac.at/course/courseDetails.xhtml?courseNr=372750,,2026-09-21T00:00:00,2026-10-31T23:00:00,2026-10-31T23:00:00
373.010,Energy economics,https://tiss.tuwien.ac.at/course/courseDetails.xhtml?courseNr=373010,,2026-08-31T00:00:00,2026-10-29T23:59:00,2026-10-29T23:59:00
373.011,Energy Modelling and Analysis,https://tiss.tuwien.ac.at/course/courseDetails.xhtml?courseNr=373011,https://tuwel.tuwien.ac.at/course/view.php?id=79935,2026-02-01T00:00:00,2026-03-23T23:59:00,
376.008,Seminar for PhD-Students,https://tiss.tuwien.ac.at/course/courseDetails.xhtml?courseNr=376008,,,,
376.009,Supervision of PhD students,https://tiss.tuwien.ac.at/course/courseDetails.xhtml?courseNr=376009,,,,
376.026,Supervision of PhD students,https://tiss.tuwien.ac.at/course/courseDetails.xhtml?courseNr=376026,,,,
376.030,Advanced Methods in Control Theory for PhD-Students,https://tiss.tuwien.ac.at/course/courseDetails.xhtml?courseNr=376030,,,,
376.038,Bachelor Thesis and Seminar,https://tiss.tuwien.ac.at/course/courseDetails.xhtml?courseNr=376038,,,,
376.042,Selected Topics - Automation and Control,https://tiss.tuwien.ac.at/course/courseDetails.xhtml?courseNr=376042,,2026-10-07T00:00:00,2026-12-25T00:00:00,2026-12-25T00:00:00
376.055,Robot Vision: Selected Topics,https://tiss.tuwien.ac.at/course/courseDetails.xhtml?courseNr=376055,,2026-08-31T00:00:00,2026-11-13T23:55:00,
376.056,Robot Vision: Industry and Research,https://tiss.tuwien.ac.at/course/courseDetails.xhtml?courseNr=376056,,,,
376.058,Optimization,https://tiss.tuwien.ac.at/course/courseDetails.xhtml?courseNr=376058,,2026-09-28T00:00:00,2026-11-16T23:59:00,2026-11-16T23:59:00
376.071,Supervision of PhD students,https://tiss.tuwien.ac.at/course/courseDetails.xhtml?courseNr=376071,,,,
376.075,How to Invent a Robot - Product Development from the User Perspective,https://tiss.tuwien.ac.at/course/courseDetails.xhtml?courseNr=376075,,2026-09-28T08:00:00,2026-11-13T07:00:00,2026-11-13T08:00:00
376.076,Doctoral Thesis Seminar,https://tiss.tuwien.ac.at/course/courseDetails.xhtml?courseNr=376076,,,,
376.078,Foundations of Robotics,https://tiss.tuwien.ac.at/course/courseDetails.xhtml?courseNr=376078,,,,
376.079,Control Systems,https://tiss.tuwien.ac.at/course/courseDetails.xhtml?courseNr=376079,,2026-09-11T06:00:00,2026-11-02T06:00:00,
376.080,Control Systems,https://tiss.tuwien.ac.at/course/courseDetails.xhtml?courseNr=376080,,2026-09-21T00:00:00,2026-10-12T00:00:00,
376.081,Machine Vision,https://tiss.tuwien.ac.at/course/courseDetails.xhtml?courseNr=376081,,2026-09-03T00:00:00,2026-10-19T23:59:00,
376.083,Automation and Robotics Project,https://tiss.tuwien.ac.at/course/courseDetails.xhtml?courseNr=376083,,2026-10-05T06:00:00,2026-11-09T23:59:00,2026-10-05T23:59:00
376.085,Nonlinear Dynamic Systems and Control,https://tiss.tuwien.ac.at/course/courseDetails.xhtml?courseNr=376085,,2026-09-21T00:00:00,2026-10-12T00:00:00,
376.090,Robot Vision for Embedded System: Selected Topics,https://tiss.tuwien.ac.at/course/courseDetails.xhtml?courseNr=376090,,2026-08-31T00:00:00,2026-10-04T23:55:00,
376.094,Research seminar for PhD students,https://tiss.tuwien.ac.at/course/courseDetails.xhtml?courseNr=376094,,,,
376.095,Seminar for PhD students,https://tiss.tuwien.ac.at/course/courseDetails.xhtml?courseNr=376095,,,,
376.096,Control Engineering Lab,https://tiss.tuwien.ac.at/course/courseDetails.xhtml?courseNr=376096,,2026-10-20T14:30:00,2026-11-26T23:59:00,2026-12-21T23:59:00
376.097,Supervision of PhD students,https://tiss.tuwien.ac.at/course/courseDetails.xhtml?courseNr=376097,,,,
376.102,Control in Quantum Science Lab,https://tiss.tuwien.ac.at/course/courseDetails.xhtml?courseNr=376102,,,,
376.103,Automation,https://tiss.tuwien.ac.at/course/courseDetails.xhtml?courseNr=376103,,2026-09-21T08:00:00,,
376.105,Advanced Methods in Mathematical Modeling,https://tiss.tuwien.ac.at/course/courseDetails.xhtml?courseNr=376105,,,,
376.106,Advanced Methods in Nonlinear Control,https://tiss.tuwien.ac.at/course/courseDetails.xhtml?courseNr=376106,,,,
382.006,PhD thesis supervision,https://tiss.tuwien.ac.at/course/courseDetails.xhtml?courseNr=382006,,,,
382.012,Research Projects in Advanced Signal Processing,https://tiss.tuwien.ac.at/course/courseDetails.xhtml?courseNr=382012,,,,
383.017,Recent developments in optics,https://tiss.tuwien.ac.at/course/courseDetails.xhtml?courseNr=383017,,2026-10-05T11:30:00,2026-10-22T14:00:00,
383.024,Surface Acoustic Wave Devices and Sensors,https://tiss.tuwien.ac.at/course/courseDetails.xhtml?courseNr=383024,,2026-10-01T08:00:00,2026-12-10T10:00:00,2026-12-10T23:59:00
384.086,Digital Integrated Circuits,https://tiss.tuwien.ac.at/course/courseDetails.xhtml?courseNr=384086,,2026-09-03T12:00:00,2026-10-11T12:00:00,2026-10-11T12:00:00
384.141,Selected Topics - Software Development,https://tiss.tuwien.ac.at/course/courseDetails.xhtml?courseNr=384141,,2026-09-01T08:00:00,2026-12-01T23:59:00,2026-12-01T23:59:00
384.188,Information Technology in Smart Grids,https://tiss.tuwien.ac.at/course/courseDetails.xhtml?courseNr=384188,,2026-09-19T03:34:00,2026-11-04T22:59:00,2026-11-04T22:59:00
387.041,Privatissimum for PhD students,https://tiss.tuwien.ac.at/course/courseDetails.xhtml?courseNr=387041,,,,
387.043,Modern solid-state lasers,https://tiss.tuwien.ac.at/course/courseDetails.xhtml?courseNr=387043,,2026-08-04T11:00:00,2026-11-07T12:00:00,
387.064,Bachelor Thesis and Seminar,https://tiss.tuwien.ac.at/course/courseDetails.xhtml?courseNr=387064,,,,
387.073,Fourier-Optics / Optical Image Processing,https://tiss.tuwien.ac.at/course/courseDetails.xhtml?courseNr=387073,,,,
387.077,Photonics-Vert.,https://tiss.tuwien.ac.at/course/courseDetails.xhtml?courseNr=387077,,2026-10-05T11:30:00,2026-11-30T23:59:00,
387.078,Nano-Photonics,https://tiss.tuwien.ac.at/course/courseDetails.xhtml?courseNr=387078,,2026-10-07T00:00:00,2026-11-19T23:59:00,
387.084,Supervision of PhD students,https://tiss.tuwien.ac.at/course/courseDetails.xhtml?courseNr=387084,,,,
387.087,Photonics 2,https://tiss.tuwien.ac.at/course/courseDetails.xhtml?courseNr=387087,,2026-09-14T23:59:00,2026-10-29T09:40:00,
387.096,Photonics,https://tiss.tuwien.ac.at/course/courseDetails.xhtml?courseNr=387096,,2026-09-14T00:00:00,2026-10-27T23:59:00,2026-10-27T23:59:00
387.098,Zeitkontinuierliche Signale und Systeme,https://tiss.tuwien.ac.at/course/courseDetails.xhtml?courseNr=387098,,2026-09-01T00:05:00,2026-10-31T23:55:00,2026-10-31T23:55:00
389.012,Computer oriented projects,https://tiss.tuwien.ac.at/course/courseDetails.xhtml?courseNr=389012,,,,
389.030,Shortwave Radio Communication,https://tiss.tuwien.ac.at/course/courseDetails.xhtml?courseNr=389030,,,,
389.052,Computer Aided RF Circuit Design,https://tiss.tuwien.ac.at/course/courseDetails.xhtml?courseNr=389052,,,,
389.109,Privatissimum für Dissertanten,https://tiss.tuwien.ac.at/course/courseDetails.xhtml?courseNr=389109,,,,
389.116,Privatissimum für Dissertanten,https://tiss.tuwien.ac.at/course/courseDetails.xhtml?courseNr=389116,,,,
389.139,Bachelor Thesis and Seminar,https://tiss.tuwien.ac.at/course/courseDetails.xhtml?courseNr=389139,,,,
389.142,Selected Topics in Signals and Systems,https://tiss.tuwien.ac.at/course/courseDetails.xhtml?courseNr=389142,,,,
389.156,Wireless Communications 2,https://tiss.tuwien.ac.at/course/courseDetails.xhtml?courseNr=389156,,,,
389.158,Communication Networks 1,https://tiss.tuwien.ac.at/course/courseDetails.xhtml?courseNr=389158,,2026-09-03T00:00:00,2026-12-02T23:59:00,2026-12-02T23:59:00
389.160,Network  Security - Advanced Topics,https://tiss.tuwien.ac.at/course/courseDetails.xhtml?courseNr=389160,,2026-09-04T00:00:00,2026-12-07T23:59:00,2026-12-07T23:59:00
389.162,Source Coding,https://tiss.tuwien.ac.at/course/courseDetails.xhtml?courseNr=389162,,,,
389.166,Signal Processing 1,https://tiss.tuwien.ac.at/course/courseDetails.xhtml?courseNr=389166,,,,
389.168,Advanced Wireless Communications 1,https://tiss.tuwien.ac.at/course/courseDetails.xhtml?courseNr=389168,https://tuwel.tuwien.ac.at/course/view.php?id=31744,,,
389.170,Signal Processing 2,https://tiss.tuwien.ac.at/course/courseDetails.xhtml?courseNr=389170,,2026-09-24T00:00:00,2026-10-09T23:59:00,2026-11-16T23:59:00
389.172,Advanced Wireless Communications 2,https://tiss.tuwien.ac.at/course/courseDetails.xhtml?courseNr=389172,,,,
389.177,Advanced Wireless Communications 3,https://tiss.tuwien.ac.at/course/courseDetails.xhtml?courseNr=389177,,,,
389.179,Special Seminar f. Doctoral Students,https://tiss.tuwien.ac.at/course/courseDetails.xhtml?courseNr=389179,,,,
389.188,Supervision for PhD students,https://tiss.tuwien.ac.at/course/courseDetails.xhtml?courseNr=389188,,,,
389.232,Wave Propagation,https://tiss.tuwien.ac.at/course/courseDetails.xhtml?courseNr=389232,,,,
389.234,Wave propagation,https://tiss.tuwien.ac.at/course/courseDetails.xhtml?courseNr=389234,,,,
389.239,Probabilistic Machine Learning,https://tiss.tuwien.ac.at/course/courseDetails.xhtml?courseNr=389239,,,,
389.240,Statistical Reinforcement Learning,https://tiss.tuwien.ac.at/course/courseDetails.xhtml?courseNr=389240,,2026-09-11T00:00:00,2026-11-14T00:00:00,2026-11-29T00:00:00
389.247,Machine Learning Laboratory,https://tiss.tuwien.ac.at/course/courseDetails.xhtml?courseNr=389247,,2026-10-05T00:00:00,2026-10-12T00:00:00,2026-10-12T00:00:00
